Treatment,Groups,Number,Body weight (mg)
Control,A,1,157
Control,A,2,190
Control,A,3,189
Control,A,4,n/a
Control,A,5,231
Control,A,6,219
Control,A,7,244
Control,A,8,n/a
Control,A,9,205
Control,A,10,n/a
Control,A,11,189
Control,A,12,197
Control,A,13,198
Control,A,14,165
Control,A,15,192
Control,A,16,207
Control,A,17,232
Control,A,18,193
Control,B,1,135
Control,B,2,n/a
Control,B,3,164
Control,B,4,173
Control,B,5,201
Control,B,6,179
Control,B,7,195
Control,B,8,n/a
Control,B,9,199
Control,B,10,n/a
Control,B,11,n/a
Control,B,12,188
Control,B,13,184
Control,B,14,213
Control,B,15,175
Control,B,16,n/a
Control,B,17,205
Control,B,18,180
Control,C,1,143
Control,C,2,165
Control,C,3,192
Control,C,4,179
Control,C,5,n/a
Control,C,6,183
Control,C,7,194
Control,C,8,174
Control,C,9,167
Control,C,10,182
Control,C,11,n/a
Control,C,12,160
Control,C,13,168
Control,C,14,199
Control,C,15,184
Control,C,16,n/a
Control,C,17,179
Control,C,18,184
Control,C,19,185
dsEGFP,A,1,216
dsEGFP,A,2,205
dsEGFP,A,3,n/a
dsEGFP,A,4,154
dsEGFP,A,5,169
dsEGFP,A,6,199
dsEGFP,A,7,n/a
dsEGFP,A,8,209
dsEGFP,A,9,n/a
dsEGFP,A,10,231
dsEGFP,A,11,202
dsEGFP,A,12,193
dsEGFP,A,13,n/a
dsEGFP,A,14,188
dsEGFP,A,15,220
dsEGFP,A,16,213
dsEGFP,A,17,192
dsEGFP,A,18,177
dsEGFP,B,1,169
dsEGFP,B,2,173
dsEGFP,B,3,225
dsEGFP,B,4,232
dsEGFP,B,5,216
dsEGFP,B,6,n/a
dsEGFP,B,7,153
dsEGFP,B,8,190
dsEGFP,B,9,162
dsEGFP,B,10,196
dsEGFP,B,11,201
dsEGFP,B,12,n/a
dsEGFP,B,13,177
dsEGFP,B,14,193
dsEGFP,B,15,n/a
dsEGFP,B,16,182
dsEGFP,B,17,196
dsEGFP,B,18,191
dsEGFP,C,1,169
dsEGFP,C,2,216
dsEGFP,C,3,208
dsEGFP,C,4,175
dsEGFP,C,5,184
dsEGFP,C,6,n/a
dsEGFP,C,7,177
dsEGFP,C,8,162
dsEGFP,C,9,188
dsEGFP,C,10,172
dsEGFP,C,11,n/a
dsEGFP,C,12,161
dsEGFP,C,13,154
dsEGFP,C,14,n/a
dsEGFP,C,15,199
dsEGFP,C,16,173
dsEGFP,C,17,n/a
dsEGFP,C,18,224
dsEGFP,C,19,184
dsSumf1,A,1,178
dsSumf1,A,2,192
dsSumf1,A,3,n/a
dsSumf1,A,4,168
dsSumf1,A,5,225
dsSumf1,A,6,n/a
dsSumf1,A,7,212
dsSumf1,A,8,n/a
dsSumf1,A,9,n/a
dsSumf1,A,10,164
dsSumf1,A,11,n/a
dsSumf1,A,12,171
dsSumf1,A,13,192
dsSumf1,A,14,n/a
dsSumf1,A,15,183
dsSumf1,A,16,n/a
dsSumf1,A,17,n/a
dsSumf1,A,18,206
dsSumf1,B,1,154
dsSumf1,B,2,n/a
dsSumf1,B,3,191
dsSumf1,B,4,214
dsSumf1,B,5,n/a
dsSumf1,B,6,221
dsSumf1,B,7,193
dsSumf1,B,8,n/a
dsSumf1,B,9,153
dsSumf1,B,10,173
dsSumf1,B,11,n/a
dsSumf1,B,12,163
dsSumf1,B,13,n/a
dsSumf1,B,14,n/a
dsSumf1,B,15,158
dsSumf1,B,16,n/a
dsSumf1,B,17,163
dsSumf1,B,18,167
dsSumf1,C,1,169
dsSumf1,C,2,148
dsSumf1,C,3,n/a
dsSumf1,C,4,n/a
dsSumf1,C,5,197
dsSumf1,C,6,182
dsSumf1,C,7,n/a
dsSumf1,C,8,155
dsSumf1,C,9,164
dsSumf1,C,10,n/a
dsSumf1,C,11,n/a
dsSumf1,C,12,178
dsSumf1,C,13,167
dsSumf1,C,14,n/a
dsSumf1,C,15,153
dsSumf1,C,16,172
dsSumf1,C,17,n/a
dsSumf1,C,18,179
dsSumf1,C,19,n/a
0.004%GLS,A,1,n/a
0.004%GLS,A,2,254
0.004%GLS,A,3,n/a
0.004%GLS,A,4,n/a
0.004%GLS,A,5,247
0.004%GLS,A,6,n/a
0.004%GLS,A,7,197
0.004%GLS,A,8,n/a
0.004%GLS,A,9,n/a
0.004%GLS,A,10,n/a
0.004%GLS,A,11,203
0.004%GLS,A,12,n/a
0.004%GLS,A,13,n/a
0.004%GLS,A,14,n/a
0.004%GLS,A,15,237
0.004%GLS,A,16,n/a
0.004%GLS,A,17,n/a
0.004%GLS,A,18,246
0.004%GLS,B,1,248
0.004%GLS,B,2,n/a
0.004%GLS,B,3,223
0.004%GLS,B,4,n/a
0.004%GLS,B,5,n/a
0.004%GLS,B,6,n/a
0.004%GLS,B,7,215
0.004%GLS,B,8,n/a
0.004%GLS,B,9,n/a
0.004%GLS,B,10,n/a
0.004%GLS,B,11,243
0.004%GLS,B,12,n/a
0.004%GLS,B,13,236
0.004%GLS,B,14,n/a
0.004%GLS,B,15,n/a
0.004%GLS,B,16,n/a
0.004%GLS,B,17,n/a
0.004%GLS,B,18,224
0.004%GLS,C,1,212
0.004%GLS,C,2,n/a
0.004%GLS,C,3,n/a
0.004%GLS,C,4,n/a
0.004%GLS,C,5,226
0.004%GLS,C,6,242
0.004%GLS,C,7,n/a
0.004%GLS,C,8,236
0.004%GLS,C,9,n/a
0.004%GLS,C,10,n/a
0.004%GLS,C,11,217
0.004%GLS,C,12,n/a
0.004%GLS,C,13,n/a
0.004%GLS,C,14,n/a
0.004%GLS,C,15,n/a
0.004%GLS,C,16,221
0.004%GLS,C,17,n/a
0.004%GLS,C,18,n/a
0.004%GLS,C,19,227
0.004%GLS+dsEGFP,A,1,249
0.004%GLS+dsEGFP,A,2,n/a
0.004%GLS+dsEGFP,A,3,n/a
0.004%GLS+dsEGFP,A,4,n/a
0.004%GLS+dsEGFP,A,5,215
0.004%GLS+dsEGFP,A,6,n/a
0.004%GLS+dsEGFP,A,7,227
0.004%GLS+dsEGFP,A,8,n/a
0.004%GLS+dsEGFP,A,9,238
0.004%GLS+dsEGFP,A,10,n/a
0.004%GLS+dsEGFP,A,11,249
0.004%GLS+dsEGFP,A,12,n/a
0.004%GLS+dsEGFP,A,13,n/a
0.004%GLS+dsEGFP,A,14,n/a
0.004%GLS+dsEGFP,A,15,244
0.004%GLS+dsEGFP,A,16,n/a
0.004%GLS+dsEGFP,A,17,n/a
0.004%GLS+dsEGFP,A,18,n/a
0.004%GLS+dsEGFP,B,1,n/a
0.004%GLS+dsEGFP,B,2,n/a
0.004%GLS+dsEGFP,B,3,228
0.004%GLS+dsEGFP,B,4,n/a
0.004%GLS+dsEGFP,B,5,n/a
0.004%GLS+dsEGFP,B,6,192
0.004%GLS+dsEGFP,B,7,n/a
0.004%GLS+dsEGFP,B,8,n/a
0.004%GLS+dsEGFP,B,9,n/a
0.004%GLS+dsEGFP,B,10,204
0.004%GLS+dsEGFP,B,11,n/a
0.004%GLS+dsEGFP,B,12,217
0.004%GLS+dsEGFP,B,13,n/a
0.004%GLS+dsEGFP,B,14,246
0.004%GLS+dsEGFP,B,15,n/a
0.004%GLS+dsEGFP,B,16,n/a
0.004%GLS+dsEGFP,B,17,n/a
0.004%GLS+dsEGFP,B,18,220
0.004%GLS+dsEGFP,C,1,192
0.004%GLS+dsEGFP,C,2,n/a
0.004%GLS+dsEGFP,C,3,n/a
0.004%GLS+dsEGFP,C,4,n/a
0.004%GLS+dsEGFP,C,5,182
0.004%GLS+dsEGFP,C,6,216
0.004%GLS+dsEGFP,C,7,n/a
0.004%GLS+dsEGFP,C,8,n/a
0.004%GLS+dsEGFP,C,9,n/a
0.004%GLS+dsEGFP,C,10,232
0.004%GLS+dsEGFP,C,11,228
0.004%GLS+dsEGFP,C,12,n/a
0.004%GLS+dsEGFP,C,13,n/a
0.004%GLS+dsEGFP,C,14,215
0.004%GLS+dsEGFP,C,15,n/a
0.004%GLS+dsEGFP,C,16,203
0.004%GLS+dsEGFP,C,17,n/a
0.004%GLS+dsEGFP,C,18,n/a
0.004%GLS+dsEGFP,C,19,208
0.004%GLS+dsSumf1,A,1,n/a
0.004%GLS+dsSumf1,A,2,n/a
0.004%GLS+dsSumf1,A,3,119
0.004%GLS+dsSumf1,A,4,172
0.004%GLS+dsSumf1,A,5,n/a
0.004%GLS+dsSumf1,A,6,n/a
0.004%GLS+dsSumf1,A,7,137
0.004%GLS+dsSumf1,A,8,n/a
0.004%GLS+dsSumf1,A,9,n/a
0.004%GLS+dsSumf1,A,10,124
0.004%GLS+dsSumf1,A,11,n/a
0.004%GLS+dsSumf1,A,12,n/a
0.004%GLS+dsSumf1,A,13,n/a
0.004%GLS+dsSumf1,A,14,138
0.004%GLS+dsSumf1,A,15,n/a
0.004%GLS+dsSumf1,A,16,n/a
0.004%GLS+dsSumf1,A,17,n/a
0.004%GLS+dsSumf1,A,18,n/a
0.004%GLS+dsSumf1,B,1,n/a
0.004%GLS+dsSumf1,B,2,n/a
0.004%GLS+dsSumf1,B,3,134
0.004%GLS+dsSumf1,B,4,n/a
0.004%GLS+dsSumf1,B,5,n/a
0.004%GLS+dsSumf1,B,6,n/a
0.004%GLS+dsSumf1,B,7,156
0.004%GLS+dsSumf1,B,8,n/a
0.004%GLS+dsSumf1,B,9,n/a
0.004%GLS+dsSumf1,B,10,n/a
0.004%GLS+dsSumf1,B,11,n/a
0.004%GLS+dsSumf1,B,12,n/a
0.004%GLS+dsSumf1,B,13,127
0.004%GLS+dsSumf1,B,14,n/a
0.004%GLS+dsSumf1,B,15,n/a
0.004%GLS+dsSumf1,B,16,n/a
0.004%GLS+dsSumf1,B,17,n/a
0.004%GLS+dsSumf1,B,18,n/a
0.004%GLS+dsSumf1,C,1,136
0.004%GLS+dsSumf1,C,2,n/a
0.004%GLS+dsSumf1,C,3,173
0.004%GLS+dsSumf1,C,4,n/a
0.004%GLS+dsSumf1,C,5,n/a
0.004%GLS+dsSumf1,C,6,n/a
0.004%GLS+dsSumf1,C,7,n/a
0.004%GLS+dsSumf1,C,8,167
0.004%GLS+dsSumf1,C,9,n/a
0.004%GLS+dsSumf1,C,10,154
0.004%GLS+dsSumf1,C,11,n/a
0.004%GLS+dsSumf1,C,12,n/a
0.004%GLS+dsSumf1,C,13,n/a
0.004%GLS+dsSumf1,C,14,n/a
0.004%GLS+dsSumf1,C,15,n/a
0.004%GLS+dsSumf1,C,16,136
0.004%GLS+dsSumf1,C,17,n/a
0.004%GLS+dsSumf1,C,18,n/a
0.004%GLS+dsSumf1,C,19,n/a
0.04%GLS,A,1,207
0.04%GLS,A,2,n/a
0.04%GLS,A,3,236
0.04%GLS,A,4,n/a
0.04%GLS,A,5,n/a
0.04%GLS,A,6,195
0.04%GLS,A,7,n/a
0.04%GLS,A,8,209
0.04%GLS,A,9,n/a
0.04%GLS,A,10,221
0.04%GLS,A,11,n/a
0.04%GLS,A,12,216
0.04%GLS,A,13,n/a
0.04%GLS,A,14,n/a
0.04%GLS,A,15,231
0.04%GLS,A,16,193
0.04%GLS,A,17,n/a
0.04%GLS,A,18,216
0.04%GLS,B,1,n/a
0.04%GLS,B,2,n/a
0.04%GLS,B,3,252
0.04%GLS,B,4,n/a
0.04%GLS,B,5,n/a
0.04%GLS,B,6,n/a
0.04%GLS,B,7,202
0.04%GLS,B,8,218
0.04%GLS,B,9,n/a
0.04%GLS,B,10,194
0.04%GLS,B,11,n/a
0.04%GLS,B,12,n/a
0.04%GLS,B,13,235
0.04%GLS,B,14,219
0.04%GLS,B,15,242
0.04%GLS,B,16,n/a
0.04%GLS,B,17,n/a
0.04%GLS,B,18,228
0.04%GLS,C,1,192
0.04%GLS,C,2,177
0.04%GLS,C,3,n/a
0.04%GLS,C,4,n/a
0.04%GLS,C,5,247
0.04%GLS,C,6,n/a
0.04%GLS,C,7,n/a
0.04%GLS,C,8,n/a
0.04%GLS,C,9,213
0.04%GLS,C,10,234
0.04%GLS,C,11,n/a
0.04%GLS,C,12,n/a
0.04%GLS,C,13,n/a
0.04%GLS,C,14,n/a
0.04%GLS,C,15,216
0.04%GLS,C,16,203
0.04%GLS,C,17,197
0.04%GLS,C,18,n/a
0.04%GLS,C,19,188
0.04%GLS+dsEGFP,A,1,264
0.04%GLS+dsEGFP,A,2,n/a
0.04%GLS+dsEGFP,A,3,n/a
0.04%GLS+dsEGFP,A,4,201
0.04%GLS+dsEGFP,A,5,169
0.04%GLS+dsEGFP,A,6,n/a
0.04%GLS+dsEGFP,A,7,n/a
0.04%GLS+dsEGFP,A,8,231
0.04%GLS+dsEGFP,A,9,n/a
0.04%GLS+dsEGFP,A,10,209
0.04%GLS+dsEGFP,A,11,219
0.04%GLS+dsEGFP,A,12,241
0.04%GLS+dsEGFP,A,13,n/a
0.04%GLS+dsEGFP,A,14,n/a
0.04%GLS+dsEGFP,A,15,n/a
0.04%GLS+dsEGFP,A,16,195
0.04%GLS+dsEGFP,A,17,198
0.04%GLS+dsEGFP,A,18,191
0.04%GLS+dsEGFP,B,1,219
0.04%GLS+dsEGFP,B,2,235
0.04%GLS+dsEGFP,B,3,n/a
0.04%GLS+dsEGFP,B,4,202
0.04%GLS+dsEGFP,B,5,n/a
0.04%GLS+dsEGFP,B,6,n/a
0.04%GLS+dsEGFP,B,7,186
0.04%GLS+dsEGFP,B,8,n/a
0.04%GLS+dsEGFP,B,9,n/a
0.04%GLS+dsEGFP,B,10,196
0.04%GLS+dsEGFP,B,11,n/a
0.04%GLS+dsEGFP,B,12,n/a
0.04%GLS+dsEGFP,B,13,202
0.04%GLS+dsEGFP,B,14,n/a
0.04%GLS+dsEGFP,B,15,n/a
0.04%GLS+dsEGFP,B,16,218
0.04%GLS+dsEGFP,B,17,n/a
0.04%GLS+dsEGFP,B,18,221
0.04%GLS+dsEGFP,C,1,n/a
0.04%GLS+dsEGFP,C,2,n/a
0.04%GLS+dsEGFP,C,3,213
0.04%GLS+dsEGFP,C,4,n/a
0.04%GLS+dsEGFP,C,5,241
0.04%GLS+dsEGFP,C,6,204
0.04%GLS+dsEGFP,C,7,n/a
0.04%GLS+dsEGFP,C,8,n/a
0.04%GLS+dsEGFP,C,9,n/a
0.04%GLS+dsEGFP,C,10,n/a
0.04%GLS+dsEGFP,C,11,195
0.04%GLS+dsEGFP,C,12,209
0.04%GLS+dsEGFP,C,13,n/a
0.04%GLS+dsEGFP,C,14,n/a
0.04%GLS+dsEGFP,C,15,231
0.04%GLS+dsEGFP,C,16,217
0.04%GLS+dsEGFP,C,17,n/a
0.04%GLS+dsEGFP,C,18,n/a
0.04%GLS+dsEGFP,C,19,206
0.04%GLS+dsSumf1,A,1,n/a
0.04%GLS+dsSumf1,A,2,178
0.04%GLS+dsSumf1,A,3,n/a
0.04%GLS+dsSumf1,A,4,n/a
0.04%GLS+dsSumf1,A,5,168
0.04%GLS+dsSumf1,A,6,n/a
0.04%GLS+dsSumf1,A,7,n/a
0.04%GLS+dsSumf1,A,8,n/a
0.04%GLS+dsSumf1,A,9,147
0.04%GLS+dsSumf1,A,10,n/a
0.04%GLS+dsSumf1,A,11,188
0.04%GLS+dsSumf1,A,12,n/a
0.04%GLS+dsSumf1,A,13,145
0.04%GLS+dsSumf1,A,14,n/a
0.04%GLS+dsSumf1,A,15,n/a
0.04%GLS+dsSumf1,A,16,n/a
0.04%GLS+dsSumf1,A,17,n/a
0.04%GLS+dsSumf1,A,18,169
0.04%GLS+dsSumf1,B,1,172
0.04%GLS+dsSumf1,B,2,n/a
0.04%GLS+dsSumf1,B,3,n/a
0.04%GLS+dsSumf1,B,4,152
0.04%GLS+dsSumf1,B,5,n/a
0.04%GLS+dsSumf1,B,6,n/a
0.04%GLS+dsSumf1,B,7,n/a
0.04%GLS+dsSumf1,B,8,n/a
0.04%GLS+dsSumf1,B,9,167
0.04%GLS+dsSumf1,B,10,n/a
0.04%GLS+dsSumf1,B,11,n/a
0.04%GLS+dsSumf1,B,12,n/a
0.04%GLS+dsSumf1,B,13,n/a
0.04%GLS+dsSumf1,B,14,n/a
0.04%GLS+dsSumf1,B,15,171
0.04%GLS+dsSumf1,B,16,n/a
0.04%GLS+dsSumf1,B,17,n/a
0.04%GLS+dsSumf1,B,18,154
0.04%GLS+dsSumf1,C,1,n/a
0.04%GLS+dsSumf1,C,2,n/a
0.04%GLS+dsSumf1,C,3,n/a
0.04%GLS+dsSumf1,C,4,n/a
0.04%GLS+dsSumf1,C,5,165
0.04%GLS+dsSumf1,C,6,n/a
0.04%GLS+dsSumf1,C,7,153
0.04%GLS+dsSumf1,C,8,n/a
0.04%GLS+dsSumf1,C,9,n/a
0.04%GLS+dsSumf1,C,10,177
0.04%GLS+dsSumf1,C,11,n/a
0.04%GLS+dsSumf1,C,12,n/a
0.04%GLS+dsSumf1,C,13,n/a
0.04%GLS+dsSumf1,C,14,149
0.04%GLS+dsSumf1,C,15,n/a
0.04%GLS+dsSumf1,C,16,n/a
0.04%GLS+dsSumf1,C,17,153
0.04%GLS+dsSumf1,C,18,n/a
0.04%GLS+dsSumf1,C,19,154
