Treatment,Groups,Number,Pupa weight (mg)
Control,A,1,n/a
Control,A,2,253
Control,A,3,245
Control,A,4,n/a
Control,A,5,313
Control,A,6,265
Control,A,7,278
Control,A,8,n/a
Control,A,9,n/a
Control,A,10,n/a
Control,A,11,213
Control,A,12,234
Control,A,13,257
Control,A,14,n/a
Control,A,15,n/a
Control,A,16,289
Control,A,17,322
Control,A,18,n/a
Control,B,1,n/a
Control,B,2,n/a
Control,B,3,235
Control,B,4,256
Control,B,5,278
Control,B,6,n/a
Control,B,7,313
Control,B,8,n/a
Control,B,9,289
Control,B,10,n/a
Control,B,11,n/a
Control,B,12,317
Control,B,13,n/a
Control,B,14,326
Control,B,15,n/a
Control,B,16,n/a
Control,B,17,341
Control,B,18,n/a
Control,C,1,n/a
Control,C,2,245
Control,C,3,299
Control,C,4,312
Control,C,5,n/a
Control,C,6,n/a
Control,C,7,321
Control,C,8,289
Control,C,9,248
Control,C,10,314
Control,C,11,n/a
Control,C,12,n/a
Control,C,13,278
Control,C,14,298
Control,C,15,263
Control,C,16,n/a
Control,C,17,254
Control,C,18,n/a
Control,C,19,n/a
dsEGFP,A,1,264
dsEGFP,A,2,288
dsEGFP,A,3,n/a
dsEGFP,A,4,n/a
dsEGFP,A,5,236
dsEGFP,A,6,n/a
dsEGFP,A,7,n/a
dsEGFP,A,8,320
dsEGFP,A,9,n/a
dsEGFP,A,10,347
dsEGFP,A,11,309
dsEGFP,A,12,n/a
dsEGFP,A,13,n/a
dsEGFP,A,14,248
dsEGFP,A,15,n/a
dsEGFP,A,16,298
dsEGFP,A,17,n/a
dsEGFP,A,18,n/a
dsEGFP,B,1,n/a
dsEGFP,B,2,n/a
dsEGFP,B,3,294
dsEGFP,B,4,n/a
dsEGFP,B,5,298
dsEGFP,B,6,n/a
dsEGFP,B,7,n/a
dsEGFP,B,8,252
dsEGFP,B,9,223
dsEGFP,B,10,289
dsEGFP,B,11,328
dsEGFP,B,12,n/a
dsEGFP,B,13,n/a
dsEGFP,B,14,283
dsEGFP,B,15,n/a
dsEGFP,B,16,226
dsEGFP,B,17,284
dsEGFP,B,18,312
dsEGFP,C,1,n/a
dsEGFP,C,2,285
dsEGFP,C,3,264
dsEGFP,C,4,n/a
dsEGFP,C,5,295
dsEGFP,C,6,n/a
dsEGFP,C,7,289
dsEGFP,C,8,n/a
dsEGFP,C,9,280
dsEGFP,C,10,n/a
dsEGFP,C,11,n/a
dsEGFP,C,12,247
dsEGFP,C,13,n/a
dsEGFP,C,14,n/a
dsEGFP,C,15,314
dsEGFP,C,16,225
dsEGFP,C,17,n/a
dsEGFP,C,18,342
dsEGFP,C,19,263
dsSumf1,A,1,n/a
dsSumf1,A,2,n/a
dsSumf1,A,3,n/a
dsSumf1,A,4,n/a
dsSumf1,A,5,317
dsSumf1,A,6,n/a
dsSumf1,A,7,282
dsSumf1,A,8,n/a
dsSumf1,A,9,n/a
dsSumf1,A,10,n/a
dsSumf1,A,11,n/a
dsSumf1,A,12,n/a
dsSumf1,A,13,267
dsSumf1,A,14,n/a
dsSumf1,A,15,n/a
dsSumf1,A,16,n/a
dsSumf1,A,17,n/a
dsSumf1,A,18,278
dsSumf1,B,1,n/a
dsSumf1,B,2,n/a
dsSumf1,B,3,n/a
dsSumf1,B,4,326
dsSumf1,B,5,n/a
dsSumf1,B,6,320
dsSumf1,B,7,n/a
dsSumf1,B,8,n/a
dsSumf1,B,9,n/a
dsSumf1,B,10,263
dsSumf1,B,11,n/a
dsSumf1,B,12,n/a
dsSumf1,B,13,n/a
dsSumf1,B,14,n/a
dsSumf1,B,15,n/a
dsSumf1,B,16,n/a
dsSumf1,B,17,n/a
dsSumf1,B,18,n/a
dsSumf1,C,1,n/a
dsSumf1,C,2,n/a
dsSumf1,C,3,n/a
dsSumf1,C,4,n/a
dsSumf1,C,5,310
dsSumf1,C,6,n/a
dsSumf1,C,7,n/a
dsSumf1,C,8,n/a
dsSumf1,C,9,302
dsSumf1,C,10,n/a
dsSumf1,C,11,n/a
dsSumf1,C,12,262
dsSumf1,C,13,n/a
dsSumf1,C,14,n/a
dsSumf1,C,15,n/a
dsSumf1,C,16,277
dsSumf1,C,17,n/a
dsSumf1,C,18,294
dsSumf1,C,19,n/a
0.004%GLS,A,1,n/a
0.004%GLS,A,2,n/a
0.004%GLS,A,3,n/a
0.004%GLS,A,4,n/a
0.004%GLS,A,5,n/a
0.004%GLS,A,6,n/a
0.004%GLS,A,7,n/a
0.004%GLS,A,8,n/a
0.004%GLS,A,9,n/a
0.004%GLS,A,10,n/a
0.004%GLS,A,11,234
0.004%GLS,A,12,n/a
0.004%GLS,A,13,n/a
0.004%GLS,A,14,n/a
0.004%GLS,A,15,n/a
0.004%GLS,A,16,n/a
0.004%GLS,A,17,n/a
0.004%GLS,A,18,n/a
0.004%GLS,B,1,n/a
0.004%GLS,B,2,n/a
0.004%GLS,B,3,n/a
0.004%GLS,B,4,n/a
0.004%GLS,B,5,n/a
0.004%GLS,B,6,n/a
0.004%GLS,B,7,224
0.004%GLS,B,8,n/a
0.004%GLS,B,9,n/a
0.004%GLS,B,10,n/a
0.004%GLS,B,11,n/a
0.004%GLS,B,12,n/a
0.004%GLS,B,13,n/a
0.004%GLS,B,14,n/a
0.004%GLS,B,15,n/a
0.004%GLS,B,16,n/a
0.004%GLS,B,17,n/a
0.004%GLS,B,18,n/a
0.004%GLS,C,1,224
0.004%GLS,C,2,n/a
0.004%GLS,C,3,n/a
0.004%GLS,C,4,n/a
0.004%GLS,C,5,n/a
0.004%GLS,C,6,n/a
0.004%GLS,C,7,n/a
0.004%GLS,C,8,n/a
0.004%GLS,C,9,n/a
0.004%GLS,C,10,n/a
0.004%GLS,C,11,268
0.004%GLS,C,12,n/a
0.004%GLS,C,13,n/a
0.004%GLS,C,14,n/a
0.004%GLS,C,15,n/a
0.004%GLS,C,16,n/a
0.004%GLS,C,17,n/a
0.004%GLS,C,18,n/a
0.004%GLS,C,19,n/a
0.004%GLS+dsEGFP,A,1,n/a
0.004%GLS+dsEGFP,A,2,n/a
0.004%GLS+dsEGFP,A,3,n/a
0.004%GLS+dsEGFP,A,4,n/a
0.004%GLS+dsEGFP,A,5,228
0.004%GLS+dsEGFP,A,6,n/a
0.004%GLS+dsEGFP,A,7,n/a
0.004%GLS+dsEGFP,A,8,n/a
0.004%GLS+dsEGFP,A,9,n/a
0.004%GLS+dsEGFP,A,10,n/a
0.004%GLS+dsEGFP,A,11,n/a
0.004%GLS+dsEGFP,A,12,n/a
0.004%GLS+dsEGFP,A,13,n/a
0.004%GLS+dsEGFP,A,14,n/a
0.004%GLS+dsEGFP,A,15,n/a
0.004%GLS+dsEGFP,A,16,n/a
0.004%GLS+dsEGFP,A,17,n/a
0.004%GLS+dsEGFP,A,18,n/a
0.004%GLS+dsEGFP,B,1,n/a
0.004%GLS+dsEGFP,B,2,n/a
0.004%GLS+dsEGFP,B,3,n/a
0.004%GLS+dsEGFP,B,4,n/a
0.004%GLS+dsEGFP,B,5,n/a
0.004%GLS+dsEGFP,B,6,n/a
0.004%GLS+dsEGFP,B,7,n/a
0.004%GLS+dsEGFP,B,8,n/a
0.004%GLS+dsEGFP,B,9,n/a
0.004%GLS+dsEGFP,B,10,n/a
0.004%GLS+dsEGFP,B,11,n/a
0.004%GLS+dsEGFP,B,12,235
0.004%GLS+dsEGFP,B,13,n/a
0.004%GLS+dsEGFP,B,14,n/a
0.004%GLS+dsEGFP,B,15,n/a
0.004%GLS+dsEGFP,B,16,n/a
0.004%GLS+dsEGFP,B,17,n/a
0.004%GLS+dsEGFP,B,18,n/a
0.004%GLS+dsEGFP,C,1,n/a
0.004%GLS+dsEGFP,C,2,n/a
0.004%GLS+dsEGFP,C,3,n/a
0.004%GLS+dsEGFP,C,4,n/a
0.004%GLS+dsEGFP,C,5,212
0.004%GLS+dsEGFP,C,6,n/a
0.004%GLS+dsEGFP,C,7,n/a
0.004%GLS+dsEGFP,C,8,n/a
0.004%GLS+dsEGFP,C,9,n/a
0.004%GLS+dsEGFP,C,10,n/a
0.004%GLS+dsEGFP,C,11,n/a
0.004%GLS+dsEGFP,C,12,n/a
0.004%GLS+dsEGFP,C,13,n/a
0.004%GLS+dsEGFP,C,14,228
0.004%GLS+dsEGFP,C,15,n/a
0.004%GLS+dsEGFP,C,16,n/a
0.004%GLS+dsEGFP,C,17,n/a
0.004%GLS+dsEGFP,C,18,n/a
0.004%GLS+dsEGFP,C,19,n/a
0.004%GLS+dsSumf1,A,1,n/a
0.004%GLS+dsSumf1,A,2,n/a
0.004%GLS+dsSumf1,A,3,n/a
0.004%GLS+dsSumf1,A,4,n/a
0.004%GLS+dsSumf1,A,5,n/a
0.004%GLS+dsSumf1,A,6,n/a
0.004%GLS+dsSumf1,A,7,n/a
0.004%GLS+dsSumf1,A,8,n/a
0.004%GLS+dsSumf1,A,9,n/a
0.004%GLS+dsSumf1,A,10,n/a
0.004%GLS+dsSumf1,A,11,n/a
0.004%GLS+dsSumf1,A,12,n/a
0.004%GLS+dsSumf1,A,13,n/a
0.004%GLS+dsSumf1,A,14,190
0.004%GLS+dsSumf1,A,15,n/a
0.004%GLS+dsSumf1,A,16,n/a
0.004%GLS+dsSumf1,A,17,n/a
0.004%GLS+dsSumf1,A,18,n/a
0.004%GLS+dsSumf1,B,1,n/a
0.004%GLS+dsSumf1,B,2,n/a
0.004%GLS+dsSumf1,B,3,n/a
0.004%GLS+dsSumf1,B,4,n/a
0.004%GLS+dsSumf1,B,5,n/a
0.004%GLS+dsSumf1,B,6,n/a
0.004%GLS+dsSumf1,B,7,n/a
0.004%GLS+dsSumf1,B,8,n/a
0.004%GLS+dsSumf1,B,9,n/a
0.004%GLS+dsSumf1,B,10,n/a
0.004%GLS+dsSumf1,B,11,n/a
0.004%GLS+dsSumf1,B,12,n/a
0.004%GLS+dsSumf1,B,13,n/a
0.004%GLS+dsSumf1,B,14,n/a
0.004%GLS+dsSumf1,B,15,n/a
0.004%GLS+dsSumf1,B,16,n/a
0.004%GLS+dsSumf1,B,17,n/a
0.004%GLS+dsSumf1,B,18,n/a
0.004%GLS+dsSumf1,C,1,n/a
0.004%GLS+dsSumf1,C,2,n/a
0.004%GLS+dsSumf1,C,3,n/a
0.004%GLS+dsSumf1,C,4,n/a
0.004%GLS+dsSumf1,C,5,n/a
0.004%GLS+dsSumf1,C,6,n/a
0.004%GLS+dsSumf1,C,7,n/a
0.004%GLS+dsSumf1,C,8,202
0.004%GLS+dsSumf1,C,9,n/a
0.004%GLS+dsSumf1,C,10,n/a
0.004%GLS+dsSumf1,C,11,n/a
0.004%GLS+dsSumf1,C,12,n/a
0.004%GLS+dsSumf1,C,13,n/a
0.004%GLS+dsSumf1,C,14,n/a
0.004%GLS+dsSumf1,C,15,n/a
0.004%GLS+dsSumf1,C,16,n/a
0.004%GLS+dsSumf1,C,17,n/a
0.004%GLS+dsSumf1,C,18,n/a
0.004%GLS+dsSumf1,C,19,n/a
0.04%GLS,A,1,n/a
0.04%GLS,A,2,n/a
0.04%GLS,A,3,286
0.04%GLS,A,4,n/a
0.04%GLS,A,5,n/a
0.04%GLS,A,6,n/a
0.04%GLS,A,7,n/a
0.04%GLS,A,8,n/a
0.04%GLS,A,9,n/a
0.04%GLS,A,10,n/a
0.04%GLS,A,11,n/a
0.04%GLS,A,12,242
0.04%GLS,A,13,n/a
0.04%GLS,A,14,n/a
0.04%GLS,A,15,n/a
0.04%GLS,A,16,n/a
0.04%GLS,A,17,n/a
0.04%GLS,A,18,n/a
0.04%GLS,B,1,n/a
0.04%GLS,B,2,n/a
0.04%GLS,B,3,n/a
0.04%GLS,B,4,n/a
0.04%GLS,B,5,n/a
0.04%GLS,B,6,n/a
0.04%GLS,B,7,n/a
0.04%GLS,B,8,272
0.04%GLS,B,9,n/a
0.04%GLS,B,10,n/a
0.04%GLS,B,11,n/a
0.04%GLS,B,12,n/a
0.04%GLS,B,13,248
0.04%GLS,B,14,n/a
0.04%GLS,B,15,n/a
0.04%GLS,B,16,n/a
0.04%GLS,B,17,n/a
0.04%GLS,B,18,n/a
0.04%GLS,C,1,n/a
0.04%GLS,C,2,n/a
0.04%GLS,C,3,n/a
0.04%GLS,C,4,n/a
0.04%GLS,C,5,n/a
0.04%GLS,C,6,n/a
0.04%GLS,C,7,n/a
0.04%GLS,C,8,n/a
0.04%GLS,C,9,282
0.04%GLS,C,10,n/a
0.04%GLS,C,11,n/a
0.04%GLS,C,12,n/a
0.04%GLS,C,13,n/a
0.04%GLS,C,14,n/a
0.04%GLS,C,15,270
0.04%GLS,C,16,n/a
0.04%GLS,C,17,n/a
0.04%GLS,C,18,n/a
0.04%GLS,C,19,n/a
0.04%GLS+dsEGFP,A,1,n/a
0.04%GLS+dsEGFP,A,2,n/a
0.04%GLS+dsEGFP,A,3,n/a
0.04%GLS+dsEGFP,A,4,n/a
0.04%GLS+dsEGFP,A,5,n/a
0.04%GLS+dsEGFP,A,6,n/a
0.04%GLS+dsEGFP,A,7,n/a
0.04%GLS+dsEGFP,A,8,288
0.04%GLS+dsEGFP,A,9,n/a
0.04%GLS+dsEGFP,A,10,242
0.04%GLS+dsEGFP,A,11,n/a
0.04%GLS+dsEGFP,A,12,n/a
0.04%GLS+dsEGFP,A,13,n/a
0.04%GLS+dsEGFP,A,14,n/a
0.04%GLS+dsEGFP,A,15,n/a
0.04%GLS+dsEGFP,A,16,n/a
0.04%GLS+dsEGFP,A,17,270
0.04%GLS+dsEGFP,A,18,n/a
0.04%GLS+dsEGFP,B,1,n/a
0.04%GLS+dsEGFP,B,2,n/a
0.04%GLS+dsEGFP,B,3,n/a
0.04%GLS+dsEGFP,B,4,284
0.04%GLS+dsEGFP,B,5,n/a
0.04%GLS+dsEGFP,B,6,n/a
0.04%GLS+dsEGFP,B,7,n/a
0.04%GLS+dsEGFP,B,8,n/a
0.04%GLS+dsEGFP,B,9,n/a
0.04%GLS+dsEGFP,B,10,n/a
0.04%GLS+dsEGFP,B,11,n/a
0.04%GLS+dsEGFP,B,12,n/a
0.04%GLS+dsEGFP,B,13,n/a
0.04%GLS+dsEGFP,B,14,n/a
0.04%GLS+dsEGFP,B,15,n/a
0.04%GLS+dsEGFP,B,16,271
0.04%GLS+dsEGFP,B,17,n/a
0.04%GLS+dsEGFP,B,18,n/a
0.04%GLS+dsEGFP,C,1,n/a
0.04%GLS+dsEGFP,C,2,n/a
0.04%GLS+dsEGFP,C,3,n/a
0.04%GLS+dsEGFP,C,4,n/a
0.04%GLS+dsEGFP,C,5,285
0.04%GLS+dsEGFP,C,6,n/a
0.04%GLS+dsEGFP,C,7,n/a
0.04%GLS+dsEGFP,C,8,n/a
0.04%GLS+dsEGFP,C,9,n/a
0.04%GLS+dsEGFP,C,10,n/a
0.04%GLS+dsEGFP,C,11,265
0.04%GLS+dsEGFP,C,12,n/a
0.04%GLS+dsEGFP,C,13,n/a
0.04%GLS+dsEGFP,C,14,n/a
0.04%GLS+dsEGFP,C,15,n/a
0.04%GLS+dsEGFP,C,16,n/a
0.04%GLS+dsEGFP,C,17,n/a
0.04%GLS+dsEGFP,C,18,n/a
0.04%GLS+dsEGFP,C,19,n/a
0.04%GLS+dsSumf1,A,1,n/a
0.04%GLS+dsSumf1,A,2,n/a
0.04%GLS+dsSumf1,A,3,n/a
0.04%GLS+dsSumf1,A,4,n/a
0.04%GLS+dsSumf1,A,5,n/a
0.04%GLS+dsSumf1,A,6,n/a
0.04%GLS+dsSumf1,A,7,n/a
0.04%GLS+dsSumf1,A,8,n/a
0.04%GLS+dsSumf1,A,9,n/a
0.04%GLS+dsSumf1,A,10,n/a
0.04%GLS+dsSumf1,A,11,208
0.04%GLS+dsSumf1,A,12,n/a
0.04%GLS+dsSumf1,A,13,n/a
0.04%GLS+dsSumf1,A,14,n/a
0.04%GLS+dsSumf1,A,15,n/a
0.04%GLS+dsSumf1,A,16,n/a
0.04%GLS+dsSumf1,A,17,n/a
0.04%GLS+dsSumf1,A,18,n/a
0.04%GLS+dsSumf1,B,1,n/a
0.04%GLS+dsSumf1,B,2,n/a
0.04%GLS+dsSumf1,B,3,n/a
0.04%GLS+dsSumf1,B,4,n/a
0.04%GLS+dsSumf1,B,5,n/a
0.04%GLS+dsSumf1,B,6,n/a
0.04%GLS+dsSumf1,B,7,n/a
0.04%GLS+dsSumf1,B,8,n/a
0.04%GLS+dsSumf1,B,9,n/a
0.04%GLS+dsSumf1,B,10,n/a
0.04%GLS+dsSumf1,B,11,n/a
0.04%GLS+dsSumf1,B,12,n/a
0.04%GLS+dsSumf1,B,13,n/a
0.04%GLS+dsSumf1,B,14,n/a
0.04%GLS+dsSumf1,B,15,218
0.04%GLS+dsSumf1,B,16,n/a
0.04%GLS+dsSumf1,B,17,n/a
0.04%GLS+dsSumf1,B,18,n/a
0.04%GLS+dsSumf1,C,1,n/a
0.04%GLS+dsSumf1,C,2,n/a
0.04%GLS+dsSumf1,C,3,n/a
0.04%GLS+dsSumf1,C,4,n/a
0.04%GLS+dsSumf1,C,5,n/a
0.04%GLS+dsSumf1,C,6,n/a
0.04%GLS+dsSumf1,C,7,n/a
0.04%GLS+dsSumf1,C,8,n/a
0.04%GLS+dsSumf1,C,9,n/a
0.04%GLS+dsSumf1,C,10,226
0.04%GLS+dsSumf1,C,11,n/a
0.04%GLS+dsSumf1,C,12,n/a
0.04%GLS+dsSumf1,C,13,n/a
0.04%GLS+dsSumf1,C,14,n/a
0.04%GLS+dsSumf1,C,15,n/a
0.04%GLS+dsSumf1,C,16,n/a
0.04%GLS+dsSumf1,C,17,n/a
0.04%GLS+dsSumf1,C,18,n/a
0.04%GLS+dsSumf1,C,19,n/a
