Test;Test302;;;;;;;;;;;;;;;;;;;;;;;;;;
Mud;MA2;;;;;;;;;;;;;;;;;;;;;;;;;;
Duration;;;;;;;;;;;;;;;;;;;;;;;;;;;
Column;Col1;;;;;;;;;;;;;;;;;;;;;;;;;;
ClimateDataFile;C:\_data\18_005 slibkolom\Proefbeelden kolommen\Run 3\Test302_MA2\Test302_ClimatedataHal3.csv;;;;;;;;;;;;;;;;;;;;;;;;;;
Time Stamp;C:\_projects\18_005_MudConsolidationColumns\Processing\Branch\10SmallColumns\Source\TFS\TFS_Tubes_v1\TFS_Tubes_col1_Test302.ini;;;;;;;;;;;;;;;;;;;;;;;;;;
Timestamp;Timestamp [s];ImageNr;Image1;Image2;Image3;Temperature [°C];Relative Humidity [%];Column1 [px];Column1 Valid;Column2 [px];Column2 Valid;Column3 [px];Column3 Valid;Column4 [px];Column4 Valid;Column5 [px];Column5 Valid;Column6 [px];Column6 Valid;Column7 [px];Column7 Valid;Column8 [px];Column8 Valid;Column9 [px];Column9 Valid;Column10 [px];Column10 Valid
9/06/2020 11:53;0;0;Image20200609-105303_0_65.000.bmp;Image20200609-105303_0_80.000.bmp;Image20200609-105303_0_120.000.bmp;;;;FALSE;;FALSE;;FALSE;;FALSE;;FALSE;;FALSE;;FALSE;;FALSE;;FALSE;;
9/06/2020 12:08;900;1;Image20200609-110803_1_65.000.bmp;Image20200609-110803_1_80.000.bmp;Image20200609-110803_1_120.000.bmp;;;;FALSE;;FALSE;;FALSE;;FALSE;;FALSE;;FALSE;;FALSE;;FALSE;;FALSE;;
9/06/2020 12:23;1800;2;Image20200609-112303_2_65.000.bmp;Image20200609-112303_2_80.000.bmp;Image20200609-112303_2_120.000.bmp;;;;FALSE;947.6344;TRUE;;FALSE;;FALSE;;FALSE;;FALSE;;FALSE;;FALSE;;FALSE;;
9/06/2020 12:38;2700;3;Image20200609-113803_3_65.000.bmp;Image20200609-113803_3_80.000.bmp;Image20200609-113803_3_120.000.bmp;;;;FALSE;961.5358;TRUE;951.7469;TRUE;962.965;TRUE;;FALSE;;FALSE;;FALSE;;FALSE;;FALSE;;
9/06/2020 12:53;3600;4;Image20200609-115303_4_65.000.bmp;Image20200609-115303_4_80.000.bmp;Image20200609-115303_4_120.000.bmp;;;959.1218;TRUE;1000.2919;TRUE;974.4396;TRUE;1007.5334;TRUE;970.1234;TRUE;973.6947;TRUE;;FALSE;;FALSE;;FALSE;;
9/06/2020 13:08;4500;5;Image20200609-120803_5_65.000.bmp;Image20200609-120803_5_80.000.bmp;Image20200609-120803_5_120.000.bmp;;;1001.2516;TRUE;1047.9548;TRUE;1019.4442;TRUE;1055.5905;TRUE;1015.7383;TRUE;1018.8187;TRUE;949.9667;TRUE;950.9741;TRUE;947.2187;TRUE;;
9/06/2020 13:23;5400;6;Image20200609-122303_6_65.000.bmp;Image20200609-122303_6_80.000.bmp;Image20200609-122303_6_120.000.bmp;;;1049.2363;TRUE;1099.0569;TRUE;1068.2407;TRUE;1105.2198;TRUE;1065.3001;TRUE;1066.9517;TRUE;983.53;TRUE;983.7737;TRUE;960.2614;TRUE;;
9/06/2020 13:38;6300;7;Image20200609-123803_7_65.000.bmp;Image20200609-123803_7_80.000.bmp;Image20200609-123803_7_120.000.bmp;;;1099.5472;TRUE;1152.3491;TRUE;1121.1966;TRUE;1156.0276;TRUE;1115.702;TRUE;1117.243;TRUE;1023.2011;TRUE;1026.0747;TRUE;987.0604;TRUE;;
9/06/2020 13:53;7200;8;Image20200609-125303_8_65.000.bmp;Image20200609-125303_8_80.000.bmp;Image20200609-125303_8_120.000.bmp;;;1146.0776;TRUE;1204.3447;TRUE;1175.3929;TRUE;1205.3948;TRUE;1166.3683;TRUE;1167.6538;TRUE;1067.3748;TRUE;1072.4191;TRUE;1034.6342;TRUE;;
9/06/2020 14:08;8100;9;Image20200609-130803_9_65.000.bmp;Image20200609-130803_9_80.000.bmp;Image20200609-130803_9_120.000.bmp;;;1193.0502;TRUE;1249.9382;TRUE;1229.7284;TRUE;1253.3425;TRUE;1216.1632;TRUE;1216.7673;TRUE;1112.9874;TRUE;1121.1267;TRUE;1083.3731;TRUE;;
9/06/2020 14:23;9000;10;Image20200609-132303_10_65.000.bmp;Image20200609-132303_10_80.000.bmp;Image20200609-132303_10_120.000.bmp;;;1235.5996;TRUE;1293.3646;TRUE;1282.4197;TRUE;1299.4675;TRUE;1263.9785;TRUE;1265.2146;TRUE;1158.3865;TRUE;1166.6918;TRUE;1132.7127;TRUE;;
9/06/2020 14:38;9900;11;Image20200609-133803_11_65.000.bmp;Image20200609-133803_11_80.000.bmp;Image20200609-133803_11_120.000.bmp;;;1261.5685;TRUE;1335.6249;TRUE;1317.581;TRUE;1345.1298;TRUE;1310.1726;TRUE;1312.3344;TRUE;1201.4181;TRUE;1210.8102;TRUE;1179.3322;TRUE;;
9/06/2020 14:53;10800;12;Image20200609-135303_12_65.000.bmp;Image20200609-135303_12_80.000.bmp;Image20200609-135303_12_120.000.bmp;;;1297.975;TRUE;1364.4875;TRUE;1358.4627;TRUE;1388.1705;TRUE;1355.4085;TRUE;1358.9667;TRUE;1243.1859;TRUE;1253.2509;TRUE;1223.9601;TRUE;;
9/06/2020 15:08;11700;13;Image20200609-140803_13_65.000.bmp;Image20200609-140803_13_80.000.bmp;Image20200609-140803_13_120.000.bmp;;;1336.4443;TRUE;1394.3564;TRUE;1397.4261;TRUE;1430.2247;TRUE;1399.4516;TRUE;1404.0138;TRUE;1284.3466;TRUE;1294.4683;TRUE;1267.6425;TRUE;;
9/06/2020 15:23;12600;14;Image20200609-142303_14_65.000.bmp;Image20200609-142303_14_80.000.bmp;Image20200609-142303_14_120.000.bmp;;;1377.3149;TRUE;1435.7279;TRUE;1438.3077;TRUE;1472.2881;TRUE;1442.6434;TRUE;1448.4642;TRUE;1323.5285;TRUE;1335.8953;TRUE;1311.1012;TRUE;;
9/06/2020 15:38;13500;15;Image20200609-143803_15_65.000.bmp;Image20200609-143803_15_80.000.bmp;Image20200609-143803_15_120.000.bmp;;;1420.0851;TRUE;1476.0305;TRUE;1478.814;TRUE;1516.0401;TRUE;1474.087;TRUE;1491.3416;TRUE;1361.409;TRUE;1377.3669;TRUE;1355.2899;TRUE;;
9/06/2020 15:53;14400;16;Image20200609-145303_16_65.000.bmp;Image20200609-145303_16_80.000.bmp;Image20200609-145303_16_120.000.bmp;;;1462.9866;TRUE;1514.6566;TRUE;1520.2224;TRUE;1559.6516;TRUE;1500.6569;TRUE;1529.9711;TRUE;1405.3768;TRUE;1414.103;TRUE;1400.7359;TRUE;;
9/06/2020 16:08;15300;17;Image20200609-150803_17_65.000.bmp;Image20200609-150803_17_80.000.bmp;Image20200609-150803_17_120.000.bmp;;;1507.0441;TRUE;1555.2505;TRUE;1562.0068;TRUE;1601.3151;TRUE;1517.1194;TRUE;1564.7846;TRUE;1452.9415;TRUE;1448.9156;TRUE;1403.9508;TRUE;;
9/06/2020 16:23;16200;18;Image20200609-152303_18_65.000.bmp;Image20200609-152303_18_80.000.bmp;Image20200609-152303_18_120.000.bmp;;;1550.9744;TRUE;1594.873;TRUE;1604.0623;TRUE;1636.6401;TRUE;1534.4698;TRUE;1590.6158;TRUE;1490.139;TRUE;1475.1747;TRUE;1437.9867;TRUE;;
9/06/2020 16:38;17100;19;Image20200609-153803_19_65.000.bmp;Image20200609-153803_19_80.000.bmp;Image20200609-153803_19_120.000.bmp;;;1592.8922;TRUE;1630.4777;TRUE;1642.5224;TRUE;1670.9282;TRUE;1551.388;TRUE;1608.756;TRUE;1513.0645;TRUE;1491.4992;TRUE;1452.8834;TRUE;;
9/06/2020 16:53;18000;20;Image20200609-155303_20_65.000.bmp;Image20200609-155303_20_80.000.bmp;Image20200609-155303_20_120.000.bmp;;;1631.3444;TRUE;1658.382;TRUE;1671.1644;TRUE;1696.3282;TRUE;1562.4285;TRUE;1623.7517;TRUE;1528.6967;TRUE;1504.5813;TRUE;1464.9536;TRUE;;
9/06/2020 17:08;18900;21;Image20200609-160803_21_65.000.bmp;Image20200609-160803_21_80.000.bmp;Image20200609-160803_21_120.000.bmp;;;1660.4106;TRUE;1679.1306;TRUE;1692.8358;TRUE;1719.265;TRUE;1572.9351;TRUE;1636.5197;TRUE;1540.8606;TRUE;1522.2981;TRUE;1476.5019;TRUE;;
9/06/2020 17:23;19800;22;Image20200609-162303_22_65.000.bmp;Image20200609-162303_22_80.000.bmp;Image20200609-162303_22_120.000.bmp;;;1682.9297;TRUE;1698.158;TRUE;1711.028;TRUE;1737.0729;TRUE;1584.8899;TRUE;1647.4379;TRUE;1551.7321;TRUE;1534.5352;TRUE;1489.2379;TRUE;;
9/06/2020 17:38;20700;23;Image20200609-163803_23_65.000.bmp;Image20200609-163803_23_80.000.bmp;Image20200609-163803_23_120.000.bmp;;;1701.6063;TRUE;1713.0198;TRUE;1731.1258;TRUE;1749.6497;TRUE;1592.8516;TRUE;1656.735;TRUE;1561.5986;TRUE;1544.1207;TRUE;1498.673;TRUE;;
9/06/2020 17:53;21600;24;Image20200609-165303_24_65.000.bmp;Image20200609-165303_24_80.000.bmp;Image20200609-165303_24_120.000.bmp;;;1718.2314;TRUE;1725.0712;TRUE;1748.9854;TRUE;1760.1067;TRUE;1605.5758;TRUE;1665.8644;TRUE;1570.7626;TRUE;1552.4597;TRUE;1507.5028;TRUE;;
9/06/2020 18:08;22500;25;Image20200609-170803_25_65.000.bmp;Image20200609-170803_25_80.000.bmp;Image20200609-170803_25_120.000.bmp;;;1735.455;TRUE;1735.7725;TRUE;1762.3908;TRUE;1769.464;TRUE;1612.754;TRUE;1674.158;TRUE;1579.2091;TRUE;1560.6673;TRUE;1515.1404;TRUE;;
9/06/2020 18:23;23400;26;Image20200609-172303_26_65.000.bmp;Image20200609-172303_26_80.000.bmp;Image20200609-172303_26_120.000.bmp;;;1751.2932;TRUE;1745.783;TRUE;1773.4244;TRUE;1777.3117;TRUE;1621.4551;TRUE;1681.0458;TRUE;1587.3634;TRUE;1568.0493;TRUE;1522.0671;TRUE;;
9/06/2020 18:38;24300;27;Image20200609-173803_27_65.000.bmp;Image20200609-173803_27_80.000.bmp;Image20200609-173803_27_120.000.bmp;;;1763.8685;TRUE;1754.4731;TRUE;1784.6832;TRUE;1784.5965;TRUE;1628.0044;TRUE;1687.7628;TRUE;1595.0208;TRUE;1574.8498;TRUE;1529.9222;TRUE;;
9/06/2020 18:53;25200;28;Image20200609-175303_28_65.000.bmp;Image20200609-175303_28_80.000.bmp;Image20200609-175303_28_120.000.bmp;;;1773.9095;TRUE;1761.9817;TRUE;1793.3415;TRUE;1791.4703;TRUE;1634.5656;TRUE;1694.0526;TRUE;1602.1948;TRUE;1581.0184;TRUE;1536.7807;TRUE;;
9/06/2020 19:08;26100;29;Image20200609-180803_29_65.000.bmp;Image20200609-180803_29_80.000.bmp;Image20200609-180803_29_120.000.bmp;;;1784.6337;TRUE;1769.34;TRUE;1801.6658;TRUE;1797.8107;TRUE;1639.6465;TRUE;1699.8749;TRUE;1609.1028;TRUE;1586.9377;TRUE;1542.5343;TRUE;;
9/06/2020 19:23;27000;30;Image20200609-182303_30_65.000.bmp;Image20200609-182303_30_80.000.bmp;Image20200609-182303_30_120.000.bmp;;;1793.7242;TRUE;1775.959;TRUE;1810.1858;TRUE;1803.8083;TRUE;1644.5479;TRUE;1705.4377;TRUE;1615.7542;TRUE;1592.6737;TRUE;1549.6969;TRUE;;
9/06/2020 19:38;27900;31;Image20200609-183803_31_65.000.bmp;Image20200609-183803_31_80.000.bmp;Image20200609-183803_31_120.000.bmp;;;1802.423;TRUE;1782.2242;TRUE;1817.5952;TRUE;1809.4799;TRUE;1650.1564;TRUE;1711.1958;TRUE;1622.2966;TRUE;1598.0792;TRUE;1555.5419;TRUE;;
9/06/2020 19:53;28800;32;Image20200609-185303_32_65.000.bmp;Image20200609-185303_32_80.000.bmp;Image20200609-185303_32_120.000.bmp;;;1811.4521;TRUE;1788.3552;TRUE;1825.3726;TRUE;1815.1008;TRUE;1654.9398;TRUE;1716.9624;TRUE;1628.3993;TRUE;1603.3748;TRUE;1561.6498;TRUE;;
9/06/2020 20:08;29700;33;Image20200609-190803_33_65.000.bmp;Image20200609-190803_33_80.000.bmp;Image20200609-190803_33_120.000.bmp;;;1819.5569;TRUE;1793.9802;TRUE;1832.8997;TRUE;1820.2606;TRUE;1659.3646;TRUE;1722.5935;TRUE;1634.1896;TRUE;1608.698;TRUE;1565.9565;TRUE;;
9/06/2020 20:23;30600;34;Image20200609-192303_34_65.000.bmp;Image20200609-192303_34_80.000.bmp;Image20200609-192303_34_120.000.bmp;;;1827.2902;TRUE;1799.6243;TRUE;1839.8882;TRUE;1825.404;TRUE;1663.8325;TRUE;1727.7999;TRUE;1639.7868;TRUE;1613.5334;TRUE;1570.9304;TRUE;;
9/06/2020 20:38;31500;35;Image20200609-193803_35_65.000.bmp;Image20200609-193803_35_80.000.bmp;Image20200609-193803_35_120.000.bmp;;;1834.3498;TRUE;1805.0127;TRUE;1847.0726;TRUE;1830.1854;TRUE;1667.9929;TRUE;1732.7712;TRUE;1645.1821;TRUE;1618.5246;TRUE;1576.0248;TRUE;;
9/06/2020 20:53;32400;36;Image20200609-195303_36_65.000.bmp;Image20200609-195303_36_80.000.bmp;Image20200609-195303_36_120.000.bmp;;;1841.664;TRUE;1810.1457;TRUE;1853.918;TRUE;1834.9146;TRUE;1671.79;TRUE;1737.6755;TRUE;1650.4934;TRUE;1623.1961;TRUE;1580.9554;TRUE;;
9/06/2020 21:08;33300;37;Image20200609-200803_37_65.000.bmp;Image20200609-200803_37_80.000.bmp;Image20200609-200803_37_120.000.bmp;;;1849.3492;TRUE;1815.184;TRUE;1859.8791;TRUE;1839.4315;TRUE;1676.0826;TRUE;1742.3391;TRUE;1655.4854;TRUE;1627.8005;TRUE;1585.7659;TRUE;;
9/06/2020 21:23;34200;38;Image20200609-202303_38_65.000.bmp;Image20200609-202303_38_80.000.bmp;Image20200609-202303_38_120.000.bmp;;;1855.9509;TRUE;1819.9481;TRUE;1866.1097;TRUE;1843.6368;TRUE;1679.9275;TRUE;1746.6966;TRUE;1660.5081;TRUE;1632.2137;TRUE;1589.8494;TRUE;;
9/06/2020 21:38;35100;39;Image20200609-203803_39_65.000.bmp;Image20200609-203803_39_80.000.bmp;Image20200609-203803_39_120.000.bmp;;;1861.8835;TRUE;1824.8007;TRUE;1872.0153;TRUE;1847.9117;TRUE;1683.7068;TRUE;1751.0714;TRUE;1665.1153;TRUE;1636.6044;TRUE;1595.1309;TRUE;;
9/06/2020 21:53;36000;40;Image20200609-205303_40_65.000.bmp;Image20200609-205303_40_80.000.bmp;Image20200609-205303_40_120.000.bmp;;;1867.5822;TRUE;1829.2773;TRUE;1878.0898;TRUE;1851.9547;TRUE;1687.5059;TRUE;1755.2502;TRUE;1669.6204;TRUE;1640.7809;TRUE;1598.6344;TRUE;;
9/06/2020 22:08;36900;41;Image20200609-210803_41_65.000.bmp;Image20200609-210803_41_80.000.bmp;Image20200609-210803_41_120.000.bmp;;;1872.6085;TRUE;1833.5779;TRUE;1883.5121;TRUE;1855.969;TRUE;1691.5425;TRUE;1759.3403;TRUE;1673.8909;TRUE;1644.8588;TRUE;1601.9512;TRUE;;
9/06/2020 22:23;37800;42;Image20200609-212303_42_65.000.bmp;Image20200609-212303_42_80.000.bmp;Image20200609-212303_42_120.000.bmp;;;1877.4045;TRUE;1837.8288;TRUE;1888.4979;TRUE;1859.7535;TRUE;1695.1143;TRUE;1763.3546;TRUE;1678.1536;TRUE;1648.776;TRUE;1605.7742;TRUE;;
9/06/2020 22:38;38700;43;Image20200609-213803_43_65.000.bmp;Image20200609-213803_43_80.000.bmp;Image20200609-213803_43_120.000.bmp;;;1881.8881;TRUE;1841.7914;TRUE;1893.0605;TRUE;1863.5324;TRUE;1698.5916;TRUE;1767.3957;TRUE;1682.2744;TRUE;1652.6207;TRUE;1610.1226;TRUE;;
9/06/2020 22:53;39600;44;Image20200609-215303_44_65.000.bmp;Image20200609-215303_44_80.000.bmp;Image20200609-215303_44_120.000.bmp;;;1886.0695;TRUE;1845.8716;TRUE;1897.0217;TRUE;1867.0166;TRUE;1702.1781;TRUE;1771.0651;TRUE;1686.087;TRUE;1656.3508;TRUE;1613.2921;TRUE;;
9/06/2020 23:08;40500;45;Image20200609-220803_45_65.000.bmp;Image20200609-220803_45_80.000.bmp;Image20200609-220803_45_120.000.bmp;;;1890.2017;TRUE;1849.7178;TRUE;1901.9085;TRUE;1870.6372;TRUE;1705.7762;TRUE;1774.739;TRUE;1690.006;TRUE;1659.9228;TRUE;1616.9567;TRUE;;
9/06/2020 23:23;41400;46;Image20200609-222303_46_65.000.bmp;Image20200609-222303_46_80.000.bmp;Image20200609-222303_46_120.000.bmp;;;1894.1118;TRUE;1853.4769;TRUE;1905.8546;TRUE;1874.0212;TRUE;1709.3406;TRUE;1778.1626;TRUE;1693.78;TRUE;1663.4863;TRUE;1619.9834;TRUE;;
9/06/2020 23:38;42300;47;Image20200609-223803_47_65.000.bmp;Image20200609-223803_47_80.000.bmp;Image20200609-223803_47_120.000.bmp;;;1897.5724;TRUE;1857.1145;TRUE;1909.4847;TRUE;1877.4113;TRUE;1712.5457;TRUE;1781.3959;TRUE;1697.4039;TRUE;1667.1041;TRUE;1623.7863;TRUE;;
9/06/2020 23:53;43200;48;Image20200609-225303_48_65.000.bmp;Image20200609-225303_48_80.000.bmp;Image20200609-225303_48_120.000.bmp;;;1900.7363;TRUE;1860.6454;TRUE;1913.0981;TRUE;1880.6562;TRUE;1716.0161;TRUE;1784.7014;TRUE;1701.1515;TRUE;1670.428;TRUE;1627.7696;TRUE;;
10/06/2020 0:08;44100;49;Image20200609-230803_49_65.000.bmp;Image20200609-230803_49_80.000.bmp;Image20200609-230803_49_120.000.bmp;;;1904.0089;TRUE;1864.0699;TRUE;1916.6193;TRUE;1883.8608;TRUE;1719.3759;TRUE;1788.042;TRUE;1704.9069;TRUE;1673.6893;TRUE;1631.1729;TRUE;;
10/06/2020 0:23;45000;50;Image20200609-232303_50_65.000.bmp;Image20200609-232303_50_80.000.bmp;Image20200609-232303_50_120.000.bmp;;;1906.938;TRUE;1867.2798;TRUE;1920.2083;TRUE;1887.0878;TRUE;1722.6251;TRUE;1791.0069;TRUE;1708.3892;TRUE;1677.0671;TRUE;1634.3413;TRUE;;
10/06/2020 0:38;45900;51;Image20200609-233803_51_65.000.bmp;Image20200609-233803_51_80.000.bmp;Image20200609-233803_51_120.000.bmp;;;1910.4435;TRUE;1870.5402;TRUE;1923.2576;TRUE;1890.077;TRUE;1725.9387;TRUE;1794.1505;TRUE;1711.7885;TRUE;1680.1954;TRUE;1637.4164;TRUE;;
10/06/2020 0:53;46800;52;Image20200609-235303_52_65.000.bmp;Image20200609-235303_52_80.000.bmp;Image20200609-235303_52_120.000.bmp;;;1913.6726;TRUE;1873.591;TRUE;1926.6901;TRUE;1893.1104;TRUE;1729.393;TRUE;1796.9769;TRUE;1715.1121;TRUE;1683.3373;TRUE;1641.2062;TRUE;;
10/06/2020 1:08;47700;53;Image20200610-000803_53_65.000.bmp;Image20200610-000803_53_80.000.bmp;Image20200610-000803_53_120.000.bmp;;;1916.1382;TRUE;1876.66;TRUE;1929.4099;TRUE;1895.8757;TRUE;1732.4056;TRUE;1799.9294;TRUE;1718.4658;TRUE;1686.5344;TRUE;1644.535;TRUE;;
10/06/2020 1:23;48600;54;Image20200610-002303_54_65.000.bmp;Image20200610-002303_54_80.000.bmp;Image20200610-002303_54_120.000.bmp;;;1918.8148;TRUE;1879.6596;TRUE;1932.7211;TRUE;1898.6013;TRUE;1735.6075;TRUE;1802.5473;TRUE;1721.633;TRUE;1689.4827;TRUE;1647.482;TRUE;;
10/06/2020 1:38;49500;55;Image20200610-003803_55_65.000.bmp;Image20200610-003803_55_80.000.bmp;Image20200610-003803_55_120.000.bmp;;;1921.6474;TRUE;1882.5025;TRUE;1935.7917;TRUE;1901.285;TRUE;1738.7072;TRUE;1805.0936;TRUE;1724.8454;TRUE;1692.5358;TRUE;1650.4751;TRUE;;
10/06/2020 1:53;50400;56;Image20200610-005303_56_65.000.bmp;Image20200610-005303_56_80.000.bmp;Image20200610-005303_56_120.000.bmp;;;1924.1899;TRUE;1885.3375;TRUE;1938.8301;TRUE;1903.6311;TRUE;1741.6692;TRUE;1807.5121;TRUE;1728.0252;TRUE;1695.4255;TRUE;1653.2434;TRUE;;
10/06/2020 2:08;51300;57;Image20200610-010803_57_65.000.bmp;Image20200610-010803_57_80.000.bmp;Image20200610-010803_57_120.000.bmp;;;1926.7856;TRUE;1888.0531;TRUE;1941.4509;TRUE;1906.0675;TRUE;1744.5914;TRUE;1810.1785;TRUE;1731.0374;TRUE;1698.2737;TRUE;1656.5328;TRUE;;
10/06/2020 2:23;52200;58;Image20200610-012303_58_65.000.bmp;Image20200610-012303_58_80.000.bmp;Image20200610-012303_58_120.000.bmp;;;1929.5089;TRUE;1890.7463;TRUE;1944.2741;TRUE;1908.2134;TRUE;1747.4182;TRUE;1812.6729;TRUE;1734.0046;TRUE;1701.0587;TRUE;1659.4179;TRUE;;
10/06/2020 2:38;53100;59;Image20200610-013803_59_65.000.bmp;Image20200610-013803_59_80.000.bmp;Image20200610-013803_59_120.000.bmp;;;1931.8843;TRUE;1893.2952;TRUE;1946.8582;TRUE;1910.3856;TRUE;1750.1942;TRUE;1814.9871;TRUE;1736.9709;TRUE;1703.7634;TRUE;1662.2802;TRUE;;
10/06/2020 2:53;54000;60;Image20200610-015303_60_65.000.bmp;Image20200610-015303_60_80.000.bmp;Image20200610-015303_60_120.000.bmp;;;1934.4666;TRUE;1895.9548;TRUE;1949.4967;TRUE;1912.4376;TRUE;1752.8986;TRUE;1817.5377;TRUE;1739.8607;TRUE;1706.5568;TRUE;1665.2762;TRUE;;
10/06/2020 3:08;54900;61;Image20200610-020803_61_65.000.bmp;Image20200610-020803_61_80.000.bmp;Image20200610-020803_61_120.000.bmp;;;1936.8694;TRUE;1898.5117;TRUE;1952.1367;TRUE;1914.4373;TRUE;1755.6116;TRUE;1820.0001;TRUE;1742.8122;TRUE;1709.0937;TRUE;1668.3047;TRUE;;
10/06/2020 3:23;55800;62;Image20200610-022303_62_65.000.bmp;Image20200610-022303_62_80.000.bmp;Image20200610-022303_62_120.000.bmp;;;1939.0876;TRUE;1900.9435;TRUE;1954.6252;TRUE;1916.3416;TRUE;1758.0273;TRUE;1822.3922;TRUE;1745.4971;TRUE;1711.7082;TRUE;1670.4799;TRUE;;
10/06/2020 3:38;56700;63;Image20200610-023803_63_65.000.bmp;Image20200610-023803_63_80.000.bmp;Image20200610-023803_63_120.000.bmp;;;1941.4892;TRUE;1903.2747;TRUE;1956.8337;TRUE;1918.2902;TRUE;1760.7114;TRUE;1824.6533;TRUE;1748.3749;TRUE;1714.3586;TRUE;1673.5665;TRUE;;
10/06/2020 3:53;57600;64;Image20200610-025303_64_65.000.bmp;Image20200610-025303_64_80.000.bmp;Image20200610-025303_64_120.000.bmp;;;1943.7568;TRUE;1905.8309;TRUE;1959.3451;TRUE;1920.056;TRUE;1763.4205;TRUE;1827.1686;TRUE;1750.9979;TRUE;1716.9177;TRUE;1676.7804;TRUE;;
10/06/2020 4:08;58500;65;Image20200610-030803_65_65.000.bmp;Image20200610-030803_65_80.000.bmp;Image20200610-030803_65_120.000.bmp;;;1945.9979;TRUE;1908.033;TRUE;1961.5735;TRUE;1921.8532;TRUE;1765.7433;TRUE;1829.6269;TRUE;1753.7386;TRUE;1719.2963;TRUE;1678.7514;TRUE;;
10/06/2020 4:23;59400;66;Image20200610-032303_66_65.000.bmp;Image20200610-032303_66_80.000.bmp;Image20200610-032303_66_120.000.bmp;;;1948.0927;TRUE;1910.2691;TRUE;1963.8481;TRUE;1923.701;TRUE;1768.194;TRUE;1832.0151;TRUE;1756.382;TRUE;1721.671;TRUE;1681.6917;TRUE;;
10/06/2020 4:38;60300;67;Image20200610-033803_67_65.000.bmp;Image20200610-033803_67_80.000.bmp;Image20200610-033803_67_120.000.bmp;;;1950.3627;TRUE;1912.6365;TRUE;1965.9;TRUE;1925.5341;TRUE;1770.5558;TRUE;1834.3742;TRUE;1758.879;TRUE;1724.1014;TRUE;1684.113;TRUE;;
10/06/2020 4:53;61200;68;Image20200610-035303_68_65.000.bmp;Image20200610-035303_68_80.000.bmp;Image20200610-035303_68_120.000.bmp;;;1952.3107;TRUE;1914.7153;TRUE;1968.1042;TRUE;1927.2405;TRUE;1772.7384;TRUE;1836.6083;TRUE;1761.45;TRUE;1726.43;TRUE;1686.4785;TRUE;;
10/06/2020 5:08;62100;69;Image20200610-040803_69_65.000.bmp;Image20200610-040803_69_80.000.bmp;Image20200610-040803_69_120.000.bmp;;;1954.5886;TRUE;1916.8687;TRUE;1970.3117;TRUE;1928.9674;TRUE;1775.5899;TRUE;1838.882;TRUE;1764.0332;TRUE;1728.889;TRUE;1689.1697;TRUE;;
10/06/2020 5:23;63000;70;Image20200610-042303_70_65.000.bmp;Image20200610-042303_70_80.000.bmp;Image20200610-042303_70_120.000.bmp;;;1956.642;TRUE;1918.9608;TRUE;1972.5979;TRUE;1930.5867;TRUE;1777.7681;TRUE;1841.1348;TRUE;1766.4319;TRUE;1731.0851;TRUE;1691.5728;TRUE;;
10/06/2020 5:38;63900;71;Image20200610-043803_71_65.000.bmp;Image20200610-043803_71_80.000.bmp;Image20200610-043803_71_120.000.bmp;;;1958.5683;TRUE;1921.2289;TRUE;1974.4946;TRUE;1932.1301;TRUE;1780.0371;TRUE;1843.3265;TRUE;1768.9712;TRUE;1733.3063;TRUE;1693.9695;TRUE;;
10/06/2020 5:53;64800;72;Image20200610-045303_72_65.000.bmp;Image20200610-045303_72_80.000.bmp;Image20200610-045303_72_120.000.bmp;;;1960.5038;TRUE;1923.1624;TRUE;1976.489;TRUE;1933.6846;TRUE;1782.2959;TRUE;1845.3101;TRUE;1771.3522;TRUE;1735.4331;TRUE;1696.4645;TRUE;;
10/06/2020 6:08;65700;73;Image20200610-050803_73_65.000.bmp;Image20200610-050803_73_80.000.bmp;Image20200610-050803_73_120.000.bmp;;;1962.5018;TRUE;1925.2926;TRUE;1978.5703;TRUE;1935.4517;TRUE;1784.4005;TRUE;1847.2836;TRUE;1773.7095;TRUE;1737.6839;TRUE;1698.5764;TRUE;;
10/06/2020 6:23;66600;74;Image20200610-052303_74_65.000.bmp;Image20200610-052303_74_80.000.bmp;Image20200610-052303_74_120.000.bmp;;;1964.6726;TRUE;1927.3792;TRUE;1980.5526;TRUE;1936.9324;TRUE;1786.7183;TRUE;1849.2675;TRUE;1776.1155;TRUE;1739.7469;TRUE;1700.9279;TRUE;;
10/06/2020 6:38;67500;75;Image20200610-053803_75_65.000.bmp;Image20200610-053803_75_80.000.bmp;Image20200610-053803_75_120.000.bmp;;;1966.4272;TRUE;1929.1598;TRUE;1982.5191;TRUE;1938.3909;TRUE;1789.0446;TRUE;1851.242;TRUE;1778.54;TRUE;1741.8295;TRUE;1703.3661;TRUE;;
10/06/2020 6:53;68400;76;Image20200610-055303_76_65.000.bmp;Image20200610-055303_76_80.000.bmp;Image20200610-055303_76_120.000.bmp;;;1968.4265;TRUE;1931.1838;TRUE;1984.3972;TRUE;1940.0284;TRUE;1791.0857;TRUE;1853.2153;TRUE;1780.6483;TRUE;1743.9029;TRUE;1705.5673;TRUE;;
10/06/2020 7:08;69300;77;Image20200610-060803_77_65.000.bmp;Image20200610-060803_77_80.000.bmp;Image20200610-060803_77_120.000.bmp;;;1970.3611;TRUE;1933.1871;TRUE;1986.2524;TRUE;1941.6157;TRUE;1793.3351;TRUE;1855.2252;TRUE;1782.8383;TRUE;1745.9531;TRUE;1707.8106;TRUE;;
10/06/2020 7:23;70200;78;Image20200610-062303_78_65.000.bmp;Image20200610-062303_78_80.000.bmp;Image20200610-062303_78_120.000.bmp;;;1972.3366;TRUE;1934.9855;TRUE;1988.225;TRUE;1943.0423;TRUE;1795.6064;TRUE;1857.2614;TRUE;1785.1348;TRUE;1748.0553;TRUE;1710.0602;TRUE;;
10/06/2020 7:38;71100;79;Image20200610-063803_79_65.000.bmp;Image20200610-063803_79_80.000.bmp;Image20200610-063803_79_120.000.bmp;;;1974.0851;TRUE;1936.9732;TRUE;1990.0889;TRUE;1944.6007;TRUE;1797.5937;TRUE;1859.2492;TRUE;1787.3015;TRUE;1750.0211;TRUE;1712.2595;TRUE;;
10/06/2020 7:53;72000;80;Image20200610-065303_80_65.000.bmp;Image20200610-065303_80_80.000.bmp;Image20200610-065303_80_120.000.bmp;;;1975.9295;TRUE;1938.7925;TRUE;1991.4235;TRUE;1946.1577;TRUE;1799.7302;TRUE;1861.2397;TRUE;1789.5077;TRUE;1752.0779;TRUE;1714.3354;TRUE;;
10/06/2020 8:08;72900;81;Image20200610-070803_81_65.000.bmp;Image20200610-070803_81_80.000.bmp;Image20200610-070803_81_120.000.bmp;;;1977.729;TRUE;1940.8246;TRUE;1992.8435;TRUE;1947.5519;TRUE;1801.7711;TRUE;1863.1473;TRUE;1791.428;TRUE;1754.0292;TRUE;1716.4192;TRUE;;
10/06/2020 8:23;73800;82;Image20200610-072303_82_65.000.bmp;Image20200610-072303_82_80.000.bmp;Image20200610-072303_82_120.000.bmp;;;1979.4159;TRUE;1942.5933;TRUE;1994.9843;TRUE;1948.9886;TRUE;1803.7238;TRUE;1865.0245;TRUE;1793.1945;TRUE;1755.9535;TRUE;1718.5006;TRUE;;
10/06/2020 8:38;74700;83;Image20200610-073803_83_65.000.bmp;Image20200610-073803_83_80.000.bmp;Image20200610-073803_83_120.000.bmp;;;1980.9474;TRUE;1944.4718;TRUE;1996.9672;TRUE;1950.5067;TRUE;1805.8599;TRUE;1866.9417;TRUE;1794.9515;TRUE;1757.9555;TRUE;1720.5654;TRUE;;
10/06/2020 8:53;75600;84;Image20200610-075303_84_65.000.bmp;Image20200610-075303_84_80.000.bmp;Image20200610-075303_84_120.000.bmp;;;1982.8319;TRUE;1946.2067;TRUE;1998.7693;TRUE;1951.8102;TRUE;1807.7615;TRUE;1868.7695;TRUE;1796.6934;TRUE;1759.8914;TRUE;1722.6095;TRUE;;
10/06/2020 9:08;76500;85;Image20200610-080803_85_65.000.bmp;Image20200610-080803_85_80.000.bmp;Image20200610-080803_85_120.000.bmp;;;1984.5485;TRUE;1948.0363;TRUE;2000.4836;TRUE;1953.2885;TRUE;1809.7041;TRUE;1870.5819;TRUE;1798.4019;TRUE;1761.7444;TRUE;1724.5692;TRUE;;
10/06/2020 9:23;77400;86;Image20200610-082303_86_65.000.bmp;Image20200610-082303_86_80.000.bmp;Image20200610-082303_86_120.000.bmp;;;1986.2468;TRUE;1949.5403;TRUE;2002.446;TRUE;1954.6874;TRUE;1811.7864;TRUE;1872.3887;TRUE;1800.0776;TRUE;1763.652;TRUE;1726.62;TRUE;;
10/06/2020 9:38;78300;87;Image20200610-083803_87_65.000.bmp;Image20200610-083803_87_80.000.bmp;Image20200610-083803_87_120.000.bmp;;;1987.9114;TRUE;1951.3636;TRUE;2003.6771;TRUE;1956.0278;TRUE;1813.7532;TRUE;1874.0491;TRUE;1801.7896;TRUE;1765.4649;TRUE;1728.4939;TRUE;;
10/06/2020 9:53;79200;88;Image20200610-085303_88_65.000.bmp;Image20200610-085303_88_80.000.bmp;Image20200610-085303_88_120.000.bmp;;;1989.4602;TRUE;1953.2096;TRUE;2005.2904;TRUE;1957.4121;TRUE;1815.4396;TRUE;1875.9055;TRUE;1803.3265;TRUE;1767.2703;TRUE;1730.567;TRUE;;
10/06/2020 10:08;80100;89;Image20200610-090803_89_65.000.bmp;Image20200610-090803_89_80.000.bmp;Image20200610-090803_89_120.000.bmp;;;1990.9293;TRUE;1954.6667;TRUE;2006.7714;TRUE;1958.746;TRUE;1817.3488;TRUE;1877.7025;TRUE;1804.9697;TRUE;1769.2176;TRUE;1732.4384;TRUE;;
10/06/2020 10:23;81000;90;Image20200610-092303_90_65.000.bmp;Image20200610-092303_90_80.000.bmp;Image20200610-092303_90_120.000.bmp;;;1992.5648;TRUE;1956.295;TRUE;2008.6901;TRUE;1959.935;TRUE;1819.1044;TRUE;1879.3254;TRUE;1806.5511;TRUE;1770.9868;TRUE;1734.272;TRUE;;
10/06/2020 10:38;81900;91;Image20200610-093803_91_65.000.bmp;Image20200610-093803_91_80.000.bmp;Image20200610-093803_91_120.000.bmp;;;1994.3055;TRUE;1958.0679;TRUE;2010.6671;TRUE;1961.3871;TRUE;1820.8784;TRUE;1881.0748;TRUE;1808.229;TRUE;1772.8307;TRUE;1736.2962;TRUE;;
10/06/2020 10:53;82800;92;Image20200610-095303_92_65.000.bmp;Image20200610-095303_92_80.000.bmp;Image20200610-095303_92_120.000.bmp;;;1995.7943;TRUE;1959.6927;TRUE;2011.8001;TRUE;1962.7905;TRUE;1822.6191;TRUE;1882.7659;TRUE;1809.8351;TRUE;1774.726;TRUE;1738.2263;TRUE;;
10/06/2020 11:08;83700;93;Image20200610-100803_93_65.000.bmp;Image20200610-100803_93_80.000.bmp;Image20200610-100803_93_120.000.bmp;;;1997.4259;TRUE;1961.2581;TRUE;2013.3303;TRUE;1963.9315;TRUE;1824.574;TRUE;1884.5344;TRUE;1811.4001;TRUE;1776.531;TRUE;1740.0856;TRUE;;
10/06/2020 11:23;84600;94;Image20200610-102303_94_65.000.bmp;Image20200610-102303_94_80.000.bmp;Image20200610-102303_94_120.000.bmp;;;1998.8054;TRUE;1962.8534;TRUE;2014.9351;TRUE;1965.4039;TRUE;1826.2666;TRUE;1886.2958;TRUE;1813.0498;TRUE;1778.3237;TRUE;1741.8394;TRUE;;
10/06/2020 11:38;85500;95;Image20200610-103803_95_65.000.bmp;Image20200610-103803_95_80.000.bmp;Image20200610-103803_95_120.000.bmp;;;2000.5024;TRUE;1964.3655;TRUE;2016.5607;TRUE;1966.7447;TRUE;1827.9686;TRUE;1887.8348;TRUE;1814.6821;TRUE;1780.2371;TRUE;1743.7637;TRUE;;
10/06/2020 12:08;87300;96;Image20200610-110803_96_65.000.bmp;Image20200610-110803_96_80.000.bmp;Image20200610-110803_96_120.000.bmp;;;2003.3921;TRUE;1967.4017;TRUE;2019.1262;TRUE;1969.2006;TRUE;1831.4887;TRUE;1891.0071;TRUE;1817.8312;TRUE;1783.7513;TRUE;1747.2629;TRUE;;
10/06/2020 12:38;89100;97;Image20200610-113803_97_65.000.bmp;Image20200610-113803_97_80.000.bmp;Image20200610-113803_97_120.000.bmp;;;2006.2686;TRUE;1970.6989;TRUE;2022.2851;TRUE;1971.5961;TRUE;1834.9193;TRUE;1894.3291;TRUE;1820.8914;TRUE;1787.4036;TRUE;1750.7521;TRUE;;
10/06/2020 13:08;90900;98;Image20200610-120803_98_65.000.bmp;Image20200610-120803_98_80.000.bmp;Image20200610-120803_98_120.000.bmp;;;2008.9304;TRUE;1973.4359;TRUE;2025.0235;TRUE;1974.1962;TRUE;1838.2549;TRUE;1897.411;TRUE;1823.8939;TRUE;1790.9227;TRUE;1754.2129;TRUE;;
10/06/2020 13:38;92700;99;Image20200610-123803_99_65.000.bmp;Image20200610-123803_99_80.000.bmp;Image20200610-123803_99_120.000.bmp;;;2012.0057;TRUE;1976.722;TRUE;2028.4792;TRUE;1976.7798;TRUE;1841.6013;TRUE;1900.4736;TRUE;1826.8867;TRUE;1794.5106;TRUE;1757.4902;TRUE;;
10/06/2020 14:08;94500;100;Image20200610-130803_100_65.000.bmp;Image20200610-130803_100_80.000.bmp;Image20200610-130803_100_120.000.bmp;;;2014.6252;TRUE;1979.2393;TRUE;2030.9947;TRUE;1979.1776;TRUE;1845.0212;TRUE;1903.679;TRUE;1829.8726;TRUE;1797.976;TRUE;1760.8854;TRUE;;
10/06/2020 14:38;96300;101;Image20200610-133803_101_65.000.bmp;Image20200610-133803_101_80.000.bmp;Image20200610-133803_101_120.000.bmp;;;2017.2916;TRUE;1982.2759;TRUE;2033.365;TRUE;1981.5919;TRUE;1848.2484;TRUE;1906.7059;TRUE;1832.7668;TRUE;1801.4264;TRUE;1763.9514;TRUE;;
10/06/2020 15:08;98100;102;Image20200610-140803_102_65.000.bmp;Image20200610-140803_102_80.000.bmp;Image20200610-140803_102_120.000.bmp;;;2019.9885;TRUE;1984.912;TRUE;2035.928;TRUE;1983.9375;TRUE;1851.4744;TRUE;1909.7133;TRUE;1835.8111;TRUE;1804.8734;TRUE;1767.3945;TRUE;;
10/06/2020 15:38;99900;103;Image20200610-143803_103_65.000.bmp;Image20200610-143803_103_80.000.bmp;Image20200610-143803_103_120.000.bmp;;;2022.6248;TRUE;1987.8568;TRUE;2038.832;TRUE;1986.4005;TRUE;1854.6119;TRUE;1912.6411;TRUE;1838.6979;TRUE;1808.3622;TRUE;1770.4788;TRUE;;
10/06/2020 16:08;101700;104;Image20200610-150803_104_65.000.bmp;Image20200610-150803_104_80.000.bmp;Image20200610-150803_104_120.000.bmp;;;2025.2279;TRUE;1990.5467;TRUE;2041.1607;TRUE;1988.738;TRUE;1857.8411;TRUE;1915.5583;TRUE;1841.4911;TRUE;1811.5787;TRUE;1773.7623;TRUE;;
10/06/2020 16:38;103500;105;Image20200610-153803_105_65.000.bmp;Image20200610-153803_105_80.000.bmp;Image20200610-153803_105_120.000.bmp;;;2027.7659;TRUE;1993.0621;TRUE;2043.2169;TRUE;1991.2191;TRUE;1860.7513;TRUE;1918.394;TRUE;1844.223;TRUE;1815.0063;TRUE;1776.8939;TRUE;;
10/06/2020 17:08;105300;106;Image20200610-160803_106_65.000.bmp;Image20200610-160803_106_80.000.bmp;Image20200610-160803_106_120.000.bmp;;;2030.4907;TRUE;1995.5756;TRUE;2046.4095;TRUE;1993.447;TRUE;1863.894;TRUE;1921.2579;TRUE;1846.8782;TRUE;1818.254;TRUE;1779.9831;TRUE;;
10/06/2020 17:38;107100;107;Image20200610-163803_107_65.000.bmp;Image20200610-163803_107_80.000.bmp;Image20200610-163803_107_120.000.bmp;;;2032.6375;TRUE;1998.4951;TRUE;2048.532;TRUE;1995.5228;TRUE;1866.6814;TRUE;1924.072;TRUE;1849.5963;TRUE;1821.368;TRUE;1783.0561;TRUE;;
10/06/2020 18:08;108900;108;Image20200610-170803_108_65.000.bmp;Image20200610-170803_108_80.000.bmp;Image20200610-170803_108_120.000.bmp;;;2035.2806;TRUE;2000.9124;TRUE;2050.9938;TRUE;1997.8472;TRUE;1869.7297;TRUE;1926.8097;TRUE;1852.1423;TRUE;1824.7201;TRUE;1786.0634;TRUE;;
10/06/2020 18:38;110700;109;Image20200610-173803_109_65.000.bmp;Image20200610-173803_109_80.000.bmp;Image20200610-173803_109_120.000.bmp;;;2037.5999;TRUE;2003.2867;TRUE;2053.3633;TRUE;1999.8702;TRUE;1872.5579;TRUE;1929.5475;TRUE;1854.7786;TRUE;1827.988;TRUE;1789.0649;TRUE;;
10/06/2020 19:08;112500;110;Image20200610-180803_110_65.000.bmp;Image20200610-180803_110_80.000.bmp;Image20200610-180803_110_120.000.bmp;;;2039.6472;TRUE;2005.8674;TRUE;2055.1613;TRUE;2002.2;TRUE;1875.7718;TRUE;1932.2813;TRUE;1857.3477;TRUE;1831.1508;TRUE;1792.0662;TRUE;;
10/06/2020 19:38;114300;111;Image20200610-183803_111_65.000.bmp;Image20200610-183803_111_80.000.bmp;Image20200610-183803_111_120.000.bmp;;;2042.2638;TRUE;2008.3144;TRUE;2057.8271;TRUE;2004.2946;TRUE;1878.4926;TRUE;1934.8826;TRUE;1859.8891;TRUE;1834.2739;TRUE;1795.0635;TRUE;;
10/06/2020 20:08;116100;112;Image20200610-190803_112_65.000.bmp;Image20200610-190803_112_80.000.bmp;Image20200610-190803_112_120.000.bmp;;;2044.3632;TRUE;2010.6465;TRUE;2060.3561;TRUE;2006.5458;TRUE;1881.611;TRUE;1937.5447;TRUE;1862.3219;TRUE;1837.368;TRUE;1798.0293;TRUE;;
10/06/2020 20:38;117900;113;Image20200610-193803_113_65.000.bmp;Image20200610-193803_113_80.000.bmp;Image20200610-193803_113_120.000.bmp;;;2046.7078;TRUE;2013.0344;TRUE;2062.5907;TRUE;2008.6956;TRUE;1884.3529;TRUE;1940.1195;TRUE;1864.83;TRUE;1840.4769;TRUE;1800.8693;TRUE;;
10/06/2020 21:08;119700;114;Image20200610-200803_114_65.000.bmp;Image20200610-200803_114_80.000.bmp;Image20200610-200803_114_120.000.bmp;;;2049.6122;TRUE;2015.3648;TRUE;2064.8556;TRUE;2010.7468;TRUE;1887.4612;TRUE;1942.519;TRUE;1867.1928;TRUE;1843.2422;TRUE;1803.7892;TRUE;;
10/06/2020 21:38;121500;115;Image20200610-203803_115_65.000.bmp;Image20200610-203803_115_80.000.bmp;Image20200610-203803_115_120.000.bmp;;;2051.5137;TRUE;2017.7025;TRUE;2066.8094;TRUE;2012.8682;TRUE;1890.1926;TRUE;1945.226;TRUE;1869.6346;TRUE;1846.3497;TRUE;1806.5625;TRUE;;
10/06/2020 22:08;123300;116;Image20200610-210803_116_65.000.bmp;Image20200610-210803_116_80.000.bmp;Image20200610-210803_116_120.000.bmp;;;2053.4014;TRUE;2019.9197;TRUE;2068.8641;TRUE;2014.9305;TRUE;1893.1293;TRUE;1947.6434;TRUE;1872.0334;TRUE;1849.1611;TRUE;1809.3654;TRUE;;
10/06/2020 22:38;125100;117;Image20200610-213803_117_65.000.bmp;Image20200610-213803_117_80.000.bmp;Image20200610-213803_117_120.000.bmp;;;2055.5304;TRUE;2022.2177;TRUE;2070.6674;TRUE;2016.9683;TRUE;1895.9749;TRUE;1950.0298;TRUE;1874.3998;TRUE;1852.1471;TRUE;1812.1837;TRUE;;
10/06/2020 23:08;126900;118;Image20200610-220803_118_65.000.bmp;Image20200610-220803_118_80.000.bmp;Image20200610-220803_118_120.000.bmp;;;2057.8364;TRUE;2024.479;TRUE;2073.0912;TRUE;2018.9289;TRUE;1898.6478;TRUE;1952.4357;TRUE;1876.6926;TRUE;1854.8994;TRUE;1815.0549;TRUE;;
10/06/2020 23:38;128700;119;Image20200610-223803_119_65.000.bmp;Image20200610-223803_119_80.000.bmp;Image20200610-223803_119_120.000.bmp;;;2059.9592;TRUE;2026.6603;TRUE;2074.8535;TRUE;2020.9098;TRUE;1901.4427;TRUE;1954.8086;TRUE;1878.9395;TRUE;1857.7422;TRUE;1817.7192;TRUE;;
11/06/2020 0:08;130500;120;Image20200610-230803_120_65.000.bmp;Image20200610-230803_120_80.000.bmp;Image20200610-230803_120_120.000.bmp;;;2061.9954;TRUE;2028.7906;TRUE;2077.0039;TRUE;2022.9554;TRUE;1904.2373;TRUE;1957.1585;TRUE;1881.3293;TRUE;1860.4595;TRUE;1820.309;TRUE;;
11/06/2020 0:38;132300;121;Image20200610-233803_121_65.000.bmp;Image20200610-233803_121_80.000.bmp;Image20200610-233803_121_120.000.bmp;;;2064.0474;TRUE;2030.9111;TRUE;2078.9448;TRUE;2024.8779;TRUE;1906.7426;TRUE;1959.4625;TRUE;1883.589;TRUE;1863.2338;TRUE;1823.0832;TRUE;;
11/06/2020 1:08;134100;122;Image20200611-000803_122_65.000.bmp;Image20200611-000803_122_80.000.bmp;Image20200611-000803_122_120.000.bmp;;;2065.9254;TRUE;2033.2736;TRUE;2081.0167;TRUE;2026.9153;TRUE;1909.5164;TRUE;1961.739;TRUE;1886.041;TRUE;1866.0875;TRUE;1825.7153;TRUE;;
11/06/2020 1:38;135900;123;Image20200611-003803_123_65.000.bmp;Image20200611-003803_123_80.000.bmp;Image20200611-003803_123_120.000.bmp;;;2067.8446;TRUE;2035.2485;TRUE;2082.9613;TRUE;2028.7649;TRUE;1912.0356;TRUE;1964.0397;TRUE;1888.3577;TRUE;1868.6537;TRUE;1828.2886;TRUE;;
11/06/2020 2:08;137700;124;Image20200611-010803_124_65.000.bmp;Image20200611-010803_124_80.000.bmp;Image20200611-010803_124_120.000.bmp;;;2069.9531;TRUE;2037.225;TRUE;2084.9353;TRUE;2030.6074;TRUE;1914.5801;TRUE;1966.1868;TRUE;1890.6006;TRUE;1871.4069;TRUE;1830.8755;TRUE;;
11/06/2020 2:38;139500;125;Image20200611-013803_125_65.000.bmp;Image20200611-013803_125_80.000.bmp;Image20200611-013803_125_120.000.bmp;;;2071.9159;TRUE;2039.257;TRUE;2086.8348;TRUE;2032.3113;TRUE;1917.186;TRUE;1968.4456;TRUE;1892.8924;TRUE;1874.1002;TRUE;1833.413;TRUE;;
11/06/2020 3:08;141300;126;Image20200611-020803_126_65.000.bmp;Image20200611-020803_126_80.000.bmp;Image20200611-020803_126_120.000.bmp;;;2073.6248;TRUE;2041.2187;TRUE;2088.6724;TRUE;2034.0356;TRUE;1919.7974;TRUE;1970.6783;TRUE;1895.2562;TRUE;1876.6755;TRUE;1835.9457;TRUE;;
11/06/2020 3:38;143100;127;Image20200611-023803_127_65.000.bmp;Image20200611-023803_127_80.000.bmp;Image20200611-023803_127_120.000.bmp;;;2075.3721;TRUE;2043.1086;TRUE;2090.3405;TRUE;2035.8052;TRUE;1922.2139;TRUE;1972.8915;TRUE;1897.6036;TRUE;1879.1688;TRUE;1838.4368;TRUE;;
11/06/2020 4:08;144900;128;Image20200611-030803_128_65.000.bmp;Image20200611-030803_128_80.000.bmp;Image20200611-030803_128_120.000.bmp;;;2077.2969;TRUE;2045.0799;TRUE;2092.0243;TRUE;2037.8312;TRUE;1924.7351;TRUE;1975.0632;TRUE;1899.7264;TRUE;1882.0432;TRUE;1840.8766;TRUE;;
11/06/2020 4:38;146700;129;Image20200611-033803_129_65.000.bmp;Image20200611-033803_129_80.000.bmp;Image20200611-033803_129_120.000.bmp;;;2079.0728;TRUE;2046.9492;TRUE;2093.479;TRUE;2039.597;TRUE;1927.165;TRUE;1977.1816;TRUE;1902.0191;TRUE;1884.518;TRUE;1843.3636;TRUE;;
11/06/2020 5:08;148500;130;Image20200611-040803_130_65.000.bmp;Image20200611-040803_130_80.000.bmp;Image20200611-040803_130_120.000.bmp;;;2080.8237;TRUE;2048.8077;TRUE;2095.4829;TRUE;2041.3477;TRUE;1929.5805;TRUE;1979.3892;TRUE;1904.2021;TRUE;1886.7716;TRUE;1845.7667;TRUE;;
11/06/2020 5:38;150300;131;Image20200611-043803_131_65.000.bmp;Image20200611-043803_131_80.000.bmp;Image20200611-043803_131_120.000.bmp;;;2082.6555;TRUE;2050.7018;TRUE;2097.2642;TRUE;2043.258;TRUE;1932.0104;TRUE;1981.4903;TRUE;1906.345;TRUE;1889.4711;TRUE;1848.1758;TRUE;;
11/06/2020 6:08;152100;132;Image20200611-050803_132_65.000.bmp;Image20200611-050803_132_80.000.bmp;Image20200611-050803_132_120.000.bmp;;;2084.4189;TRUE;2052.5671;TRUE;2099.0227;TRUE;2045.0825;TRUE;1934.3029;TRUE;1983.6722;TRUE;1908.4501;TRUE;1892.0247;TRUE;1850.6536;TRUE;;
11/06/2020 6:38;153900;133;Image20200611-053803_133_65.000.bmp;Image20200611-053803_133_80.000.bmp;Image20200611-053803_133_120.000.bmp;;;2086.2032;TRUE;2054.464;TRUE;2100.7103;TRUE;2046.8296;TRUE;1936.7703;TRUE;1985.5837;TRUE;1910.6672;TRUE;1894.3685;TRUE;1852.9589;TRUE;;
11/06/2020 7:08;155700;134;Image20200611-060803_134_65.000.bmp;Image20200611-060803_134_80.000.bmp;Image20200611-060803_134_120.000.bmp;;;2088.0557;TRUE;2056.4421;TRUE;2101.7904;TRUE;2048.4193;TRUE;1939.1766;TRUE;1987.7762;TRUE;1912.867;TRUE;1896.6428;TRUE;1855.3101;TRUE;;
11/06/2020 7:38;157500;135;Image20200611-063803_135_65.000.bmp;Image20200611-063803_135_80.000.bmp;Image20200611-063803_135_120.000.bmp;;;2089.6642;TRUE;2058.2214;TRUE;2104.5043;TRUE;2049.8191;TRUE;1941.6049;TRUE;1989.8621;TRUE;1914.944;TRUE;1898.9727;TRUE;1857.6342;TRUE;;
11/06/2020 8:08;159300;136;Image20200611-070803_136_65.000.bmp;Image20200611-070803_136_80.000.bmp;Image20200611-070803_136_120.000.bmp;;;2091.3228;TRUE;2059.884;TRUE;2105.5333;TRUE;2051.6174;TRUE;1943.761;TRUE;1991.8576;TRUE;1917.116;TRUE;1901.4756;TRUE;1859.9211;TRUE;;
11/06/2020 8:38;161100;137;Image20200611-073803_137_65.000.bmp;Image20200611-073803_137_80.000.bmp;Image20200611-073803_137_120.000.bmp;;;2092.667;TRUE;2061.4969;TRUE;2107.0739;TRUE;2053.3578;TRUE;1946.1069;TRUE;1993.7776;TRUE;1919.1764;TRUE;1903.7906;TRUE;1862.1642;TRUE;;
11/06/2020 9:08;162900;138;Image20200611-080803_138_65.000.bmp;Image20200611-080803_138_80.000.bmp;Image20200611-080803_138_120.000.bmp;;;2094.413;TRUE;2063.0078;TRUE;2108.8867;TRUE;2055.1117;TRUE;1948.2162;TRUE;1995.859;TRUE;1921.293;TRUE;1906.3021;TRUE;1864.3914;TRUE;;
11/06/2020 9:38;164700;139;Image20200611-083803_139_65.000.bmp;Image20200611-083803_139_80.000.bmp;Image20200611-083803_139_120.000.bmp;;;2096.2997;TRUE;2064.9543;TRUE;2110.6079;TRUE;2056.7789;TRUE;1950.4131;TRUE;1997.8213;TRUE;1923.3589;TRUE;1908.5057;TRUE;1866.6988;TRUE;;
11/06/2020 10:08;166500;140;Image20200611-090803_140_65.000.bmp;Image20200611-090803_140_80.000.bmp;Image20200611-090803_140_120.000.bmp;;;2097.9194;TRUE;2066.6434;TRUE;2111.8556;TRUE;2058.3345;TRUE;1952.5533;TRUE;1999.7284;TRUE;1925.4097;TRUE;1910.6458;TRUE;1868.9239;TRUE;;
11/06/2020 10:38;168300;141;Image20200611-093803_141_65.000.bmp;Image20200611-093803_141_80.000.bmp;Image20200611-093803_141_120.000.bmp;;;2099.4099;TRUE;2068.5726;TRUE;2113.2793;TRUE;2059.8182;TRUE;1954.5989;TRUE;2001.6592;TRUE;1927.3464;TRUE;1912.8099;TRUE;1871.1335;TRUE;;
11/06/2020 11:08;170100;142;Image20200611-100803_142_65.000.bmp;Image20200611-100803_142_80.000.bmp;Image20200611-100803_142_120.000.bmp;;;2100.782;TRUE;2070.2269;TRUE;2114.9164;TRUE;2061.5127;TRUE;1956.8376;TRUE;2003.5721;TRUE;1929.6227;TRUE;1914.9504;TRUE;1873.2894;TRUE;;
11/06/2020 11:38;171900;143;Image20200611-103803_143_65.000.bmp;Image20200611-103803_143_80.000.bmp;Image20200611-103803_143_120.000.bmp;;;2102.4375;TRUE;2071.8218;TRUE;2116.7799;TRUE;2063.0735;TRUE;1958.9368;TRUE;2005.3633;TRUE;1931.5438;TRUE;1917.0685;TRUE;1875.5179;TRUE;;
11/06/2020 12:08;173700;144;Image20200611-110803_144_65.000.bmp;Image20200611-110803_144_80.000.bmp;Image20200611-110803_144_120.000.bmp;;;2104.0808;TRUE;2073.2504;TRUE;2118.4255;TRUE;2064.755;TRUE;1960.8699;TRUE;2007.1934;TRUE;1933.5055;TRUE;1919.2175;TRUE;1877.6805;TRUE;;
11/06/2020 12:38;175500;145;Image20200611-113803_145_65.000.bmp;Image20200611-113803_145_80.000.bmp;Image20200611-113803_145_120.000.bmp;;;2105.6393;TRUE;2074.7698;TRUE;2119.4005;TRUE;2066.2721;TRUE;1962.9087;TRUE;2009.0364;TRUE;1935.4715;TRUE;1921.6739;TRUE;1879.8893;TRUE;;
11/06/2020 13:08;177300;146;Image20200611-120803_146_65.000.bmp;Image20200611-120803_146_80.000.bmp;Image20200611-120803_146_120.000.bmp;;;2106.7313;TRUE;2076.3789;TRUE;2120.9735;TRUE;2067.8174;TRUE;1964.9102;TRUE;2010.847;TRUE;1937.496;TRUE;1923.8152;TRUE;1881.9814;TRUE;;
11/06/2020 13:38;179100;147;Image20200611-123803_147_65.000.bmp;Image20200611-123803_147_80.000.bmp;Image20200611-123803_147_120.000.bmp;;;2108.4492;TRUE;2078.1522;TRUE;2122.7227;TRUE;2069.4136;TRUE;1966.9282;TRUE;2012.6596;TRUE;1939.5253;TRUE;1926.0364;TRUE;1884.1752;TRUE;;
11/06/2020 14:08;180900;148;Image20200611-130803_148_65.000.bmp;Image20200611-130803_148_80.000.bmp;Image20200611-130803_148_120.000.bmp;;;2110.0664;TRUE;2079.4315;TRUE;2123.8051;TRUE;2070.8395;TRUE;1968.7949;TRUE;2014.2982;TRUE;1941.4875;TRUE;1928.0734;TRUE;1886.2322;TRUE;;
11/06/2020 14:38;182700;149;Image20200611-133803_149_65.000.bmp;Image20200611-133803_149_80.000.bmp;Image20200611-133803_149_120.000.bmp;;;2111.3439;TRUE;2081.0168;TRUE;2125.1921;TRUE;2072.1591;TRUE;1970.788;TRUE;2016.1294;TRUE;1943.4402;TRUE;1930.2259;TRUE;1888.3442;TRUE;;
11/06/2020 15:08;184500;150;Image20200611-140803_150_65.000.bmp;Image20200611-140803_150_80.000.bmp;Image20200611-140803_150_120.000.bmp;;;2112.8376;TRUE;2082.6747;TRUE;2126.9828;TRUE;2073.5675;TRUE;1972.7322;TRUE;2017.8885;TRUE;1945.3448;TRUE;1932.2254;TRUE;1890.5007;TRUE;;
11/06/2020 15:38;186300;151;Image20200611-143803_151_65.000.bmp;Image20200611-143803_151_80.000.bmp;Image20200611-143803_151_120.000.bmp;;;2114.3823;TRUE;2084.3795;TRUE;2127.7744;TRUE;2075.2772;TRUE;1974.6744;TRUE;2019.6981;TRUE;1947.2643;TRUE;1934.2693;TRUE;1892.6104;TRUE;;
11/06/2020 16:08;188100;152;Image20200611-150803_152_65.000.bmp;Image20200611-150803_152_80.000.bmp;Image20200611-150803_152_120.000.bmp;;;2115.8087;TRUE;2085.7972;TRUE;2129.2606;TRUE;2076.8495;TRUE;1976.6172;TRUE;2021.4922;TRUE;1949.2127;TRUE;1936.3676;TRUE;1894.7368;TRUE;;
11/06/2020 16:38;189900;153;Image20200611-153803_153_65.000.bmp;Image20200611-153803_153_80.000.bmp;Image20200611-153803_153_120.000.bmp;;;2117.302;TRUE;2087.1765;TRUE;2131.2177;TRUE;2078.2001;TRUE;1978.4677;TRUE;2023.2371;TRUE;1951.1566;TRUE;1938.4306;TRUE;1896.8647;TRUE;;
11/06/2020 17:08;191700;154;Image20200611-160803_154_65.000.bmp;Image20200611-160803_154_80.000.bmp;Image20200611-160803_154_120.000.bmp;;;2118.433;TRUE;2088.838;TRUE;2132.7582;TRUE;2079.6622;TRUE;1980.3453;TRUE;2024.8964;TRUE;1952.982;TRUE;1940.3649;TRUE;1898.9086;TRUE;;
11/06/2020 17:38;193500;155;Image20200611-163803_155_65.000.bmp;Image20200611-163803_155_80.000.bmp;Image20200611-163803_155_120.000.bmp;;;2120.1296;TRUE;2090.345;TRUE;2133.4586;TRUE;2081.1829;TRUE;1982.1418;TRUE;2026.478;TRUE;1954.9191;TRUE;1942.3954;TRUE;1900.9585;TRUE;;
11/06/2020 18:08;195300;156;Image20200611-170803_156_65.000.bmp;Image20200611-170803_156_80.000.bmp;Image20200611-170803_156_120.000.bmp;;;2121.3967;TRUE;2091.7931;TRUE;2134.863;TRUE;2082.5505;TRUE;1983.9341;TRUE;2028.1475;TRUE;1956.7466;TRUE;1944.3977;TRUE;1902.9075;TRUE;;
11/06/2020 18:38;197100;157;Image20200611-173803_157_65.000.bmp;Image20200611-173803_157_80.000.bmp;Image20200611-173803_157_120.000.bmp;;;2122.7991;TRUE;2093.1895;TRUE;2136.17;TRUE;2083.6946;TRUE;1985.7368;TRUE;2029.9;TRUE;1958.5798;TRUE;1946.4734;TRUE;1904.9;TRUE;;
11/06/2020 19:08;198900;158;Image20200611-180803_158_65.000.bmp;Image20200611-180803_158_80.000.bmp;Image20200611-180803_158_120.000.bmp;;;2124.189;TRUE;2094.6716;TRUE;2137.3639;TRUE;2085.2275;TRUE;1987.4606;TRUE;2031.5801;TRUE;1960.3723;TRUE;1948.3649;TRUE;1906.8914;TRUE;;
11/06/2020 19:38;200700;159;Image20200611-183803_159_65.000.bmp;Image20200611-183803_159_80.000.bmp;Image20200611-183803_159_120.000.bmp;;;2125.6678;TRUE;2096.0928;TRUE;2139.0969;TRUE;2086.5658;TRUE;1989.05;TRUE;2033.2491;TRUE;1962.2172;TRUE;1950.2897;TRUE;1908.8746;TRUE;;
11/06/2020 20:08;202500;160;Image20200611-190803_160_65.000.bmp;Image20200611-190803_160_80.000.bmp;Image20200611-190803_160_120.000.bmp;;;2126.9001;TRUE;2097.5219;TRUE;2139.9022;TRUE;2087.9539;TRUE;1990.7938;TRUE;2034.7867;TRUE;1964.1373;TRUE;1952.1653;TRUE;1910.8238;TRUE;;
11/06/2020 20:38;204300;161;Image20200611-193803_161_65.000.bmp;Image20200611-193803_161_80.000.bmp;Image20200611-193803_161_120.000.bmp;;;2128.3046;TRUE;2098.7477;TRUE;2141.4792;TRUE;2089.5292;TRUE;1992.4948;TRUE;2036.3508;TRUE;1965.9363;TRUE;1954.0178;TRUE;1912.7285;TRUE;;
11/06/2020 21:08;206100;162;Image20200611-200803_162_65.000.bmp;Image20200611-200803_162_80.000.bmp;Image20200611-200803_162_120.000.bmp;;;2129.4149;TRUE;2100.3529;TRUE;2143.0669;TRUE;2091.0715;TRUE;1994.1628;TRUE;2038.0101;TRUE;1967.7469;TRUE;1956.0294;TRUE;1914.6342;TRUE;;
11/06/2020 21:38;207900;163;Image20200611-203803_163_65.000.bmp;Image20200611-203803_163_80.000.bmp;Image20200611-203803_163_120.000.bmp;;;2130.8539;TRUE;2101.8285;TRUE;2144.7671;TRUE;2092.2767;TRUE;1995.8096;TRUE;2039.6884;TRUE;1969.4793;TRUE;1957.8489;TRUE;1916.5872;TRUE;;
11/06/2020 22:08;209700;164;Image20200611-210803_164_65.000.bmp;Image20200611-210803_164_80.000.bmp;Image20200611-210803_164_120.000.bmp;;;2132.2417;TRUE;2103.0248;TRUE;2145.396;TRUE;2093.7061;TRUE;1997.4174;TRUE;2041.2585;TRUE;1971.293;TRUE;1959.4932;TRUE;1918.546;TRUE;;
11/06/2020 22:38;211500;165;Image20200611-213803_165_65.000.bmp;Image20200611-213803_165_80.000.bmp;Image20200611-213803_165_120.000.bmp;;;2133.4199;TRUE;2104.5194;TRUE;2146.9777;TRUE;2095.1212;TRUE;1999.0442;TRUE;2042.7233;TRUE;1972.9994;TRUE;1960.7635;TRUE;1920.4361;TRUE;;
11/06/2020 23:08;213300;166;Image20200611-220803_166_65.000.bmp;Image20200611-220803_166_80.000.bmp;Image20200611-220803_166_120.000.bmp;;;2134.6552;TRUE;2105.9427;TRUE;2147.2251;TRUE;2096.2438;TRUE;2000.5915;TRUE;2044.1964;TRUE;1974.7933;TRUE;1963.2228;TRUE;1922.3365;TRUE;;
11/06/2020 23:38;215100;167;Image20200611-223803_167_65.000.bmp;Image20200611-223803_167_80.000.bmp;Image20200611-223803_167_120.000.bmp;;;2136.0383;TRUE;2107.0713;TRUE;2148.4807;TRUE;2097.5244;TRUE;2002.2881;TRUE;2045.9119;TRUE;1976.6009;TRUE;1965.0605;TRUE;1924.2227;TRUE;;
12/06/2020 0:08;216900;168;Image20200611-230803_168_65.000.bmp;Image20200611-230803_168_80.000.bmp;Image20200611-230803_168_120.000.bmp;;;2137.2419;TRUE;2108.3616;TRUE;2149.918;TRUE;2098.7722;TRUE;2003.8563;TRUE;2047.6389;TRUE;1978.3325;TRUE;1966.8497;TRUE;1926.1481;TRUE;;
12/06/2020 0:38;218700;169;Image20200611-233803_169_65.000.bmp;Image20200611-233803_169_80.000.bmp;Image20200611-233803_169_120.000.bmp;;;2138.4261;TRUE;2109.9825;TRUE;2152.2338;TRUE;2099.8879;TRUE;2005.455;TRUE;2049.1077;TRUE;1980.1248;TRUE;1968.744;TRUE;1927.9586;TRUE;;
