Timestamp;Timestamp [s];ImageNr;Image1;Image2;Image3;Temperature [°C];Relative Humidity [%];Column1 [px];Column1 Valid;Column2 [px];Column2 Valid;Column3 [px];Column3 Valid;Column4 [px];Column4 Valid;Column5 [px];Column5 Valid;Column6 [px];Column6 Valid;Column7 [px];Column7 Valid;Column8 [px];Column8 Valid;Column9 [px];Column9 Valid
28/09/2021 11:44;0;0;Image20210928-104450_0_65.000.bmp;Image20210928-104450_0_80.000.bmp;Image20210928-104450_0_120.000.bmp;;;;FALSE;;FALSE;;FALSE;;FALSE;1824.1294;TRUE;;FALSE;808.7075;TRUE;;FALSE;;FALSE
28/09/2021 11:59;900;1;Image20210928-105950_1_65.000.bmp;Image20210928-105950_1_80.000.bmp;Image20210928-105950_1_120.000.bmp;;;838.8458;TRUE;845.4047;TRUE;;FALSE;;FALSE;;FALSE;;FALSE;808.9162;TRUE;1041.5214;TRUE;;FALSE
28/09/2021 12:14;1800;2;Image20210928-111450_2_65.000.bmp;Image20210928-111450_2_80.000.bmp;Image20210928-111450_2_120.000.bmp;;;853.6695;TRUE;855.8629;TRUE;;FALSE;;FALSE;;FALSE;;FALSE;;FALSE;;FALSE;;FALSE
28/09/2021 12:29;2700;3;Image20210928-112950_3_65.000.bmp;Image20210928-112950_3_80.000.bmp;Image20210928-112950_3_120.000.bmp;;;872.1151;TRUE;874.156;TRUE;841.1617;TRUE;871.9875;TRUE;835.7192;TRUE;822.852;TRUE;;FALSE;;FALSE;;FALSE
28/09/2021 12:44;3600;4;Image20210928-114450_4_65.000.bmp;Image20210928-114450_4_80.000.bmp;Image20210928-114450_4_120.000.bmp;;;894.736;TRUE;899.3545;TRUE;860.7151;TRUE;895.6971;TRUE;858.3123;TRUE;837.0347;TRUE;801.7933;TRUE;860.0233;TRUE;822.9019;TRUE
28/09/2021 12:59;4500;5;Image20210928-115950_5_65.000.bmp;Image20210928-115950_5_80.000.bmp;Image20210928-115950_5_120.000.bmp;;;919.285;TRUE;921.7917;TRUE;884.6701;TRUE;919.744;TRUE;884.0523;TRUE;857.398;TRUE;820.5939;TRUE;872.0622;TRUE;832.9416;TRUE
28/09/2021 13:14;5400;6;Image20210928-121450_6_65.000.bmp;Image20210928-121450_6_80.000.bmp;Image20210928-121450_6_120.000.bmp;;;946.0341;TRUE;947.4763;TRUE;908.2759;TRUE;945.5392;TRUE;910.2737;TRUE;882.465;TRUE;844.4586;TRUE;893.0369;TRUE;849.524;TRUE
28/09/2021 13:29;6300;7;Image20210928-122950_7_65.000.bmp;Image20210928-122950_7_80.000.bmp;Image20210928-122950_7_120.000.bmp;;;970.3562;TRUE;974.6611;TRUE;934.2146;TRUE;971.6149;TRUE;935.7;TRUE;907.205;TRUE;868.2883;TRUE;916.8641;TRUE;866.7041;TRUE
28/09/2021 13:44;7200;8;Image20210928-124450_8_65.000.bmp;Image20210928-124450_8_80.000.bmp;Image20210928-124450_8_120.000.bmp;;;995.2628;TRUE;1000.3029;TRUE;959.1879;TRUE;998.5543;TRUE;960.9353;TRUE;930.6057;TRUE;893.6248;TRUE;939.7703;TRUE;888.6234;TRUE
28/09/2021 13:59;8100;9;Image20210928-125950_9_65.000.bmp;Image20210928-125950_9_80.000.bmp;Image20210928-125950_9_120.000.bmp;;;1020.9077;TRUE;1025.0495;TRUE;982.6711;TRUE;1023.2879;TRUE;986.0207;TRUE;956.0981;TRUE;919.948;TRUE;965.0082;TRUE;912.6552;TRUE
28/09/2021 14:14;9000;10;Image20210928-131450_10_65.000.bmp;Image20210928-131450_10_80.000.bmp;Image20210928-131450_10_120.000.bmp;;;1045.2002;TRUE;1049.264;TRUE;1007.5264;TRUE;1046.9514;TRUE;1011.8051;TRUE;980.9232;TRUE;944.2436;TRUE;989.8623;TRUE;938.2121;TRUE
28/09/2021 14:29;9900;11;Image20210928-132950_11_65.000.bmp;Image20210928-132950_11_80.000.bmp;Image20210928-132950_11_120.000.bmp;;;1068.588;TRUE;1074.946;TRUE;1030.7377;TRUE;1071.7927;TRUE;1036.1947;TRUE;1005.2014;TRUE;969.4399;TRUE;1011.4543;TRUE;963.4728;TRUE
28/09/2021 14:44;10801;12;Image20210928-134451_12_65.000.bmp;Image20210928-134451_12_80.000.bmp;Image20210928-134451_12_120.000.bmp;;;1090.5412;TRUE;1100.2255;TRUE;1053.6763;TRUE;1095.5106;TRUE;1059.2258;TRUE;1029.5219;TRUE;993.5739;TRUE;1036.726;TRUE;988.5206;TRUE
28/09/2021 14:59;11700;13;Image20210928-135950_13_65.000.bmp;Image20210928-135950_13_80.000.bmp;Image20210928-135950_13_120.000.bmp;;;1114.4431;TRUE;1125.4532;TRUE;1074.4874;TRUE;1119.2148;TRUE;1083.5771;TRUE;1053.1088;TRUE;1017.9419;TRUE;1062.739;TRUE;1012.7601;TRUE
28/09/2021 15:14;12600;14;Image20210928-141450_14_65.000.bmp;Image20210928-141450_14_80.000.bmp;Image20210928-141450_14_120.000.bmp;;;1136.8596;TRUE;1151.293;TRUE;1099.1949;TRUE;1142.8004;TRUE;1106.4308;TRUE;1076.8887;TRUE;1040.991;TRUE;1087.5796;TRUE;1037.5416;TRUE
28/09/2021 15:29;13500;15;Image20210928-142950_15_65.000.bmp;Image20210928-142950_15_80.000.bmp;Image20210928-142950_15_120.000.bmp;;;1159.3722;TRUE;1176.6317;TRUE;1124.9523;TRUE;1166.1339;TRUE;1130.7477;TRUE;1099.12;TRUE;1064.3088;TRUE;1113.2985;TRUE;1061.2039;TRUE
28/09/2021 15:44;14401;16;Image20210928-144451_16_65.000.bmp;Image20210928-144451_16_80.000.bmp;Image20210928-144451_16_120.000.bmp;;;1182.0972;TRUE;1201.5836;TRUE;1151.4561;TRUE;1188.1759;TRUE;1155.7504;TRUE;1123.3163;TRUE;1088.3671;TRUE;1137.8161;TRUE;1084.7484;TRUE
28/09/2021 15:59;15300;17;Image20210928-145950_17_65.000.bmp;Image20210928-145950_17_80.000.bmp;Image20210928-145950_17_120.000.bmp;;;1207.1212;TRUE;1226.0291;TRUE;1179.3922;TRUE;1211.6884;TRUE;1181.0542;TRUE;1146.6077;TRUE;1112.3131;TRUE;1162.0395;TRUE;1107.6284;TRUE
28/09/2021 16:14;16200;18;Image20210928-151450_18_65.000.bmp;Image20210928-151450_18_80.000.bmp;Image20210928-151450_18_120.000.bmp;;;1232.1297;TRUE;1250.4944;TRUE;1206.7585;TRUE;1234.355;TRUE;1207.4474;TRUE;1169.6268;TRUE;1136.8766;TRUE;1186.3613;TRUE;1131.1461;TRUE
28/09/2021 16:29;17100;19;Image20210928-152950_19_65.000.bmp;Image20210928-152950_19_80.000.bmp;Image20210928-152950_19_120.000.bmp;;;1258.9912;TRUE;1274.348;TRUE;1234.0177;TRUE;1257.5286;TRUE;1233.8382;TRUE;1193.4993;TRUE;1161.2908;TRUE;1209.2651;TRUE;1153.575;TRUE
28/09/2021 16:44;18001;20;Image20210928-154451_20_65.000.bmp;Image20210928-154451_20_80.000.bmp;Image20210928-154451_20_120.000.bmp;;;1285.6498;TRUE;1297.2393;TRUE;1261.1794;TRUE;1280.4795;TRUE;1261.6876;TRUE;1217.2795;TRUE;1184.8;TRUE;1233.423;TRUE;1175.4997;TRUE
28/09/2021 16:59;18900;21;Image20210928-155950_21_65.000.bmp;Image20210928-155950_21_80.000.bmp;Image20210928-155950_21_120.000.bmp;;;1313.1954;TRUE;1321.8698;TRUE;1286.2864;TRUE;1302.9532;TRUE;1290.7602;TRUE;1241.0673;TRUE;1208.6758;TRUE;1256.7099;TRUE;1198.8334;TRUE
28/09/2021 17:14;19800;22;Image20210928-161450_22_65.000.bmp;Image20210928-161450_22_80.000.bmp;Image20210928-161450_22_120.000.bmp;;;1337.8926;TRUE;1343.5553;TRUE;1310.5946;TRUE;1328.4262;TRUE;1318.5101;TRUE;1264.9449;TRUE;1233.71;TRUE;1282.5316;TRUE;1221.5981;TRUE
28/09/2021 17:29;20700;23;Image20210928-162950_23_65.000.bmp;Image20210928-162950_23_80.000.bmp;Image20210928-162950_23_120.000.bmp;;;1357.7648;TRUE;1359.4932;TRUE;1330.1369;TRUE;1354.2853;TRUE;1342.9007;TRUE;1287.7023;TRUE;1257.4371;TRUE;1309.7692;TRUE;1245.0331;TRUE
28/09/2021 17:44;21601;24;Image20210928-164451_24_65.000.bmp;Image20210928-164451_24_80.000.bmp;Image20210928-164451_24_120.000.bmp;;;1371.2001;TRUE;1365.8956;TRUE;1342.3647;TRUE;1379.3922;TRUE;1361.7603;TRUE;1311.2289;TRUE;1279.7701;TRUE;1336.2445;TRUE;1269.2625;TRUE
28/09/2021 17:59;22500;25;Image20210928-165950_25_65.000.bmp;Image20210928-165950_25_80.000.bmp;Image20210928-165950_25_120.000.bmp;;;1381.3915;TRUE;1381.7902;TRUE;1352.835;TRUE;1401.1975;TRUE;1374.1494;TRUE;1334.4169;TRUE;1301.8603;TRUE;1359.0584;TRUE;1293.384;TRUE
28/09/2021 18:14;23400;26;Image20210928-171450_26_65.000.bmp;Image20210928-171450_26_80.000.bmp;Image20210928-171450_26_120.000.bmp;;;1391.0006;TRUE;1390.1904;TRUE;1355.1473;TRUE;1417.1511;TRUE;1378.7987;TRUE;1351.2068;TRUE;1320.447;TRUE;1376.8045;TRUE;1316.3291;TRUE
28/09/2021 18:29;24300;27;Image20210928-172950_27_65.000.bmp;Image20210928-172950_27_80.000.bmp;Image20210928-172950_27_120.000.bmp;;;1399.2345;TRUE;1397.5198;TRUE;1370.7434;TRUE;1427.1507;TRUE;1395.7411;TRUE;1365.9876;TRUE;1337.9899;TRUE;1388.9114;TRUE;1337.8226;TRUE
28/09/2021 18:44;25200;28;Image20210928-174450_28_65.000.bmp;Image20210928-174450_28_80.000.bmp;Image20210928-174450_28_120.000.bmp;;;1407.4751;TRUE;1403.8968;TRUE;1378.413;TRUE;1439.7721;TRUE;1404.3074;TRUE;1384.353;TRUE;1349.6601;TRUE;1398.5624;TRUE;1351.8135;TRUE
28/09/2021 18:59;26101;29;Image20210928-175951_29_65.000.bmp;Image20210928-175951_29_80.000.bmp;Image20210928-175951_29_120.000.bmp;;;1414.8746;TRUE;1409.7535;TRUE;1385.9207;TRUE;1448.3029;TRUE;1411.5143;TRUE;1396.2005;TRUE;1358.762;TRUE;1406.9062;TRUE;1360.9407;TRUE
28/09/2021 19:14;27000;30;Image20210928-181450_30_65.000.bmp;Image20210928-181450_30_80.000.bmp;Image20210928-181450_30_120.000.bmp;;;1421.5227;TRUE;1414.8964;TRUE;1392.73;TRUE;1455.82;TRUE;1417.9067;TRUE;1406.028;TRUE;1366.4064;TRUE;1414.4086;TRUE;1368.2585;TRUE
28/09/2021 19:29;27900;31;Image20210928-182950_31_65.000.bmp;Image20210928-182950_31_80.000.bmp;Image20210928-182950_31_120.000.bmp;;;1427.6946;TRUE;1420.6163;TRUE;1399.2774;TRUE;1461.8846;TRUE;1423.8942;TRUE;1414.2831;TRUE;1373.9709;TRUE;1421.9567;TRUE;1377.0929;TRUE
28/09/2021 19:44;28800;32;Image20210928-184450_32_65.000.bmp;Image20210928-184450_32_80.000.bmp;Image20210928-184450_32_120.000.bmp;;;1433.5625;TRUE;1425.7511;TRUE;1405.3759;TRUE;1468.0765;TRUE;1429.9313;TRUE;1421.2488;TRUE;1380.9171;TRUE;1427.6718;TRUE;1384.2226;TRUE
28/09/2021 19:59;29701;33;Image20210928-185951_33_65.000.bmp;Image20210928-185951_33_80.000.bmp;Image20210928-185951_33_120.000.bmp;;;1439.3031;TRUE;1430.7346;TRUE;1411.0249;TRUE;1473.5065;TRUE;1435.1427;TRUE;1427.9124;TRUE;1387.4454;TRUE;1433.5811;TRUE;1390.2164;TRUE
28/09/2021 20:14;30600;34;Image20210928-191450_34_65.000.bmp;Image20210928-191450_34_80.000.bmp;Image20210928-191450_34_120.000.bmp;;;1444.8123;TRUE;1435.5942;TRUE;1416.296;TRUE;1478.592;TRUE;1440.2885;TRUE;1435.183;TRUE;1393.4329;TRUE;1439.5892;TRUE;1396.2244;TRUE
28/09/2021 20:29;31500;35;Image20210928-192950_35_65.000.bmp;Image20210928-192950_35_80.000.bmp;Image20210928-192950_35_120.000.bmp;;;1449.9377;TRUE;1440.1853;TRUE;1421.2571;TRUE;1483.1631;TRUE;1445.2047;TRUE;1440.8765;TRUE;1398.9646;TRUE;1445.4932;TRUE;1401.9805;TRUE
28/09/2021 20:44;32400;36;Image20210928-194450_36_65.000.bmp;Image20210928-194450_36_80.000.bmp;Image20210928-194450_36_120.000.bmp;;;1454.5822;TRUE;1444.5113;TRUE;1426.4541;TRUE;1487.1368;TRUE;1450.0396;TRUE;1446.6644;TRUE;1404.0259;TRUE;1450.7888;TRUE;1407.126;TRUE
28/09/2021 20:59;33300;37;Image20210928-195950_37_65.000.bmp;Image20210928-195950_37_80.000.bmp;Image20210928-195950_37_120.000.bmp;;;1459.1551;TRUE;1448.861;TRUE;1431.2005;TRUE;1490.9289;TRUE;1454.6253;TRUE;1452.1315;TRUE;1409.0498;TRUE;1455.6362;TRUE;1411.9454;TRUE
28/09/2021 21:14;34201;38;Image20210928-201451_38_65.000.bmp;Image20210928-201451_38_80.000.bmp;Image20210928-201451_38_120.000.bmp;;;1463.6643;TRUE;1452.91;TRUE;1435.8398;TRUE;1494.5305;TRUE;1459.0527;TRUE;1456.5289;TRUE;1413.7913;TRUE;1460.4822;TRUE;1416.5854;TRUE
28/09/2021 21:29;35100;39;Image20210928-202950_39_65.000.bmp;Image20210928-202950_39_80.000.bmp;Image20210928-202950_39_120.000.bmp;;;1468.0952;TRUE;1456.8065;TRUE;1440.1671;TRUE;1498.174;TRUE;1463.2699;TRUE;1460.9794;TRUE;1418.2899;TRUE;1464.9349;TRUE;1421.2544;TRUE
28/09/2021 21:44;36000;40;Image20210928-204450_40_65.000.bmp;Image20210928-204450_40_80.000.bmp;Image20210928-204450_40_120.000.bmp;;;1472.2498;TRUE;1460.496;TRUE;1444.4493;TRUE;1501.8642;TRUE;1467.4976;TRUE;1465.2116;TRUE;1422.7186;TRUE;1469.3685;TRUE;1425.803;TRUE
28/09/2021 21:59;36900;41;Image20210928-205950_41_65.000.bmp;Image20210928-205950_41_80.000.bmp;Image20210928-205950_41_120.000.bmp;;;1476.2878;TRUE;1464.2465;TRUE;1448.7111;TRUE;1505.3751;TRUE;1471.4991;TRUE;1469.205;TRUE;1426.9136;TRUE;1473.5465;TRUE;1430.1563;TRUE
28/09/2021 22:14;37800;42;Image20210928-211450_42_65.000.bmp;Image20210928-211450_42_80.000.bmp;Image20210928-211450_42_120.000.bmp;;;1480.1823;TRUE;1468.0454;TRUE;1452.7115;TRUE;1508.8223;TRUE;1475.4936;TRUE;1473.1263;TRUE;1431.0782;TRUE;1477.584;TRUE;1434.2307;TRUE
28/09/2021 22:29;38700;43;Image20210928-212950_43_65.000.bmp;Image20210928-212950_43_80.000.bmp;Image20210928-212950_43_120.000.bmp;;;1483.9551;TRUE;1471.388;TRUE;1456.5749;TRUE;1512.1536;TRUE;1479.3491;TRUE;1477.042;TRUE;1435.0989;TRUE;1481.5577;TRUE;1438.1848;TRUE
28/09/2021 22:44;39600;44;Image20210928-214450_44_65.000.bmp;Image20210928-214450_44_80.000.bmp;Image20210928-214450_44_120.000.bmp;;;1487.6602;TRUE;1474.7009;TRUE;1460.2169;TRUE;1515.2603;TRUE;1483.1178;TRUE;1480.7031;TRUE;1439.1149;TRUE;1485.71;TRUE;1442.2484;TRUE
28/09/2021 22:59;40500;45;Image20210928-215950_45_65.000.bmp;Image20210928-215950_45_80.000.bmp;Image20210928-215950_45_120.000.bmp;;;1491.5327;TRUE;1478.158;TRUE;1463.8298;TRUE;1518.3238;TRUE;1486.6013;TRUE;1484.1222;TRUE;1442.857;TRUE;1489.488;TRUE;1446.0331;TRUE
28/09/2021 23:14;41400;46;Image20210928-221450_46_65.000.bmp;Image20210928-221450_46_80.000.bmp;Image20210928-221450_46_120.000.bmp;;;1495.0741;TRUE;1481.5171;TRUE;1467.4153;TRUE;1521.5114;TRUE;1490.298;TRUE;1487.7249;TRUE;1446.5519;TRUE;1493.1926;TRUE;1449.6848;TRUE
28/09/2021 23:29;42300;47;Image20210928-222950_47_65.000.bmp;Image20210928-222950_47_80.000.bmp;Image20210928-222950_47_120.000.bmp;;;1498.4303;TRUE;1484.6556;TRUE;1470.7842;TRUE;1524.4741;TRUE;1493.8444;TRUE;1491.0654;TRUE;1450.2866;TRUE;1496.7413;TRUE;1453.2064;TRUE
28/09/2021 23:44;43200;48;Image20210928-224450_48_65.000.bmp;Image20210928-224450_48_80.000.bmp;Image20210928-224450_48_120.000.bmp;;;1501.7444;TRUE;1487.8214;TRUE;1474.0354;TRUE;1527.3671;TRUE;1497.1526;TRUE;1494.353;TRUE;1453.8725;TRUE;1500.2737;TRUE;1456.8218;TRUE
28/09/2021 23:59;44100;49;Image20210928-225950_49_65.000.bmp;Image20210928-225950_49_80.000.bmp;Image20210928-225950_49_120.000.bmp;;;1505.0624;TRUE;1490.7579;TRUE;1477.42;TRUE;1530.2113;TRUE;1500.5339;TRUE;1497.6641;TRUE;1457.27;TRUE;1503.6837;TRUE;1460.333;TRUE
29/09/2021 0:14;45000;50;Image20210928-231450_50_65.000.bmp;Image20210928-231450_50_80.000.bmp;Image20210928-231450_50_120.000.bmp;;;1508.134;TRUE;1493.9185;TRUE;1480.7148;TRUE;1533.1582;TRUE;1503.7183;TRUE;1500.6676;TRUE;1460.563;TRUE;1506.9548;TRUE;1463.593;TRUE
29/09/2021 0:29;45900;51;Image20210928-232950_51_65.000.bmp;Image20210928-232950_51_80.000.bmp;Image20210928-232950_51_120.000.bmp;;;1511.199;TRUE;1496.8181;TRUE;1483.7795;TRUE;1535.8054;TRUE;1506.9357;TRUE;1503.7058;TRUE;1463.6484;TRUE;1510.1505;TRUE;1466.6956;TRUE
29/09/2021 0:44;46800;52;Image20210928-234450_52_65.000.bmp;Image20210928-234450_52_80.000.bmp;Image20210928-234450_52_120.000.bmp;;;1514.2609;TRUE;1499.7284;TRUE;1486.9197;TRUE;1538.5333;TRUE;1510.0214;TRUE;1506.6403;TRUE;1466.7665;TRUE;1513.3895;TRUE;1469.7291;TRUE
29/09/2021 0:59;47700;53;Image20210928-235950_53_65.000.bmp;Image20210928-235950_53_80.000.bmp;Image20210928-235950_53_120.000.bmp;;;1517.244;TRUE;1502.486;TRUE;1489.8618;TRUE;1541.2403;TRUE;1513.0394;TRUE;1509.4904;TRUE;1469.8305;TRUE;1516.5572;TRUE;1472.8683;TRUE
29/09/2021 1:14;48600;54;Image20210929-001450_54_65.000.bmp;Image20210929-001450_54_80.000.bmp;Image20210929-001450_54_120.000.bmp;;;1520.1213;TRUE;1505.2393;TRUE;1492.7156;TRUE;1543.9506;TRUE;1516.0773;TRUE;1512.305;TRUE;1473.0153;TRUE;1519.5419;TRUE;1475.8951;TRUE
29/09/2021 1:29;49500;55;Image20210929-002950_55_65.000.bmp;Image20210929-002950_55_80.000.bmp;Image20210929-002950_55_120.000.bmp;;;1522.927;TRUE;1507.9488;TRUE;1495.663;TRUE;1546.6086;TRUE;1518.8968;TRUE;1515.1302;TRUE;1475.9602;TRUE;1522.5423;TRUE;1478.8247;TRUE
29/09/2021 1:44;50400;56;Image20210929-004450_56_65.000.bmp;Image20210929-004450_56_80.000.bmp;Image20210929-004450_56_120.000.bmp;;;1525.7573;TRUE;1510.6172;TRUE;1498.5685;TRUE;1549.1945;TRUE;1521.8557;TRUE;1517.802;TRUE;1478.9844;TRUE;1525.3422;TRUE;1481.7105;TRUE
29/09/2021 1:59;51300;57;Image20210929-005950_57_65.000.bmp;Image20210929-005950_57_80.000.bmp;Image20210929-005950_57_120.000.bmp;;;1528.4539;TRUE;1513.2626;TRUE;1501.3943;TRUE;1551.7383;TRUE;1524.63;TRUE;1520.5062;TRUE;1481.7952;TRUE;1528.0397;TRUE;1484.5202;TRUE
29/09/2021 2:14;52200;58;Image20210929-011450_58_65.000.bmp;Image20210929-011450_58_80.000.bmp;Image20210929-011450_58_120.000.bmp;;;1530.9676;TRUE;1515.9199;TRUE;1504.1592;TRUE;1554.3564;TRUE;1527.3687;TRUE;1523.2381;TRUE;1484.499;TRUE;1530.9446;TRUE;1487.2317;TRUE
29/09/2021 2:29;53100;59;Image20210929-012950_59_65.000.bmp;Image20210929-012950_59_80.000.bmp;Image20210929-012950_59_120.000.bmp;;;1533.5871;TRUE;1518.3961;TRUE;1506.8516;TRUE;1556.8595;TRUE;1530.1541;TRUE;1525.837;TRUE;1487.2433;TRUE;1533.6976;TRUE;1489.928;TRUE
29/09/2021 2:44;54000;60;Image20210929-014450_60_65.000.bmp;Image20210929-014450_60_80.000.bmp;Image20210929-014450_60_120.000.bmp;;;1536.1619;TRUE;1520.8926;TRUE;1509.4387;TRUE;1559.2836;TRUE;1532.789;TRUE;1528.3312;TRUE;1489.9586;TRUE;1536.6465;TRUE;1492.6494;TRUE
29/09/2021 2:59;54900;61;Image20210929-015950_61_65.000.bmp;Image20210929-015950_61_80.000.bmp;Image20210929-015950_61_120.000.bmp;;;1538.6411;TRUE;1523.4186;TRUE;1512.2146;TRUE;1561.8311;TRUE;1535.39;TRUE;1530.9323;TRUE;1492.5915;TRUE;1539.3271;TRUE;1495.2071;TRUE
29/09/2021 3:14;55800;62;Image20210929-021450_62_65.000.bmp;Image20210929-021450_62_80.000.bmp;Image20210929-021450_62_120.000.bmp;;;1541.1171;TRUE;1525.8433;TRUE;1514.8168;TRUE;1564.2407;TRUE;1537.9698;TRUE;1533.4454;TRUE;1495.1684;TRUE;1541.9069;TRUE;1497.8428;TRUE
29/09/2021 3:29;56700;63;Image20210929-022950_63_65.000.bmp;Image20210929-022950_63_80.000.bmp;Image20210929-022950_63_120.000.bmp;;;1543.4679;TRUE;1528.2122;TRUE;1517.1595;TRUE;1566.6445;TRUE;1540.5629;TRUE;1535.7243;TRUE;1497.61;TRUE;1544.4323;TRUE;1500.2135;TRUE
29/09/2021 3:44;57600;64;Image20210929-024450_64_65.000.bmp;Image20210929-024450_64_80.000.bmp;Image20210929-024450_64_120.000.bmp;;;1545.8503;TRUE;1530.602;TRUE;1519.6949;TRUE;1568.9924;TRUE;1543.0042;TRUE;1538.2285;TRUE;1500.1317;TRUE;1546.9136;TRUE;1502.704;TRUE
29/09/2021 3:59;58500;65;Image20210929-025950_65_65.000.bmp;Image20210929-025950_65_80.000.bmp;Image20210929-025950_65_120.000.bmp;;;1548.1863;TRUE;1532.8485;TRUE;1522.1959;TRUE;1571.2137;TRUE;1545.4802;TRUE;1540.7664;TRUE;1502.5811;TRUE;1549.5195;TRUE;1505.1517;TRUE
29/09/2021 4:14;59400;66;Image20210929-031450_66_65.000.bmp;Image20210929-031450_66_80.000.bmp;Image20210929-031450_66_120.000.bmp;;;1550.4794;TRUE;1535.1251;TRUE;1524.5639;TRUE;1573.5598;TRUE;1547.9154;TRUE;1543.1648;TRUE;1505.0679;TRUE;1551.9149;TRUE;1507.5392;TRUE
29/09/2021 4:29;60300;67;Image20210929-032950_67_65.000.bmp;Image20210929-032950_67_80.000.bmp;Image20210929-032950_67_120.000.bmp;;;1552.7148;TRUE;1537.3766;TRUE;1526.9933;TRUE;1575.856;TRUE;1550.3744;TRUE;1545.5405;TRUE;1507.4632;TRUE;1554.2795;TRUE;1509.949;TRUE
29/09/2021 4:44;61200;68;Image20210929-034450_68_65.000.bmp;Image20210929-034450_68_80.000.bmp;Image20210929-034450_68_120.000.bmp;;;1554.9678;TRUE;1539.6011;TRUE;1529.3605;TRUE;1578.0993;TRUE;1552.6614;TRUE;1547.9184;TRUE;1509.7114;TRUE;1556.6783;TRUE;1512.3004;TRUE
29/09/2021 4:59;62100;69;Image20210929-035950_69_65.000.bmp;Image20210929-035950_69_80.000.bmp;Image20210929-035950_69_120.000.bmp;;;1557.1711;TRUE;1541.9221;TRUE;1531.7752;TRUE;1580.3345;TRUE;1554.962;TRUE;1550.2612;TRUE;1512.0428;TRUE;1558.8862;TRUE;1514.6043;TRUE
29/09/2021 5:14;63000;70;Image20210929-041450_70_65.000.bmp;Image20210929-041450_70_80.000.bmp;Image20210929-041450_70_120.000.bmp;;;1559.3826;TRUE;1544.1739;TRUE;1534.0648;TRUE;1582.4049;TRUE;1557.3275;TRUE;1552.5231;TRUE;1514.2883;TRUE;1561.2106;TRUE;1516.8467;TRUE
29/09/2021 5:29;63900;71;Image20210929-042950_71_65.000.bmp;Image20210929-042950_71_80.000.bmp;Image20210929-042950_71_120.000.bmp;;;1561.5259;TRUE;1546.3311;TRUE;1536.3949;TRUE;1584.6442;TRUE;1559.5206;TRUE;1554.8452;TRUE;1516.5908;TRUE;1563.6064;TRUE;1519.0175;TRUE
29/09/2021 5:44;64800;72;Image20210929-044450_72_65.000.bmp;Image20210929-044450_72_80.000.bmp;Image20210929-044450_72_120.000.bmp;;;1563.7403;TRUE;1548.4544;TRUE;1538.5153;TRUE;1586.7422;TRUE;1561.7475;TRUE;1557.0496;TRUE;1518.7054;TRUE;1565.7809;TRUE;1521.174;TRUE
29/09/2021 5:59;65700;73;Image20210929-045950_73_65.000.bmp;Image20210929-045950_73_80.000.bmp;Image20210929-045950_73_120.000.bmp;;;1565.831;TRUE;1550.5938;TRUE;1540.7338;TRUE;1588.7776;TRUE;1563.9902;TRUE;1559.2068;TRUE;1521.0496;TRUE;1568.0145;TRUE;1523.4181;TRUE
29/09/2021 6:14;66600;74;Image20210929-051450_74_65.000.bmp;Image20210929-051450_74_80.000.bmp;Image20210929-051450_74_120.000.bmp;;;1567.8745;TRUE;1552.7131;TRUE;1542.932;TRUE;1590.9089;TRUE;1566.1504;TRUE;1561.3229;TRUE;1523.1616;TRUE;1570.2288;TRUE;1525.5492;TRUE
29/09/2021 6:29;67500;75;Image20210929-052950_75_65.000.bmp;Image20210929-052950_75_80.000.bmp;Image20210929-052950_75_120.000.bmp;;;1569.9988;TRUE;1554.7353;TRUE;1545.1105;TRUE;1592.9391;TRUE;1568.3386;TRUE;1563.4203;TRUE;1525.2676;TRUE;1572.3996;TRUE;1527.5834;TRUE
29/09/2021 6:44;68400;76;Image20210929-054450_76_65.000.bmp;Image20210929-054450_76_80.000.bmp;Image20210929-054450_76_120.000.bmp;;;1572.0322;TRUE;1556.6357;TRUE;1547.1471;TRUE;1594.9139;TRUE;1570.4985;TRUE;1565.5006;TRUE;1527.3967;TRUE;1574.3032;TRUE;1529.7104;TRUE
29/09/2021 6:59;69300;77;Image20210929-055950_77_65.000.bmp;Image20210929-055950_77_80.000.bmp;Image20210929-055950_77_120.000.bmp;;;1573.9696;TRUE;1558.6716;TRUE;1549.2488;TRUE;1596.9794;TRUE;1572.4348;TRUE;1567.4462;TRUE;1529.3897;TRUE;1576.5032;TRUE;1531.7839;TRUE
29/09/2021 7:14;70200;78;Image20210929-061450_78_65.000.bmp;Image20210929-061450_78_80.000.bmp;Image20210929-061450_78_120.000.bmp;;;1575.9493;TRUE;1560.7874;TRUE;1551.4501;TRUE;1598.9119;TRUE;1574.5642;TRUE;1569.5703;TRUE;1531.4494;TRUE;1578.5811;TRUE;1533.8584;TRUE
29/09/2021 7:29;71100;79;Image20210929-062950_79_65.000.bmp;Image20210929-062950_79_80.000.bmp;Image20210929-062950_79_120.000.bmp;;;1577.9794;TRUE;1562.7701;TRUE;1553.5794;TRUE;1600.8172;TRUE;1576.6086;TRUE;1571.6307;TRUE;1533.459;TRUE;1580.6912;TRUE;1535.9172;TRUE
29/09/2021 7:44;72000;80;Image20210929-064450_80_65.000.bmp;Image20210929-064450_80_80.000.bmp;Image20210929-064450_80_120.000.bmp;;;1580.0021;TRUE;1564.7764;TRUE;1555.6157;TRUE;1602.8112;TRUE;1578.6213;TRUE;1573.6082;TRUE;1535.4699;TRUE;1582.7771;TRUE;1538.0135;TRUE
29/09/2021 7:59;72900;81;Image20210929-065950_81_65.000.bmp;Image20210929-065950_81_80.000.bmp;Image20210929-065950_81_120.000.bmp;;;1581.8271;TRUE;1566.6191;TRUE;1557.6019;TRUE;1604.7281;TRUE;1580.6165;TRUE;1575.5087;TRUE;1537.4077;TRUE;1584.8137;TRUE;1539.92;TRUE
29/09/2021 8:14;73800;82;Image20210929-071450_82_65.000.bmp;Image20210929-071450_82_80.000.bmp;Image20210929-071450_82_120.000.bmp;;;1583.702;TRUE;1568.5115;TRUE;1559.4933;TRUE;1606.6095;TRUE;1582.5385;TRUE;1577.3733;TRUE;1539.2352;TRUE;1586.7003;TRUE;1541.8134;TRUE
29/09/2021 8:29;74700;83;Image20210929-072950_83_65.000.bmp;Image20210929-072950_83_80.000.bmp;Image20210929-072950_83_120.000.bmp;;;1585.6852;TRUE;1570.522;TRUE;1561.5249;TRUE;1608.4957;TRUE;1584.587;TRUE;1579.2918;TRUE;1541.2401;TRUE;1588.8099;TRUE;1543.8548;TRUE
29/09/2021 8:44;75600;84;Image20210929-074450_84_65.000.bmp;Image20210929-074450_84_80.000.bmp;Image20210929-074450_84_120.000.bmp;;;1587.5134;TRUE;1572.3775;TRUE;1563.517;TRUE;1610.3627;TRUE;1586.5128;TRUE;1581.1443;TRUE;1543.163;TRUE;1590.828;TRUE;1545.7571;TRUE
29/09/2021 8:59;76500;85;Image20210929-075950_85_65.000.bmp;Image20210929-075950_85_80.000.bmp;Image20210929-075950_85_120.000.bmp;;;1589.3637;TRUE;1574.2942;TRUE;1565.462;TRUE;1612.2466;TRUE;1588.445;TRUE;1582.992;TRUE;1545.0656;TRUE;1592.7566;TRUE;1547.7574;TRUE
29/09/2021 9:14;77400;86;Image20210929-081450_86_65.000.bmp;Image20210929-081450_86_80.000.bmp;Image20210929-081450_86_120.000.bmp;;;1591.2491;TRUE;1576.1561;TRUE;1567.4515;TRUE;1613.9891;TRUE;1590.373;TRUE;1584.9252;TRUE;1546.9141;TRUE;1594.4644;TRUE;1549.6237;TRUE
29/09/2021 9:29;78300;87;Image20210929-082950_87_65.000.bmp;Image20210929-082950_87_80.000.bmp;Image20210929-082950_87_120.000.bmp;;;1593.0997;TRUE;1577.9703;TRUE;1569.284;TRUE;1615.8054;TRUE;1592.2499;TRUE;1586.698;TRUE;1548.667;TRUE;1596.1616;TRUE;1551.4152;TRUE
29/09/2021 9:44;79200;88;Image20210929-084450_88_65.000.bmp;Image20210929-084450_88_80.000.bmp;Image20210929-084450_88_120.000.bmp;;;1594.9698;TRUE;1579.7554;TRUE;1571.2129;TRUE;1617.6141;TRUE;1594.1875;TRUE;1588.4167;TRUE;1550.5052;TRUE;1597.9651;TRUE;1553.3282;TRUE
29/09/2021 9:59;80100;89;Image20210929-085950_89_65.000.bmp;Image20210929-085950_89_80.000.bmp;Image20210929-085950_89_120.000.bmp;;;1596.7455;TRUE;1581.5754;TRUE;1573.1314;TRUE;1619.4213;TRUE;1595.9609;TRUE;1590.1602;TRUE;1552.3175;TRUE;1599.648;TRUE;1555.1861;TRUE
29/09/2021 10:14;81000;90;Image20210929-091450_90_65.000.bmp;Image20210929-091450_90_80.000.bmp;Image20210929-091450_90_120.000.bmp;;;1598.5431;TRUE;1583.3636;TRUE;1574.9396;TRUE;1621.1991;TRUE;1597.7571;TRUE;1591.8349;TRUE;1554.0897;TRUE;1601.5406;TRUE;1557.016;TRUE
29/09/2021 10:29;81900;91;Image20210929-092950_91_65.000.bmp;Image20210929-092950_91_80.000.bmp;Image20210929-092950_91_120.000.bmp;;;1600.3402;TRUE;1585.1113;TRUE;1576.8077;TRUE;1622.9072;TRUE;1599.5554;TRUE;1593.6918;TRUE;1555.9113;TRUE;1603.3348;TRUE;1558.7777;TRUE
29/09/2021 10:44;82800;92;Image20210929-094450_92_65.000.bmp;Image20210929-094450_92_80.000.bmp;Image20210929-094450_92_120.000.bmp;;;1602.0963;TRUE;1586.8918;TRUE;1578.6224;TRUE;1624.5411;TRUE;1601.4034;TRUE;1595.4036;TRUE;1557.4895;TRUE;1605.1682;TRUE;1560.5906;TRUE
29/09/2021 10:59;83700;93;Image20210929-095950_93_65.000.bmp;Image20210929-095950_93_80.000.bmp;Image20210929-095950_93_120.000.bmp;;;1603.8761;TRUE;1588.7005;TRUE;1580.3984;TRUE;1626.2471;TRUE;1603.1002;TRUE;1597.0766;TRUE;1559.2623;TRUE;1606.879;TRUE;1562.3098;TRUE
29/09/2021 11:14;84600;94;Image20210929-101450_94_65.000.bmp;Image20210929-101450_94_80.000.bmp;Image20210929-101450_94_120.000.bmp;;;1605.51;TRUE;1590.3513;TRUE;1582.1215;TRUE;1627.9513;TRUE;1604.9258;TRUE;1598.6933;TRUE;1560.913;TRUE;1608.3893;TRUE;1564.0911;TRUE
29/09/2021 11:29;85500;95;Image20210929-102950_95_65.000.bmp;Image20210929-102950_95_80.000.bmp;Image20210929-102950_95_120.000.bmp;;;1607.2316;TRUE;1592.0575;TRUE;1583.9375;TRUE;1629.6385;TRUE;1606.6407;TRUE;1600.3712;TRUE;1562.624;TRUE;1610.2552;TRUE;1565.8561;TRUE
29/09/2021 11:59;87300;96;Image20210929-105950_96_65.000.bmp;Image20210929-105950_96_80.000.bmp;Image20210929-105950_96_120.000.bmp;;;1610.5704;TRUE;1595.4559;TRUE;1587.489;TRUE;1632.9375;TRUE;1610.1505;TRUE;1603.7117;TRUE;1566.0125;TRUE;1613.4944;TRUE;1569.2798;TRUE
29/09/2021 12:29;89100;97;Image20210929-112950_97_65.000.bmp;Image20210929-112950_97_80.000.bmp;Image20210929-112950_97_120.000.bmp;;;1613.9374;TRUE;1598.7201;TRUE;1590.9241;TRUE;1636.2482;TRUE;1613.4698;TRUE;1606.8466;TRUE;1569.2451;TRUE;1616.8688;TRUE;1572.6262;TRUE
29/09/2021 12:59;90900;98;Image20210929-115950_98_65.000.bmp;Image20210929-115950_98_80.000.bmp;Image20210929-115950_98_120.000.bmp;;;1617.0751;TRUE;1601.9253;TRUE;1594.2417;TRUE;1639.5251;TRUE;1616.714;TRUE;1610.0538;TRUE;1572.5148;TRUE;1620.0918;TRUE;1575.9221;TRUE
29/09/2021 13:29;92700;99;Image20210929-122950_99_65.000.bmp;Image20210929-122950_99_80.000.bmp;Image20210929-122950_99_120.000.bmp;;;1620.2698;TRUE;1605.1768;TRUE;1597.5443;TRUE;1642.6986;TRUE;1619.9839;TRUE;1613.2618;TRUE;1575.7438;TRUE;1623.1608;TRUE;1579.1241;TRUE
29/09/2021 13:59;94500;100;Image20210929-125950_100_65.000.bmp;Image20210929-125950_100_80.000.bmp;Image20210929-125950_100_120.000.bmp;;;1623.4277;TRUE;1608.4036;TRUE;1600.8603;TRUE;1645.8518;TRUE;1623.1428;TRUE;1616.3616;TRUE;1578.9005;TRUE;1626.4188;TRUE;1582.4149;TRUE
29/09/2021 14:29;96300;101;Image20210929-132950_101_65.000.bmp;Image20210929-132950_101_80.000.bmp;Image20210929-132950_101_120.000.bmp;;;1626.4285;TRUE;1611.5588;TRUE;1604.1018;TRUE;1648.8795;TRUE;1626.3611;TRUE;1619.4994;TRUE;1581.9637;TRUE;1629.2709;TRUE;1585.5657;TRUE
29/09/2021 14:59;98100;102;Image20210929-135950_102_65.000.bmp;Image20210929-135950_102_80.000.bmp;Image20210929-135950_102_120.000.bmp;;;1629.4149;TRUE;1614.6279;TRUE;1607.3353;TRUE;1651.9846;TRUE;1629.3676;TRUE;1622.4644;TRUE;1585.0301;TRUE;1632.4532;TRUE;1588.6464;TRUE
29/09/2021 15:29;99900;103;Image20210929-142950_103_65.000.bmp;Image20210929-142950_103_80.000.bmp;Image20210929-142950_103_120.000.bmp;;;1632.4037;TRUE;1617.6685;TRUE;1610.4014;TRUE;1654.8991;TRUE;1632.2773;TRUE;1625.418;TRUE;1587.9715;TRUE;1635.2578;TRUE;1591.7592;TRUE
29/09/2021 15:59;101700;104;Image20210929-145950_104_65.000.bmp;Image20210929-145950_104_80.000.bmp;Image20210929-145950_104_120.000.bmp;;;1635.2691;TRUE;1620.6592;TRUE;1613.5867;TRUE;1658.0326;TRUE;1635.2095;TRUE;1628.3887;TRUE;1591.0076;TRUE;1638.2271;TRUE;1594.7894;TRUE
29/09/2021 16:29;103500;105;Image20210929-152950_105_65.000.bmp;Image20210929-152950_105_80.000.bmp;Image20210929-152950_105_120.000.bmp;;;1638.1075;TRUE;1623.6416;TRUE;1616.6349;TRUE;1660.9566;TRUE;1638.1645;TRUE;1631.2768;TRUE;1593.8969;TRUE;1641.0731;TRUE;1597.6868;TRUE
29/09/2021 16:59;105300;106;Image20210929-155950_106_65.000.bmp;Image20210929-155950_106_80.000.bmp;Image20210929-155950_106_120.000.bmp;;;1640.8947;TRUE;1626.4497;TRUE;1619.7039;TRUE;1663.912;TRUE;1640.9821;TRUE;1634.1049;TRUE;1596.7381;TRUE;1644.0131;TRUE;1600.6284;TRUE
29/09/2021 17:29;107100;107;Image20210929-162950_107_65.000.bmp;Image20210929-162950_107_80.000.bmp;Image20210929-162950_107_120.000.bmp;;;1643.6485;TRUE;1629.3621;TRUE;1622.6597;TRUE;1666.6949;TRUE;1643.8907;TRUE;1636.9545;TRUE;1599.5711;TRUE;1646.8829;TRUE;1603.4915;TRUE
29/09/2021 17:59;108900;108;Image20210929-165950_108_65.000.bmp;Image20210929-165950_108_80.000.bmp;Image20210929-165950_108_120.000.bmp;;;1646.3809;TRUE;1632.2634;TRUE;1625.5757;TRUE;1669.5073;TRUE;1646.6606;TRUE;1639.6286;TRUE;1602.3672;TRUE;1649.6553;TRUE;1606.3042;TRUE
29/09/2021 18:29;110700;109;Image20210929-172950_109_65.000.bmp;Image20210929-172950_109_80.000.bmp;Image20210929-172950_109_120.000.bmp;;;1649.1217;TRUE;1635.0035;TRUE;1628.5131;TRUE;1672.3536;TRUE;1649.4513;TRUE;1642.4669;TRUE;1605.1786;TRUE;1652.2419;TRUE;1609.2289;TRUE
29/09/2021 18:59;112500;110;Image20210929-175950_110_65.000.bmp;Image20210929-175950_110_80.000.bmp;Image20210929-175950_110_120.000.bmp;;;1651.7979;TRUE;1637.8272;TRUE;1631.402;TRUE;1675.1044;TRUE;1652.2628;TRUE;1645.1806;TRUE;1607.8114;TRUE;1655.0322;TRUE;1611.9663;TRUE
29/09/2021 19:29;114300;111;Image20210929-182950_111_65.000.bmp;Image20210929-182950_111_80.000.bmp;Image20210929-182950_111_120.000.bmp;;;1654.3778;TRUE;1640.5236;TRUE;1634.0994;TRUE;1677.8491;TRUE;1655.0466;TRUE;1647.891;TRUE;1610.5494;TRUE;1657.8096;TRUE;1614.8057;TRUE
29/09/2021 19:59;116100;112;Image20210929-185950_112_65.000.bmp;Image20210929-185950_112_80.000.bmp;Image20210929-185950_112_120.000.bmp;;;1657.0405;TRUE;1643.0842;TRUE;1636.8687;TRUE;1680.5323;TRUE;1657.6644;TRUE;1650.4638;TRUE;1613.1028;TRUE;1660.4638;TRUE;1617.399;TRUE
29/09/2021 20:29;117900;113;Image20210929-192950_113_65.000.bmp;Image20210929-192950_113_80.000.bmp;Image20210929-192950_113_120.000.bmp;;;1659.6027;TRUE;1645.7489;TRUE;1639.6726;TRUE;1683.2147;TRUE;1660.3763;TRUE;1653.0735;TRUE;1615.6462;TRUE;1662.9536;TRUE;1620.0317;TRUE
29/09/2021 20:59;119700;114;Image20210929-195950_114_65.000.bmp;Image20210929-195950_114_80.000.bmp;Image20210929-195950_114_120.000.bmp;;;1662.0798;TRUE;1648.4509;TRUE;1642.3315;TRUE;1685.725;TRUE;1663.0383;TRUE;1655.6313;TRUE;1618.276;TRUE;1665.3212;TRUE;1622.6879;TRUE
29/09/2021 21:29;121500;115;Image20210929-202950_115_65.000.bmp;Image20210929-202950_115_80.000.bmp;Image20210929-202950_115_120.000.bmp;;;1664.6374;TRUE;1650.9735;TRUE;1645.0573;TRUE;1688.3504;TRUE;1665.718;TRUE;1658.1551;TRUE;1620.9318;TRUE;1667.9662;TRUE;1625.3797;TRUE
29/09/2021 21:59;123300;116;Image20210929-205950_116_65.000.bmp;Image20210929-205950_116_80.000.bmp;Image20210929-205950_116_120.000.bmp;;;1667.1182;TRUE;1653.5313;TRUE;1647.6997;TRUE;1690.8872;TRUE;1668.3107;TRUE;1660.6566;TRUE;1623.3979;TRUE;1670.042;TRUE;1627.8779;TRUE
29/09/2021 22:29;125100;117;Image20210929-212950_117_65.000.bmp;Image20210929-212950_117_80.000.bmp;Image20210929-212950_117_120.000.bmp;;;1669.4698;TRUE;1656.0626;TRUE;1650.264;TRUE;1693.3513;TRUE;1670.8687;TRUE;1662.9626;TRUE;1625.9047;TRUE;1672.731;TRUE;1630.5241;TRUE
29/09/2021 22:59;126900;118;Image20210929-215950_118_65.000.bmp;Image20210929-215950_118_80.000.bmp;Image20210929-215950_118_120.000.bmp;;;1671.9272;TRUE;1658.505;TRUE;1652.8503;TRUE;1695.8555;TRUE;1673.4135;TRUE;1665.5158;TRUE;1628.3533;TRUE;1675.3839;TRUE;1632.9845;TRUE
29/09/2021 23:29;128700;119;Image20210929-222950_119_65.000.bmp;Image20210929-222950_119_80.000.bmp;Image20210929-222950_119_120.000.bmp;;;1674.314;TRUE;1660.9796;TRUE;1655.3555;TRUE;1698.3563;TRUE;1676.0037;TRUE;1667.9771;TRUE;1630.8089;TRUE;1677.6356;TRUE;1635.4645;TRUE
29/09/2021 23:59;130500;120;Image20210929-225950_120_65.000.bmp;Image20210929-225950_120_80.000.bmp;Image20210929-225950_120_120.000.bmp;;;1676.7261;TRUE;1663.4605;TRUE;1657.7972;TRUE;1700.8032;TRUE;1678.4699;TRUE;1670.2569;TRUE;1633.3333;TRUE;1680.0113;TRUE;1637.968;TRUE
30/09/2021 0:29;132300;121;Image20210929-232950_121_65.000.bmp;Image20210929-232950_121_80.000.bmp;Image20210929-232950_121_120.000.bmp;;;1679.0517;TRUE;1665.8285;TRUE;1660.2882;TRUE;1703.1982;TRUE;1680.9253;TRUE;1672.6021;TRUE;1635.6065;TRUE;1682.3758;TRUE;1640.4722;TRUE
30/09/2021 0:59;134100;122;Image20210929-235950_122_65.000.bmp;Image20210929-235950_122_80.000.bmp;Image20210929-235950_122_120.000.bmp;;;1681.2772;TRUE;1668.179;TRUE;1662.7134;TRUE;1705.44;TRUE;1683.3074;TRUE;1674.9393;TRUE;1637.9473;TRUE;1684.663;TRUE;1642.9265;TRUE
30/09/2021 1:29;135900;123;Image20210930-002950_123_65.000.bmp;Image20210930-002950_123_80.000.bmp;Image20210930-002950_123_120.000.bmp;;;1683.4913;TRUE;1670.571;TRUE;1665.0587;TRUE;1707.856;TRUE;1685.6633;TRUE;1677.2296;TRUE;1640.3848;TRUE;1686.8651;TRUE;1645.3173;TRUE
30/09/2021 1:59;137700;124;Image20210930-005950_124_65.000.bmp;Image20210930-005950_124_80.000.bmp;Image20210930-005950_124_120.000.bmp;;;1685.7213;TRUE;1672.8885;TRUE;1667.3548;TRUE;1710.1721;TRUE;1688.0593;TRUE;1679.52;TRUE;1642.6385;TRUE;1689.1579;TRUE;1647.5599;TRUE
30/09/2021 2:29;139500;125;Image20210930-012950_125_65.000.bmp;Image20210930-012950_125_80.000.bmp;Image20210930-012950_125_120.000.bmp;;;1687.9842;TRUE;1675.1505;TRUE;1669.7022;TRUE;1712.4896;TRUE;1690.3814;TRUE;1681.6999;TRUE;1644.8781;TRUE;1691.2649;TRUE;1649.9338;TRUE
30/09/2021 2:59;141300;126;Image20210930-015950_126_65.000.bmp;Image20210930-015950_126_80.000.bmp;Image20210930-015950_126_120.000.bmp;;;1690.0701;TRUE;1677.384;TRUE;1672.1198;TRUE;1714.752;TRUE;1692.702;TRUE;1683.9128;TRUE;1647.2278;TRUE;1693.5378;TRUE;1652.2574;TRUE
30/09/2021 3:29;143100;127;Image20210930-022950_127_65.000.bmp;Image20210930-022950_127_80.000.bmp;Image20210930-022950_127_120.000.bmp;;;1692.328;TRUE;1679.6684;TRUE;1674.3212;TRUE;1717.0703;TRUE;1695.061;TRUE;1685.9454;TRUE;1649.4795;TRUE;1695.6711;TRUE;1654.5572;TRUE
30/09/2021 3:59;144900;128;Image20210930-025950_128_65.000.bmp;Image20210930-025950_128_80.000.bmp;Image20210930-025950_128_120.000.bmp;;;1694.518;TRUE;1681.8735;TRUE;1676.6113;TRUE;1719.2419;TRUE;1697.2007;TRUE;1688.2081;TRUE;1651.6314;TRUE;1697.863;TRUE;1656.8616;TRUE
30/09/2021 4:29;146700;129;Image20210930-032950_129_65.000.bmp;Image20210930-032950_129_80.000.bmp;Image20210930-032950_129_120.000.bmp;;;1696.5867;TRUE;1683.9764;TRUE;1678.8493;TRUE;1721.4448;TRUE;1699.4849;TRUE;1690.3218;TRUE;1653.9659;TRUE;1699.9788;TRUE;1659.0668;TRUE
30/09/2021 4:59;148500;130;Image20210930-035950_130_65.000.bmp;Image20210930-035950_130_80.000.bmp;Image20210930-035950_130_120.000.bmp;;;1698.6603;TRUE;1686.1423;TRUE;1681.077;TRUE;1723.9279;TRUE;1701.8214;TRUE;1692.4837;TRUE;1656.2167;TRUE;1702.0636;TRUE;1661.3788;TRUE
30/09/2021 5:29;150300;131;Image20210930-042950_131_65.000.bmp;Image20210930-042950_131_80.000.bmp;Image20210930-042950_131_120.000.bmp;;;1700.726;TRUE;1688.3699;TRUE;1683.1443;TRUE;1726.8589;TRUE;1703.9236;TRUE;1694.5961;TRUE;1658.3317;TRUE;1704.2807;TRUE;1663.5476;TRUE
30/09/2021 5:59;152100;132;Image20210930-045950_132_65.000.bmp;Image20210930-045950_132_80.000.bmp;Image20210930-045950_132_120.000.bmp;;;1702.7883;TRUE;1690.4503;TRUE;1685.3353;TRUE;1731.1256;TRUE;1706.1394;TRUE;1696.7111;TRUE;1660.5181;TRUE;1706.4016;TRUE;1665.713;TRUE
30/09/2021 6:29;153901;133;Image20210930-052951_133_65.000.bmp;Image20210930-052951_133_80.000.bmp;Image20210930-052951_133_120.000.bmp;;;1704.863;TRUE;1692.6694;TRUE;1687.5425;TRUE;1736.4022;TRUE;1708.3426;TRUE;1698.8651;TRUE;1662.6218;TRUE;1708.48;TRUE;1667.9102;TRUE
30/09/2021 6:59;155700;134;Image20210930-055950_134_65.000.bmp;Image20210930-055950_134_80.000.bmp;Image20210930-055950_134_120.000.bmp;;;1706.8574;TRUE;1694.707;TRUE;1689.5518;TRUE;1741.3751;TRUE;1710.3352;TRUE;1701.1664;TRUE;1664.7729;TRUE;1710.5294;TRUE;1670.0627;TRUE
30/09/2021 7:29;157500;135;Image20210930-062950_135_65.000.bmp;Image20210930-062950_135_80.000.bmp;Image20210930-062950_135_120.000.bmp;;;1708.9355;TRUE;1696.8658;TRUE;1691.7258;TRUE;1745.4471;TRUE;1712.4666;TRUE;1703.8059;TRUE;1666.7944;TRUE;1712.5648;TRUE;1672.1868;TRUE
30/09/2021 7:59;159300;136;Image20210930-065950_136_65.000.bmp;Image20210930-065950_136_80.000.bmp;Image20210930-065950_136_120.000.bmp;;;1710.8456;TRUE;1699.0327;TRUE;1693.7131;TRUE;1748.7751;TRUE;1714.6251;TRUE;1707.0003;TRUE;1669.0201;TRUE;1714.4935;TRUE;1674.3157;TRUE
30/09/2021 8:29;161100;137;Image20210930-072950_137_65.000.bmp;Image20210930-072950_137_80.000.bmp;Image20210930-072950_137_120.000.bmp;;;1712.8469;TRUE;1701.2473;TRUE;1696.0625;TRUE;1752.395;TRUE;1716.7225;TRUE;1710.528;TRUE;1670.9603;TRUE;1716.4909;TRUE;1676.395;TRUE
30/09/2021 8:59;162900;138;Image20210930-075950_138_65.000.bmp;Image20210930-075950_138_80.000.bmp;Image20210930-075950_138_120.000.bmp;;;1715;TRUE;1703.5752;TRUE;1698.4565;TRUE;1756.0157;TRUE;1718.7208;TRUE;1714.0512;TRUE;1673.0443;TRUE;1718.5538;TRUE;1678.492;TRUE
30/09/2021 9:29;164700;139;Image20210930-082950_139_65.000.bmp;Image20210930-082950_139_80.000.bmp;Image20210930-082950_139_120.000.bmp;;;1717.1997;TRUE;1705.9387;TRUE;1700.7277;TRUE;1759.6062;TRUE;1720.8366;TRUE;1716.6254;TRUE;1675.1781;TRUE;1720.5071;TRUE;1680.6862;TRUE
30/09/2021 9:59;166500;140;Image20210930-085950_140_65.000.bmp;Image20210930-085950_140_80.000.bmp;Image20210930-085950_140_120.000.bmp;;;1719.6098;TRUE;1708.6376;TRUE;1703.2141;TRUE;1763.4811;TRUE;1722.9503;TRUE;1720.1083;TRUE;1677.2395;TRUE;1722.536;TRUE;1683.0635;TRUE
30/09/2021 10:29;168300;141;Image20210930-092950_141_65.000.bmp;Image20210930-092950_141_80.000.bmp;Image20210930-092950_141_120.000.bmp;;;1722.1266;TRUE;1711.8616;TRUE;1705.8082;TRUE;1767.5648;TRUE;1725.1057;TRUE;1723.6667;TRUE;1679.2683;TRUE;1724.4663;TRUE;1685.2643;TRUE
30/09/2021 10:59;170100;142;Image20210930-095950_142_65.000.bmp;Image20210930-095950_142_80.000.bmp;Image20210930-095950_142_120.000.bmp;;;1725.1385;TRUE;1715.4712;TRUE;1708.868;TRUE;1771.2412;TRUE;1727.4178;TRUE;1727.2394;TRUE;1681.3102;TRUE;1726.8225;TRUE;1688.1077;TRUE
30/09/2021 11:29;171900;143;Image20210930-102950_143_65.000.bmp;Image20210930-102950_143_80.000.bmp;Image20210930-102950_143_120.000.bmp;;;1728.4635;TRUE;1718.47;TRUE;1712.0118;TRUE;1774.7932;TRUE;1729.7085;TRUE;1731.1606;TRUE;1683.4096;TRUE;1729.813;TRUE;1691.2908;TRUE
30/09/2021 11:59;173700;144;Image20210930-105950_144_65.000.bmp;Image20210930-105950_144_80.000.bmp;Image20210930-105950_144_120.000.bmp;;;1731.6356;TRUE;1721.0756;TRUE;1714.4033;TRUE;1778.4505;TRUE;1732.4907;TRUE;1734.8038;TRUE;1685.3572;TRUE;1733.6221;TRUE;1695.4406;TRUE
30/09/2021 12:29;175501;145;Image20210930-112951_145_65.000.bmp;Image20210930-112951_145_80.000.bmp;Image20210930-112951_145_120.000.bmp;;;1735.0941;TRUE;1723.8264;TRUE;1717.0478;TRUE;1782.1581;TRUE;1735.7401;TRUE;1738.5784;TRUE;1687.4875;TRUE;1737.8602;TRUE;1697.4224;TRUE
30/09/2021 12:59;177300;146;Image20210930-115950_146_65.000.bmp;Image20210930-115950_146_80.000.bmp;Image20210930-115950_146_120.000.bmp;;;1738.5408;TRUE;1726.7685;TRUE;1720.6719;TRUE;1785.344;TRUE;1739.8708;TRUE;1742.4176;TRUE;1689.8457;TRUE;1742.9375;TRUE;1700.3296;TRUE
30/09/2021 13:29;179100;147;Image20210930-122950_147_65.000.bmp;Image20210930-122950_147_80.000.bmp;Image20210930-122950_147_120.000.bmp;;;1741.4763;TRUE;1730.4592;TRUE;1724.1691;TRUE;1788.7204;TRUE;1743.7918;TRUE;1745.9892;TRUE;1693.8229;TRUE;1747.0677;TRUE;1703.3138;TRUE
30/09/2021 13:59;180900;148;Image20210930-125950_148_65.000.bmp;Image20210930-125950_148_80.000.bmp;Image20210930-125950_148_120.000.bmp;;;1744.4046;TRUE;1734.2834;TRUE;1728.7052;TRUE;1791.9796;TRUE;1745.9608;TRUE;1749.36;TRUE;1695.0236;TRUE;1751.0239;TRUE;1707.8743;TRUE
30/09/2021 14:29;182700;149;Image20210930-132950_149_65.000.bmp;Image20210930-132950_149_80.000.bmp;Image20210930-132950_149_120.000.bmp;;;1747.7477;TRUE;1738.0659;TRUE;1732.4138;TRUE;1795.092;TRUE;1749.5744;TRUE;1752.4924;TRUE;1702.2007;TRUE;1755.0387;TRUE;1712.155;TRUE
30/09/2021 14:59;184500;150;Image20210930-135950_150_65.000.bmp;Image20210930-135950_150_80.000.bmp;Image20210930-135950_150_120.000.bmp;;;1751.7012;TRUE;1742.2808;TRUE;1736.4909;TRUE;1798.0209;TRUE;1753.4837;TRUE;1755.8442;TRUE;1707.7526;TRUE;1759.0153;TRUE;1716.5786;TRUE
30/09/2021 15:29;186300;151;Image20210930-142950_151_65.000.bmp;Image20210930-142950_151_80.000.bmp;Image20210930-142950_151_120.000.bmp;;;1755.5915;TRUE;1746.8098;TRUE;1741.2667;TRUE;1801.1981;TRUE;1757.5505;TRUE;1759.5974;TRUE;1712.9738;TRUE;1763.1827;TRUE;1720.7589;TRUE
30/09/2021 15:59;188100;152;Image20210930-145950_152_65.000.bmp;Image20210930-145950_152_80.000.bmp;Image20210930-145950_152_120.000.bmp;;;1759.8181;TRUE;1751.045;TRUE;1745.3683;TRUE;;FALSE;1761.4269;TRUE;1763.11;TRUE;1717.5048;TRUE;1767.2418;TRUE;1724.6364;TRUE
30/09/2021 16:29;189900;153;Image20210930-152950_153_65.000.bmp;Image20210930-152950_153_80.000.bmp;Image20210930-152950_153_120.000.bmp;;;1763.8194;TRUE;1755.6071;TRUE;1749.8181;TRUE;1739.405;TRUE;1765.4905;TRUE;1765.9211;TRUE;1722.187;TRUE;1770.9067;TRUE;1728.2113;TRUE
30/09/2021 16:59;191700;154;Image20210930-155950_154_65.000.bmp;Image20210930-155950_154_80.000.bmp;Image20210930-155950_154_120.000.bmp;;;1767.8853;TRUE;1760.2655;TRUE;1753.8705;TRUE;;FALSE;1769.4799;TRUE;1769.0026;TRUE;1726.7517;TRUE;1774.7056;TRUE;1731.611;TRUE
30/09/2021 17:29;193500;155;Image20210930-162950_155_65.000.bmp;Image20210930-162950_155_80.000.bmp;Image20210930-162950_155_120.000.bmp;;;1771.8175;TRUE;1764.6002;TRUE;1758.4653;TRUE;1742.8015;TRUE;1773.3555;TRUE;1723.2125;TRUE;1731.0215;TRUE;1778.4187;TRUE;1735.1586;TRUE
30/09/2021 17:59;195300;156;Image20210930-165950_156_65.000.bmp;Image20210930-165950_156_80.000.bmp;Image20210930-165950_156_120.000.bmp;;;1775.5963;TRUE;1769.366;TRUE;1762.9207;TRUE;1743.0175;TRUE;1776.9697;TRUE;1716.4338;TRUE;1734.8488;TRUE;1782.418;TRUE;1738.9987;TRUE
30/09/2021 18:29;197100;157;Image20210930-172950_157_65.000.bmp;Image20210930-172950_157_80.000.bmp;Image20210930-172950_157_120.000.bmp;;;1779.4597;TRUE;1772.8734;TRUE;1766.6985;TRUE;;FALSE;1780.2352;TRUE;1715.1768;TRUE;1738.9225;TRUE;1785.96;TRUE;1742.3188;TRUE
30/09/2021 18:59;198900;158;Image20210930-175950_158_65.000.bmp;Image20210930-175950_158_80.000.bmp;Image20210930-175950_158_120.000.bmp;;;1783.0848;TRUE;1776.3918;TRUE;1770.8149;TRUE;1742.9611;TRUE;1783.6823;TRUE;1715.2219;TRUE;1742.9788;TRUE;1789.5891;TRUE;1745.8262;TRUE
30/09/2021 19:29;200700;159;Image20210930-182950_159_65.000.bmp;Image20210930-182950_159_80.000.bmp;Image20210930-182950_159_120.000.bmp;;;1786.681;TRUE;1780.3442;TRUE;1774.5491;TRUE;1742.6196;TRUE;1787.0591;TRUE;1715.5939;TRUE;1746.9937;TRUE;1792.8312;TRUE;1749.6295;TRUE
30/09/2021 19:59;202500;160;Image20210930-185950_160_65.000.bmp;Image20210930-185950_160_80.000.bmp;Image20210930-185950_160_120.000.bmp;;;1790.2402;TRUE;1783.5921;TRUE;1777.5015;TRUE;1761.2611;TRUE;1790.3024;TRUE;1718.2064;TRUE;1750.9092;TRUE;1796.3535;TRUE;1753.5471;TRUE
30/09/2021 20:29;204300;161;Image20210930-192950_161_65.000.bmp;Image20210930-192950_161_80.000.bmp;Image20210930-192950_161_120.000.bmp;;;1794.0009;TRUE;1726.4382;TRUE;1712.5274;TRUE;1743.3643;TRUE;1793.2087;TRUE;1716.1635;TRUE;1754.3862;TRUE;1799.5237;TRUE;1757.3446;TRUE
30/09/2021 20:59;206100;162;Image20210930-195950_162_65.000.bmp;Image20210930-195950_162_80.000.bmp;Image20210930-195950_162_120.000.bmp;;;1797.3084;TRUE;;FALSE;1716.368;TRUE;1742.4708;TRUE;1796.279;TRUE;1716.5065;TRUE;1757.7797;TRUE;1802.6401;TRUE;1760.6526;TRUE
30/09/2021 21:29;207900;163;Image20210930-202950_163_65.000.bmp;Image20210930-202950_163_80.000.bmp;Image20210930-202950_163_120.000.bmp;;;1800.2414;TRUE;1719.3303;TRUE;;FALSE;1742.1475;TRUE;1799.3813;TRUE;1715.622;TRUE;1761.2651;TRUE;1805.2906;TRUE;1764.0932;TRUE
30/09/2021 21:59;209700;164;Image20210930-205950_164_65.000.bmp;Image20210930-205950_164_80.000.bmp;Image20210930-205950_164_120.000.bmp;;;1803.056;TRUE;1721.7174;TRUE;1705.3134;TRUE;1744.883;TRUE;;FALSE;1715.4772;TRUE;1764.5023;TRUE;;FALSE;1767.5398;TRUE
30/09/2021 22:29;211500;165;Image20210930-212950_165_65.000.bmp;Image20210930-212950_165_80.000.bmp;Image20210930-212950_165_120.000.bmp;;;1732.6705;TRUE;1737.2968;TRUE;1711.9374;TRUE;1743.6329;TRUE;1750.9684;TRUE;1715.2392;TRUE;1768.1;TRUE;1747.7197;TRUE;1701.5288;TRUE
30/09/2021 22:59;213300;166;Image20210930-215950_166_65.000.bmp;Image20210930-215950_166_80.000.bmp;Image20210930-215950_166_120.000.bmp;;;;FALSE;1732.3162;TRUE;1716.6973;TRUE;1742.8077;TRUE;1756.1131;TRUE;1715.7062;TRUE;1712.2452;TRUE;1748.1259;TRUE;1700.6536;TRUE
30/09/2021 23:29;215100;167;Image20210930-222950_167_65.000.bmp;Image20210930-222950_167_80.000.bmp;Image20210930-222950_167_120.000.bmp;;;;FALSE;1736.1346;TRUE;;FALSE;1743.3857;TRUE;1750.5043;TRUE;1719.4425;TRUE;1723.5538;TRUE;1748.2159;TRUE;1701.4678;TRUE
30/09/2021 23:59;216900;168;Image20210930-225950_168_65.000.bmp;Image20210930-225950_168_80.000.bmp;Image20210930-225950_168_120.000.bmp;;;;FALSE;;FALSE;1724.8702;TRUE;1745.345;TRUE;1750.9239;TRUE;1714.0963;TRUE;1710.1821;TRUE;1767.5956;TRUE;1702.1099;TRUE
1/10/2021 0:29;218700;169;Image20210930-232950_169_65.000.bmp;Image20210930-232950_169_80.000.bmp;Image20210930-232950_169_120.000.bmp;;;1733.2646;TRUE;1721.4551;TRUE;;FALSE;1745.1286;TRUE;1751.3811;TRUE;1713.1969;TRUE;1709.8556;TRUE;1755.7633;TRUE;1702.0391;TRUE
1/10/2021 0:59;220500;170;Image20210930-235950_170_65.000.bmp;Image20210930-235950_170_80.000.bmp;Image20210930-235950_170_120.000.bmp;;;1747.0537;TRUE;1722.1429;TRUE;1713.4986;TRUE;1743.7928;TRUE;1750.7994;TRUE;1715.8362;TRUE;;FALSE;1746.5906;TRUE;1702.6599;TRUE
1/10/2021 1:29;222300;171;Image20211001-002950_171_65.000.bmp;Image20211001-002950_171_80.000.bmp;Image20211001-002950_171_120.000.bmp;;;;FALSE;1721.85;TRUE;;FALSE;;FALSE;1749.9703;TRUE;1716.3477;TRUE;1724.6298;TRUE;;FALSE;1701.9162;TRUE
1/10/2021 1:59;224100;172;Image20211001-005950_172_65.000.bmp;Image20211001-005950_172_80.000.bmp;Image20211001-005950_172_120.000.bmp;;;1730.4302;TRUE;;FALSE;;FALSE;;FALSE;1754.2545;TRUE;1717.8448;TRUE;1710.9194;TRUE;1750.0746;TRUE;1702.0575;TRUE
1/10/2021 2:29;225900;173;Image20211001-012950_173_65.000.bmp;Image20211001-012950_173_80.000.bmp;Image20211001-012950_173_120.000.bmp;;;1730.9978;TRUE;1723.4937;TRUE;;FALSE;1745.041;TRUE;1752.3749;TRUE;1721.5599;TRUE;1711.389;TRUE;;FALSE;1701.1694;TRUE
1/10/2021 2:59;227700;174;Image20211001-015950_174_65.000.bmp;Image20211001-015950_174_80.000.bmp;Image20211001-015950_174_120.000.bmp;;;1732.0147;TRUE;1722.4874;TRUE;1714.9191;TRUE;1744.5309;TRUE;1748.6663;TRUE;1716.7684;TRUE;1710.3271;TRUE;1763.5032;TRUE;1711.6527;TRUE
1/10/2021 3:29;229500;175;Image20211001-022950_175_65.000.bmp;Image20211001-022950_175_80.000.bmp;Image20211001-022950_175_120.000.bmp;;;1731.8223;TRUE;1722.043;TRUE;1712.8313;TRUE;1744.9774;TRUE;1752.6781;TRUE;1713.5331;TRUE;1709.5609;TRUE;1747.2234;TRUE;1701.9899;TRUE
1/10/2021 3:59;231300;176;Image20211001-025950_176_65.000.bmp;Image20211001-025950_176_80.000.bmp;Image20211001-025950_176_120.000.bmp;;;1733.6371;TRUE;1722.1883;TRUE;1710.8019;TRUE;1744.6858;TRUE;1749.333;TRUE;1715.9974;TRUE;1710.0649;TRUE;1759.9676;TRUE;1702.3281;TRUE
1/10/2021 4:29;233100;177;Image20211001-032950_177_65.000.bmp;Image20211001-032950_177_80.000.bmp;Image20211001-032950_177_120.000.bmp;;;1732.8623;TRUE;1721.4457;TRUE;1714.2079;TRUE;;FALSE;1750.7502;TRUE;1716.2708;TRUE;1715.4174;TRUE;1747.5475;TRUE;1701.7245;TRUE
1/10/2021 4:59;234901;178;Image20211001-035951_178_65.000.bmp;Image20211001-035951_178_80.000.bmp;Image20211001-035951_178_120.000.bmp;;;1731.8507;TRUE;1722.4608;TRUE;1723.7491;TRUE;1742.2101;TRUE;1752.4261;TRUE;1714.5854;TRUE;1710.9937;TRUE;;FALSE;1701.4978;TRUE
1/10/2021 5:29;236700;179;Image20211001-042950_179_65.000.bmp;Image20211001-042950_179_80.000.bmp;Image20211001-042950_179_120.000.bmp;;;1733.1465;TRUE;1733.9821;TRUE;1714.6392;TRUE;1761.6688;TRUE;1750.1478;TRUE;1717.3608;TRUE;;FALSE;1754.9435;TRUE;1702.3788;TRUE
1/10/2021 5:59;238500;180;Image20211001-045950_180_65.000.bmp;Image20211001-045950_180_80.000.bmp;Image20211001-045950_180_120.000.bmp;;;1731.8208;TRUE;1722.6797;TRUE;1714.3109;TRUE;1745.644;TRUE;1751.8053;TRUE;1728.8961;TRUE;1711.428;TRUE;1748.0671;TRUE;1702.2684;TRUE
1/10/2021 6:29;240300;181;Image20211001-052950_181_65.000.bmp;Image20211001-052950_181_80.000.bmp;Image20211001-052950_181_120.000.bmp;;;1733.4454;TRUE;1718.1852;TRUE;1714.2254;TRUE;;FALSE;1749.8458;TRUE;1716.2958;TRUE;1713.6195;TRUE;1746.4177;TRUE;1707.1204;TRUE
1/10/2021 6:59;242100;182;Image20211001-055950_182_65.000.bmp;Image20211001-055950_182_80.000.bmp;Image20211001-055950_182_120.000.bmp;;;1744.2047;TRUE;1735.8859;TRUE;;FALSE;;FALSE;1750.8899;TRUE;1714.7026;TRUE;1710.8088;TRUE;1747.4128;TRUE;1701.3026;TRUE
1/10/2021 7:29;243900;183;Image20211001-062950_183_65.000.bmp;Image20211001-062950_183_80.000.bmp;Image20211001-062950_183_120.000.bmp;;;1732.5345;TRUE;1733.5242;TRUE;1714.6088;TRUE;1745.1995;TRUE;1751.0292;TRUE;1716.6938;TRUE;1710.6207;TRUE;1749.7372;TRUE;1702.2532;TRUE
1/10/2021 7:59;245700;184;Image20211001-065950_184_65.000.bmp;Image20211001-065950_184_80.000.bmp;Image20211001-065950_184_120.000.bmp;;;1732.105;TRUE;;FALSE;1710.5925;TRUE;1744.9604;TRUE;1749.8424;TRUE;1715.83;TRUE;1713.1454;TRUE;1749.3268;TRUE;1701.5405;TRUE
1/10/2021 8:29;247500;185;Image20211001-072950_185_65.000.bmp;Image20211001-072950_185_80.000.bmp;Image20211001-072950_185_120.000.bmp;;;1732.6722;TRUE;;FALSE;1714.3401;TRUE;1743.5747;TRUE;1750.8282;TRUE;1716.5507;TRUE;;FALSE;1749.9395;TRUE;1700.6907;TRUE
1/10/2021 8:59;249300;186;Image20211001-075950_186_65.000.bmp;Image20211001-075950_186_80.000.bmp;Image20211001-075950_186_120.000.bmp;;;;FALSE;;FALSE;1711.4;TRUE;1743.6672;TRUE;1751.0784;TRUE;1715.6864;TRUE;;FALSE;1747.7447;TRUE;1701.5284;TRUE
1/10/2021 9:29;251100;187;Image20211001-082950_187_65.000.bmp;Image20211001-082950_187_80.000.bmp;Image20211001-082950_187_120.000.bmp;;;1733.0264;TRUE;1718.2263;TRUE;1716.2164;TRUE;1744.7556;TRUE;1749.5586;TRUE;1715.1;TRUE;;FALSE;1744.9197;TRUE;1700.9287;TRUE
1/10/2021 9:59;252900;188;Image20211001-085950_188_65.000.bmp;Image20211001-085950_188_80.000.bmp;Image20211001-085950_188_120.000.bmp;;;1735.4285;TRUE;1723.6381;TRUE;1713.4131;TRUE;;FALSE;1751.0749;TRUE;1716.8361;TRUE;;FALSE;1756.6693;TRUE;1700.6401;TRUE
1/10/2021 10:29;254700;189;Image20211001-092950_189_65.000.bmp;Image20211001-092950_189_80.000.bmp;Image20211001-092950_189_120.000.bmp;;;1731.3101;TRUE;1721.4052;TRUE;;FALSE;1744.5805;TRUE;1750.9292;TRUE;1715.4093;TRUE;1713.108;TRUE;;FALSE;1702.9979;TRUE
1/10/2021 10:59;256500;190;Image20211001-095950_190_65.000.bmp;Image20211001-095950_190_80.000.bmp;Image20211001-095950_190_120.000.bmp;;;1732.2429;TRUE;1722.7025;TRUE;1710.8624;TRUE;1745.5562;TRUE;1751.4264;TRUE;1715.6581;TRUE;1710.2784;TRUE;1748.4459;TRUE;1701.6002;TRUE
1/10/2021 11:29;258300;191;Image20211001-102950_191_65.000.bmp;Image20211001-102950_191_80.000.bmp;Image20211001-102950_191_120.000.bmp;;;1733.2315;TRUE;1722.5397;TRUE;1712.6514;TRUE;1747.1036;TRUE;;FALSE;1716.3225;TRUE;1710.189;TRUE;1747.0398;TRUE;1702.7161;TRUE
1/10/2021 11:59;260100;192;Image20211001-105950_192_65.000.bmp;Image20211001-105950_192_80.000.bmp;Image20211001-105950_192_120.000.bmp;;;1731.2499;TRUE;1722.4183;TRUE;;FALSE;;FALSE;1753.3157;TRUE;1716.2318;TRUE;1710.502;TRUE;;FALSE;1700.8354;TRUE
1/10/2021 12:29;261900;193;Image20211001-112950_193_65.000.bmp;Image20211001-112950_193_80.000.bmp;Image20211001-112950_193_120.000.bmp;;;1733.1396;TRUE;;FALSE;1712.1413;TRUE;1744.0371;TRUE;1748.4838;TRUE;1714.5634;TRUE;1710.7538;TRUE;;FALSE;1702.5577;TRUE
1/10/2021 12:59;263700;194;Image20211001-115950_194_65.000.bmp;Image20211001-115950_194_80.000.bmp;Image20211001-115950_194_120.000.bmp;;;1734.2273;TRUE;1733.6425;TRUE;1713.7593;TRUE;;FALSE;1751.8929;TRUE;1713.5675;TRUE;1710.7019;TRUE;1753.6379;TRUE;1700.8492;TRUE
1/10/2021 13:29;265500;195;Image20211001-122950_195_65.000.bmp;Image20211001-122950_195_80.000.bmp;Image20211001-122950_195_120.000.bmp;;;1747.0613;TRUE;1722.4774;TRUE;1714.3526;TRUE;1745.5088;TRUE;1754.7939;TRUE;1715.2316;TRUE;1710.3165;TRUE;;FALSE;1701.8994;TRUE
1/10/2021 13:59;267300;196;Image20211001-125950_196_65.000.bmp;Image20211001-125950_196_80.000.bmp;Image20211001-125950_196_120.000.bmp;;;1735.9449;TRUE;1722.8961;TRUE;1716.0302;TRUE;1744.9973;TRUE;1751.79;TRUE;1715.4944;TRUE;1702.6588;TRUE;;FALSE;1701.3362;TRUE
1/10/2021 14:29;269100;197;Image20211001-132950_197_65.000.bmp;Image20211001-132950_197_80.000.bmp;Image20211001-132950_197_120.000.bmp;;;;FALSE;1722.3184;TRUE;1713.2467;TRUE;1759.8536;TRUE;1752.1936;TRUE;1714.3192;TRUE;1710.2664;TRUE;1748.4445;TRUE;1701.7001;TRUE
1/10/2021 14:59;270900;198;Image20211001-135950_198_65.000.bmp;Image20211001-135950_198_80.000.bmp;Image20211001-135950_198_120.000.bmp;;;1731.9965;TRUE;;FALSE;1715.5614;TRUE;1744.6025;TRUE;1749.0128;TRUE;1715.5192;TRUE;1710.0729;TRUE;1758.8133;TRUE;1700.4313;TRUE
1/10/2021 15:29;272700;199;Image20211001-142950_199_65.000.bmp;Image20211001-142950_199_80.000.bmp;Image20211001-142950_199_120.000.bmp;;;1730.8086;TRUE;1733.5717;TRUE;1721.9358;TRUE;1744.4668;TRUE;1749.9503;TRUE;1715.3;TRUE;1715.1985;TRUE;;FALSE;1700.7993;TRUE
1/10/2021 15:59;274500;200;Image20211001-145950_200_65.000.bmp;Image20211001-145950_200_80.000.bmp;Image20211001-145950_200_120.000.bmp;;;1731.6798;TRUE;1728.9763;TRUE;1714.909;TRUE;1748.8453;TRUE;1752.9769;TRUE;;FALSE;1710.6926;TRUE;1748.5292;TRUE;1702.4825;TRUE
1/10/2021 16:29;276300;201;Image20211001-152950_201_65.000.bmp;Image20211001-152950_201_80.000.bmp;Image20211001-152950_201_120.000.bmp;;;1732.5685;TRUE;1726.9901;TRUE;1719.4189;TRUE;1745.0475;TRUE;1748.1868;TRUE;1716.5985;TRUE;1710.2474;TRUE;1746.5615;TRUE;1701.2951;TRUE
1/10/2021 16:59;278100;202;Image20211001-155950_202_65.000.bmp;Image20211001-155950_202_80.000.bmp;Image20211001-155950_202_120.000.bmp;;;1735.2569;TRUE;1722.5304;TRUE;;FALSE;1745.1941;TRUE;1748.9185;TRUE;1716.9279;TRUE;1711.788;TRUE;1755.3096;TRUE;1701.4089;TRUE
1/10/2021 17:29;279900;203;Image20211001-162950_203_65.000.bmp;Image20211001-162950_203_80.000.bmp;Image20211001-162950_203_120.000.bmp;;;1745.7433;TRUE;1720.0916;TRUE;1718.2472;TRUE;1745.8643;TRUE;1750.2557;TRUE;1716.8089;TRUE;1710.7528;TRUE;1749.0933;TRUE;1701.5797;TRUE
1/10/2021 17:59;281701;204;Image20211001-165951_204_65.000.bmp;Image20211001-165951_204_80.000.bmp;Image20211001-165951_204_120.000.bmp;;;1731.1815;TRUE;1738.6134;TRUE;1717.9435;TRUE;1745.1187;TRUE;1752.2115;TRUE;1715.5629;TRUE;1711.4606;TRUE;;FALSE;1701.3635;TRUE
1/10/2021 18:29;283500;205;Image20211001-172950_205_65.000.bmp;Image20211001-172950_205_80.000.bmp;Image20211001-172950_205_120.000.bmp;;;1731.9039;TRUE;1722.1602;TRUE;1724.5947;TRUE;1746.0137;TRUE;1755.4583;TRUE;1714.1365;TRUE;1699.4261;TRUE;1747.6271;TRUE;1701.6719;TRUE
1/10/2021 18:59;285300;206;Image20211001-175950_206_65.000.bmp;Image20211001-175950_206_80.000.bmp;Image20211001-175950_206_120.000.bmp;;;1732.191;TRUE;1732.9717;TRUE;1718.2813;TRUE;;FALSE;1750.1292;TRUE;1715.3431;TRUE;1711.5404;TRUE;1747.2807;TRUE;1700.5717;TRUE
1/10/2021 19:29;287100;207;Image20211001-182950_207_65.000.bmp;Image20211001-182950_207_80.000.bmp;Image20211001-182950_207_120.000.bmp;;;1731.2335;TRUE;1722.0532;TRUE;1718.3392;TRUE;1744.9919;TRUE;1750.7604;TRUE;1716.4689;TRUE;1709.4843;TRUE;1748.103;TRUE;1703.789;TRUE
1/10/2021 19:59;288900;208;Image20211001-185950_208_65.000.bmp;Image20211001-185950_208_80.000.bmp;Image20211001-185950_208_120.000.bmp;;;1732.7935;TRUE;1721.0901;TRUE;;FALSE;1745.1353;TRUE;1751.8913;TRUE;1714.2487;TRUE;1710.7599;TRUE;1749.2209;TRUE;1700.8138;TRUE
1/10/2021 20:29;290700;209;Image20211001-192950_209_65.000.bmp;Image20211001-192950_209_80.000.bmp;Image20211001-192950_209_120.000.bmp;;;;FALSE;1721.7655;TRUE;;FALSE;1743.646;TRUE;1744.5001;TRUE;1715.5688;TRUE;;FALSE;1747.4745;TRUE;1700.9587;TRUE
1/10/2021 20:59;292500;210;Image20211001-195950_210_65.000.bmp;Image20211001-195950_210_80.000.bmp;Image20211001-195950_210_120.000.bmp;;;1731.4132;TRUE;1722.3388;TRUE;1714.3661;TRUE;1744.0388;TRUE;1753.0201;TRUE;1719.6752;TRUE;1711.0767;TRUE;1749.6282;TRUE;1702.4053;TRUE
1/10/2021 21:29;294300;211;Image20211001-202950_211_65.000.bmp;Image20211001-202950_211_80.000.bmp;Image20211001-202950_211_120.000.bmp;;;1729.9911;TRUE;1721.6152;TRUE;;FALSE;1741.7094;TRUE;1749.7979;TRUE;1715.1083;TRUE;1699.525;TRUE;1746.3018;TRUE;1705.8956;TRUE
1/10/2021 21:59;296100;212;Image20211001-205950_212_65.000.bmp;Image20211001-205950_212_80.000.bmp;Image20211001-205950_212_120.000.bmp;;;;FALSE;1722.6509;TRUE;1726.9435;TRUE;1743.4555;TRUE;1746.152;TRUE;1716.1411;TRUE;1713.5035;TRUE;1750.4494;TRUE;1701.5288;TRUE
1/10/2021 22:29;297900;213;Image20211001-212950_213_65.000.bmp;Image20211001-212950_213_80.000.bmp;Image20211001-212950_213_120.000.bmp;;;1734.6548;TRUE;1722.9049;TRUE;1712.9879;TRUE;1744.5303;TRUE;1750.9131;TRUE;1715.45;TRUE;1712.7284;TRUE;1746.4429;TRUE;1705.0482;TRUE
1/10/2021 22:59;299700;214;Image20211001-215950_214_65.000.bmp;Image20211001-215950_214_80.000.bmp;Image20211001-215950_214_120.000.bmp;;;;FALSE;1722.1591;TRUE;1713.3364;TRUE;1745.6895;TRUE;1752.3272;TRUE;1718.9594;TRUE;1711.5226;TRUE;1748.212;TRUE;1702.7956;TRUE
1/10/2021 23:29;301500;215;Image20211001-222950_215_65.000.bmp;Image20211001-222950_215_80.000.bmp;Image20211001-222950_215_120.000.bmp;;;1731.0637;TRUE;1733.1303;TRUE;1717.002;TRUE;1744.793;TRUE;1755.7727;TRUE;;FALSE;1713.3386;TRUE;;FALSE;1703.1194;TRUE
1/10/2021 23:59;303300;216;Image20211001-225950_216_65.000.bmp;Image20211001-225950_216_80.000.bmp;Image20211001-225950_216_120.000.bmp;;;1731.4561;TRUE;1721.8519;TRUE;;FALSE;1741.4133;TRUE;1749.7539;TRUE;;FALSE;1710.7887;TRUE;1750.0122;TRUE;1700.9176;TRUE
2/10/2021 0:29;305100;217;Image20211001-232950_217_65.000.bmp;Image20211001-232950_217_80.000.bmp;Image20211001-232950_217_120.000.bmp;;;1731.5171;TRUE;;FALSE;1711.727;TRUE;1744.4926;TRUE;1748.2276;TRUE;1716.3185;TRUE;1713.355;TRUE;1750.8325;TRUE;1702.2997;TRUE
2/10/2021 0:59;306900;218;Image20211001-235950_218_65.000.bmp;Image20211001-235950_218_80.000.bmp;Image20211001-235950_218_120.000.bmp;;;1732.1763;TRUE;1732.6622;TRUE;;FALSE;1741.4545;TRUE;1750.9806;TRUE;1713.3661;TRUE;1709.9409;TRUE;1747.4161;TRUE;1701.8008;TRUE
2/10/2021 1:29;308700;219;Image20211002-002950_219_65.000.bmp;Image20211002-002950_219_80.000.bmp;Image20211002-002950_219_120.000.bmp;;;1733.424;TRUE;1723.2609;TRUE;1712.9675;TRUE;1746.3448;TRUE;1750.3469;TRUE;1716.0226;TRUE;1710.6998;TRUE;1747.3918;TRUE;1701.5358;TRUE
2/10/2021 1:59;310500;220;Image20211002-005950_220_65.000.bmp;Image20211002-005950_220_80.000.bmp;Image20211002-005950_220_120.000.bmp;;;1734.2369;TRUE;1721.9279;TRUE;1724.5251;TRUE;1746.7189;TRUE;1751.5065;TRUE;1716.3289;TRUE;1711.9941;TRUE;1747.1633;TRUE;1700.5614;TRUE
2/10/2021 2:29;312300;221;Image20211002-012950_221_65.000.bmp;Image20211002-012950_221_80.000.bmp;Image20211002-012950_221_120.000.bmp;;;1732.3618;TRUE;1732.0247;TRUE;;FALSE;1746.1875;TRUE;1749.0703;TRUE;1716.3137;TRUE;1711.0569;TRUE;1745.495;TRUE;1703.4161;TRUE
2/10/2021 2:59;314100;222;Image20211002-015950_222_65.000.bmp;Image20211002-015950_222_80.000.bmp;Image20211002-015950_222_120.000.bmp;;;1734.4509;TRUE;1732.061;TRUE;1714.4721;TRUE;1745.7664;TRUE;1751.2102;TRUE;1717.24;TRUE;1710.2371;TRUE;1757.6815;TRUE;1700.0142;TRUE
2/10/2021 3:29;315900;223;Image20211002-022950_223_65.000.bmp;Image20211002-022950_223_80.000.bmp;Image20211002-022950_223_120.000.bmp;;;1732.1046;TRUE;1721.5099;TRUE;;FALSE;1745.7629;TRUE;1751.4178;TRUE;1717.3859;TRUE;1715.4774;TRUE;1752.3594;TRUE;1702.7643;TRUE
2/10/2021 3:59;317700;224;Image20211002-025950_224_65.000.bmp;Image20211002-025950_224_80.000.bmp;Image20211002-025950_224_120.000.bmp;;;1732.0428;TRUE;1728.6671;TRUE;;FALSE;1745.6503;TRUE;1745.4385;TRUE;1715.5022;TRUE;1710.1533;TRUE;1748.7742;TRUE;1701.3864;TRUE
2/10/2021 4:29;319500;225;Image20211002-032950_225_65.000.bmp;Image20211002-032950_225_80.000.bmp;Image20211002-032950_225_120.000.bmp;;;1732.0815;TRUE;1723.5368;TRUE;1713.0807;TRUE;1745.671;TRUE;1750.8418;TRUE;1714.8403;TRUE;1697.0463;TRUE;1745.5087;TRUE;1703.441;TRUE
2/10/2021 4:59;321300;226;Image20211002-035950_226_65.000.bmp;Image20211002-035950_226_80.000.bmp;Image20211002-035950_226_120.000.bmp;;;;FALSE;1722.6111;TRUE;1723.4382;TRUE;1744.1318;TRUE;1752.2975;TRUE;1715.5621;TRUE;1698.3857;TRUE;1747.6147;TRUE;1701.3768;TRUE
2/10/2021 5:29;323100;227;Image20211002-042950_227_65.000.bmp;Image20211002-042950_227_80.000.bmp;Image20211002-042950_227_120.000.bmp;;;1733.3387;TRUE;;FALSE;;FALSE;1744.1274;TRUE;1746.7464;TRUE;1714.4703;TRUE;1711.5803;TRUE;1746.865;TRUE;1701.9133;TRUE
2/10/2021 5:59;324900;228;Image20211002-045950_228_65.000.bmp;Image20211002-045950_228_80.000.bmp;Image20211002-045950_228_120.000.bmp;;;1733.1315;TRUE;1721.541;TRUE;1712.6967;TRUE;1744.8801;TRUE;1751.433;TRUE;1716.2823;TRUE;1712.2985;TRUE;1746.2331;TRUE;;FALSE
2/10/2021 6:29;326700;229;Image20211002-052950_229_65.000.bmp;Image20211002-052950_229_80.000.bmp;Image20211002-052950_229_120.000.bmp;;;1746.5195;TRUE;1722.1615;TRUE;;FALSE;1744.1738;TRUE;1749.8771;TRUE;1714.8661;TRUE;1711.2014;TRUE;1748.2366;TRUE;1700.6146;TRUE
2/10/2021 6:59;328500;230;Image20211002-055950_230_65.000.bmp;Image20211002-055950_230_80.000.bmp;Image20211002-055950_230_120.000.bmp;;;1733.3305;TRUE;1732.6918;TRUE;1715.5396;TRUE;1745.9608;TRUE;1749.8365;TRUE;1715.0195;TRUE;1699.6692;TRUE;1748.648;TRUE;1702.0359;TRUE
2/10/2021 7:29;330300;231;Image20211002-062950_231_65.000.bmp;Image20211002-062950_231_80.000.bmp;Image20211002-062950_231_120.000.bmp;;;1731.049;TRUE;1723.7913;TRUE;1716.8196;TRUE;1745.7794;TRUE;1751.2192;TRUE;1713.736;TRUE;1712.1832;TRUE;1747.0771;TRUE;1698.9185;TRUE
2/10/2021 7:59;332100;232;Image20211002-065950_232_65.000.bmp;Image20211002-065950_232_80.000.bmp;Image20211002-065950_232_120.000.bmp;;;1733.0902;TRUE;1722.0878;TRUE;1722.6884;TRUE;1744.459;TRUE;1751.2061;TRUE;1717.1296;TRUE;1700.0862;TRUE;1748.2919;TRUE;1700.4828;TRUE
2/10/2021 8:29;333900;233;Image20211002-072950_233_65.000.bmp;Image20211002-072950_233_80.000.bmp;Image20211002-072950_233_120.000.bmp;;;1732.0057;TRUE;1722.4711;TRUE;1714.3585;TRUE;1759.2052;TRUE;1753.0829;TRUE;1712.3618;TRUE;1710.6981;TRUE;1748.196;TRUE;1701.5906;TRUE
2/10/2021 8:59;335700;234;Image20211002-075950_234_65.000.bmp;Image20211002-075950_234_80.000.bmp;Image20211002-075950_234_120.000.bmp;;;1732.4365;TRUE;;FALSE;;FALSE;1745.2617;TRUE;1750.9936;TRUE;1716.6771;TRUE;1709.8176;TRUE;1747.58;TRUE;1702.3376;TRUE
2/10/2021 9:29;337500;235;Image20211002-082950_235_65.000.bmp;Image20211002-082950_235_80.000.bmp;Image20211002-082950_235_120.000.bmp;;;1733.0555;TRUE;1721.4929;TRUE;1713.7008;TRUE;1744.6691;TRUE;1753.1953;TRUE;1715.7982;TRUE;1711.5264;TRUE;1748.2045;TRUE;1702.158;TRUE
2/10/2021 9:59;339300;236;Image20211002-085950_236_65.000.bmp;Image20211002-085950_236_80.000.bmp;Image20211002-085950_236_120.000.bmp;;;1732.824;TRUE;;FALSE;1713.2833;TRUE;1746.5688;TRUE;1750.7367;TRUE;1716.8167;TRUE;1711.7943;TRUE;1750.3849;TRUE;1699.2155;TRUE
2/10/2021 10:29;341100;237;Image20211002-092950_237_65.000.bmp;Image20211002-092950_237_80.000.bmp;Image20211002-092950_237_120.000.bmp;;;1733.1199;TRUE;1721.2884;TRUE;1712.8033;TRUE;1744.6709;TRUE;1750.5129;TRUE;1716.7521;TRUE;1711.535;TRUE;1748.244;TRUE;1700.5544;TRUE
2/10/2021 10:59;342900;238;Image20211002-095950_238_65.000.bmp;Image20211002-095950_238_80.000.bmp;Image20211002-095950_238_120.000.bmp;;;1733.2399;TRUE;1721.4879;TRUE;;FALSE;1744.5203;TRUE;1750.2161;TRUE;1715.9944;TRUE;1712.0712;TRUE;1747.0256;TRUE;1701.3234;TRUE
2/10/2021 11:29;344700;239;Image20211002-102950_239_65.000.bmp;Image20211002-102950_239_80.000.bmp;Image20211002-102950_239_120.000.bmp;;;1732.126;TRUE;1722.2487;TRUE;1712.45;TRUE;1745.4506;TRUE;1748.7177;TRUE;1716.189;TRUE;1711.9402;TRUE;1748.9985;TRUE;1701.3525;TRUE
2/10/2021 12:29;348300;240;Image20211002-112950_240_65.000.bmp;Image20211002-112950_240_80.000.bmp;Image20211002-112950_240_120.000.bmp;;;1733.6728;TRUE;1722.4189;TRUE;1720.6595;TRUE;1744.1312;TRUE;1746.0634;TRUE;1716.2468;TRUE;;FALSE;1747.582;TRUE;1703.2014;TRUE
2/10/2021 13:29;351900;241;Image20211002-122950_241_65.000.bmp;Image20211002-122950_241_80.000.bmp;Image20211002-122950_241_120.000.bmp;;;1737.8376;TRUE;1724.4222;TRUE;1715.7424;TRUE;1741.4854;TRUE;1748.789;TRUE;1716.6057;TRUE;1712.1663;TRUE;1748.5634;TRUE;1702.2795;TRUE
2/10/2021 14:29;355500;242;Image20211002-132950_242_65.000.bmp;Image20211002-132950_242_80.000.bmp;Image20211002-132950_242_120.000.bmp;;;1732.3101;TRUE;1722.7145;TRUE;1712.848;TRUE;1741.8773;TRUE;1752.4459;TRUE;1718.3159;TRUE;1717.2857;TRUE;1747.3748;TRUE;1698.17;TRUE
2/10/2021 15:29;359100;243;Image20211002-142950_243_65.000.bmp;Image20211002-142950_243_80.000.bmp;Image20211002-142950_243_120.000.bmp;;;1733.1403;TRUE;;FALSE;1715.9775;TRUE;1744.6118;TRUE;1753.1808;TRUE;1717.6326;TRUE;1710.6144;TRUE;1749.3554;TRUE;1702.1025;TRUE
2/10/2021 16:29;362700;244;Image20211002-152950_244_65.000.bmp;Image20211002-152950_244_80.000.bmp;Image20211002-152950_244_120.000.bmp;;;;FALSE;1722.1064;TRUE;1713.0843;TRUE;1746.0056;TRUE;1751.4672;TRUE;1716.2057;TRUE;1711.0845;TRUE;1747.5801;TRUE;1700.7292;TRUE
2/10/2021 17:29;366300;245;Image20211002-162950_245_65.000.bmp;Image20211002-162950_245_80.000.bmp;Image20211002-162950_245_120.000.bmp;;;1731.4337;TRUE;1723.97;TRUE;1713.2067;TRUE;1746.1235;TRUE;1749.8889;TRUE;1718.8954;TRUE;1713.7969;TRUE;1756.4641;TRUE;1703.1803;TRUE
2/10/2021 18:29;369900;246;Image20211002-172950_246_65.000.bmp;Image20211002-172950_246_80.000.bmp;Image20211002-172950_246_120.000.bmp;;;1734.5664;TRUE;;FALSE;1712.6857;TRUE;1746.9804;TRUE;1752.2129;TRUE;1712.4959;TRUE;1710.0402;TRUE;1758.2806;TRUE;1701.8972;TRUE
2/10/2021 19:29;373500;247;Image20211002-182950_247_65.000.bmp;Image20211002-182950_247_80.000.bmp;Image20211002-182950_247_120.000.bmp;;;1731.6934;TRUE;1725.3487;TRUE;1715.2418;TRUE;1745.9926;TRUE;1752.6425;TRUE;1714.3257;TRUE;1711.0044;TRUE;;FALSE;;FALSE
2/10/2021 20:29;377100;248;Image20211002-192950_248_65.000.bmp;Image20211002-192950_248_80.000.bmp;Image20211002-192950_248_120.000.bmp;;;1730.4875;TRUE;1721.4971;TRUE;1712.125;TRUE;1744.85;TRUE;1749.9633;TRUE;1717.1873;TRUE;1713.7985;TRUE;1755.7279;TRUE;1703.7842;TRUE
2/10/2021 21:29;380700;249;Image20211002-202950_249_65.000.bmp;Image20211002-202950_249_80.000.bmp;Image20211002-202950_249_120.000.bmp;;;1732.265;TRUE;1720.7351;TRUE;1718.7795;TRUE;1744.6688;TRUE;1753.4645;TRUE;1713.0311;TRUE;1714.2292;TRUE;1748.6802;TRUE;1701.037;TRUE
2/10/2021 22:29;384300;250;Image20211002-212950_250_65.000.bmp;Image20211002-212950_250_80.000.bmp;Image20211002-212950_250_120.000.bmp;;;1730.5987;TRUE;1720.3232;TRUE;1718.9485;TRUE;1745.6768;TRUE;1752.4363;TRUE;1714.9698;TRUE;;FALSE;1746.125;TRUE;1702.8862;TRUE
2/10/2021 23:29;387900;251;Image20211002-222950_251_65.000.bmp;Image20211002-222950_251_80.000.bmp;Image20211002-222950_251_120.000.bmp;;;1733.4111;TRUE;1723.2707;TRUE;1713.6781;TRUE;1744.0197;TRUE;1753.2017;TRUE;1717.1247;TRUE;1711.864;TRUE;1756.3502;TRUE;1700.4886;TRUE
3/10/2021 0:29;391500;252;Image20211002-232950_252_65.000.bmp;Image20211002-232950_252_80.000.bmp;Image20211002-232950_252_120.000.bmp;;;1731.962;TRUE;1720.4816;TRUE;1713.0609;TRUE;1745.2982;TRUE;1754.4478;TRUE;1715.5801;TRUE;1711.7737;TRUE;1748.4979;TRUE;1702.314;TRUE
3/10/2021 1:29;395100;253;Image20211003-002950_253_65.000.bmp;Image20211003-002950_253_80.000.bmp;Image20211003-002950_253_120.000.bmp;;;1730.8549;TRUE;1722.7415;TRUE;1714.5387;TRUE;1749.0757;TRUE;1748.3441;TRUE;1718.8989;TRUE;1712.4448;TRUE;1750.3343;TRUE;1705.7054;TRUE
3/10/2021 2:29;398700;254;Image20211003-012950_254_65.000.bmp;Image20211003-012950_254_80.000.bmp;Image20211003-012950_254_120.000.bmp;;;1731.1271;TRUE;1719.8027;TRUE;1711.5286;TRUE;1747.9049;TRUE;1751.4402;TRUE;1716.7369;TRUE;1711.2667;TRUE;1754.5419;TRUE;1702.7979;TRUE
3/10/2021 3:29;402300;255;Image20211003-022950_255_65.000.bmp;Image20211003-022950_255_80.000.bmp;Image20211003-022950_255_120.000.bmp;;;1735.1895;TRUE;1722.3478;TRUE;1714.8261;TRUE;1743.2347;TRUE;1750.3991;TRUE;1719.4738;TRUE;1710.0116;TRUE;;FALSE;1700.9573;TRUE
3/10/2021 4:29;405900;256;Image20211003-032950_256_65.000.bmp;Image20211003-032950_256_80.000.bmp;Image20211003-032950_256_120.000.bmp;;;1731.0228;TRUE;1722.6811;TRUE;;FALSE;1745.8181;TRUE;1748.2993;TRUE;1718.295;TRUE;1711.5532;TRUE;1748.5592;TRUE;1700.4532;TRUE
3/10/2021 5:29;409500;257;Image20211003-042950_257_65.000.bmp;Image20211003-042950_257_80.000.bmp;Image20211003-042950_257_120.000.bmp;;;1731.5137;TRUE;1722.5397;TRUE;1716.8604;TRUE;1742.9413;TRUE;1751.6678;TRUE;1718.9086;TRUE;1709.5044;TRUE;1752.7532;TRUE;1701.579;TRUE
3/10/2021 6:29;413100;258;Image20211003-052950_258_65.000.bmp;Image20211003-052950_258_80.000.bmp;Image20211003-052950_258_120.000.bmp;;;1730.36;TRUE;1722.3406;TRUE;1712.8353;TRUE;1745.6068;TRUE;1751.0492;TRUE;1715.1363;TRUE;1709.9331;TRUE;1753.9954;TRUE;1702.3176;TRUE
3/10/2021 7:29;416700;259;Image20211003-062950_259_65.000.bmp;Image20211003-062950_259_80.000.bmp;Image20211003-062950_259_120.000.bmp;;;1733.8974;TRUE;1721.7952;TRUE;;FALSE;1744.7631;TRUE;1749.9727;TRUE;1714.6528;TRUE;1712.3315;TRUE;1746.9826;TRUE;1701.3256;TRUE
3/10/2021 8:29;420300;260;Image20211003-072950_260_65.000.bmp;Image20211003-072950_260_80.000.bmp;Image20211003-072950_260_120.000.bmp;;;1740.3962;TRUE;1724.806;TRUE;1715.4631;TRUE;1740.8044;TRUE;1751.1804;TRUE;1714.8386;TRUE;1710.5356;TRUE;1747.8519;TRUE;1700.3695;TRUE
3/10/2021 9:29;423900;261;Image20211003-082950_261_65.000.bmp;Image20211003-082950_261_80.000.bmp;Image20211003-082950_261_120.000.bmp;;;1731.5313;TRUE;1722.5573;TRUE;1714.5449;TRUE;1742.5125;TRUE;1750.0145;TRUE;1717.4702;TRUE;1712.1566;TRUE;1750.7508;TRUE;1703.1002;TRUE
3/10/2021 10:29;427500;262;Image20211003-092950_262_65.000.bmp;Image20211003-092950_262_80.000.bmp;Image20211003-092950_262_120.000.bmp;;;1732.4149;TRUE;1721.0244;TRUE;1713.3799;TRUE;1746.1736;TRUE;1750.2003;TRUE;1720.6925;TRUE;1712.8366;TRUE;1750.1989;TRUE;1702.1565;TRUE
3/10/2021 11:29;431100;263;Image20211003-102950_263_65.000.bmp;Image20211003-102950_263_80.000.bmp;Image20211003-102950_263_120.000.bmp;;;1733.5306;TRUE;1723.1885;TRUE;1715.4335;TRUE;1739.1979;TRUE;1747.4153;TRUE;1717.3029;TRUE;1712.3893;TRUE;1751.9866;TRUE;1700.5267;TRUE
3/10/2021 12:29;434700;264;Image20211003-112950_264_65.000.bmp;Image20211003-112950_264_80.000.bmp;Image20211003-112950_264_120.000.bmp;;;1740.2357;TRUE;1722.863;TRUE;1714.8966;TRUE;1742.9795;TRUE;1746.0836;TRUE;1720.3253;TRUE;1713.485;TRUE;1749.5879;TRUE;1702.1042;TRUE
3/10/2021 13:29;438300;265;Image20211003-122950_265_65.000.bmp;Image20211003-122950_265_80.000.bmp;Image20211003-122950_265_120.000.bmp;;;1735.0063;TRUE;1722.7234;TRUE;1712.0234;TRUE;1741.4636;TRUE;1744.3407;TRUE;1717.7258;TRUE;1711.2418;TRUE;1753.6715;TRUE;1703.1315;TRUE
3/10/2021 14:29;441900;266;Image20211003-132950_266_65.000.bmp;Image20211003-132950_266_80.000.bmp;Image20211003-132950_266_120.000.bmp;;;1732.5435;TRUE;1723.5682;TRUE;;FALSE;1741.577;TRUE;1747.1461;TRUE;1714.8463;TRUE;1710.309;TRUE;1749.7821;TRUE;1700.3032;TRUE
3/10/2021 15:29;445500;267;Image20211003-142950_267_65.000.bmp;Image20211003-142950_267_80.000.bmp;Image20211003-142950_267_120.000.bmp;;;1732.0276;TRUE;1721.819;TRUE;1714.936;TRUE;1744.4102;TRUE;1744.9481;TRUE;1716.8566;TRUE;1716.7363;TRUE;1751.2994;TRUE;1702.5475;TRUE
3/10/2021 16:29;449100;268;Image20211003-152950_268_65.000.bmp;Image20211003-152950_268_80.000.bmp;Image20211003-152950_268_120.000.bmp;;;1734.4753;TRUE;1722.8193;TRUE;1717.7785;TRUE;1742.1379;TRUE;1750.6649;TRUE;1713.1002;TRUE;1698.7849;TRUE;1748.74;TRUE;1703.0216;TRUE
3/10/2021 17:29;452700;269;Image20211003-162950_269_65.000.bmp;Image20211003-162950_269_80.000.bmp;Image20211003-162950_269_120.000.bmp;;;1733.1374;TRUE;;FALSE;1717.2255;TRUE;1742.0724;TRUE;1749.9279;TRUE;1714.1374;TRUE;;FALSE;1748.5665;TRUE;1702.1436;TRUE
3/10/2021 18:29;456300;270;Image20211003-172950_270_65.000.bmp;Image20211003-172950_270_80.000.bmp;Image20211003-172950_270_120.000.bmp;;;1730.9993;TRUE;1722.7053;TRUE;1713.6575;TRUE;1745.4521;TRUE;1751.279;TRUE;1711.7671;TRUE;1708.2904;TRUE;1748.631;TRUE;1700.8356;TRUE
3/10/2021 19:29;459900;271;Image20211003-182950_271_65.000.bmp;Image20211003-182950_271_80.000.bmp;Image20211003-182950_271_120.000.bmp;;;1733.1526;TRUE;1724.1644;TRUE;1712.6704;TRUE;;FALSE;1751.4399;TRUE;1717.3325;TRUE;1712.7966;TRUE;1744.3934;TRUE;1698.957;TRUE
3/10/2021 20:29;463500;272;Image20211003-192950_272_65.000.bmp;Image20211003-192950_272_80.000.bmp;Image20211003-192950_272_120.000.bmp;;;1734.131;TRUE;1719.783;TRUE;1713.6464;TRUE;1745.179;TRUE;1744.9094;TRUE;1716.3556;TRUE;1712.1744;TRUE;1753.2993;TRUE;1700.8571;TRUE
3/10/2021 21:29;467101;273;Image20211003-202951_273_65.000.bmp;Image20211003-202951_273_80.000.bmp;Image20211003-202951_273_120.000.bmp;;;1734.0473;TRUE;1722.5862;TRUE;1711.9091;TRUE;1739.7678;TRUE;1747.5408;TRUE;1712.9313;TRUE;1710.9357;TRUE;1748.1984;TRUE;1700.9035;TRUE
3/10/2021 22:29;470700;274;Image20211003-212950_274_65.000.bmp;Image20211003-212950_274_80.000.bmp;Image20211003-212950_274_120.000.bmp;;;1729.8543;TRUE;1722.1365;TRUE;;FALSE;;FALSE;1752.7972;TRUE;;FALSE;1711.7952;TRUE;1751.3986;TRUE;1702.0947;TRUE
3/10/2021 23:29;474300;275;Image20211003-222950_275_65.000.bmp;Image20211003-222950_275_80.000.bmp;Image20211003-222950_275_120.000.bmp;;;1730.3953;TRUE;1721.2901;TRUE;1708.1854;TRUE;1741.5037;TRUE;1744.2377;TRUE;1712.0157;TRUE;1714.1343;TRUE;1753.5883;TRUE;1700.6493;TRUE
4/10/2021 0:29;477900;276;Image20211003-232950_276_65.000.bmp;Image20211003-232950_276_80.000.bmp;Image20211003-232950_276_120.000.bmp;;;1733.321;TRUE;1718.6741;TRUE;1714.7368;TRUE;;FALSE;1747.1107;TRUE;1718.4917;TRUE;1701.4537;TRUE;1748.8688;TRUE;1700.6503;TRUE
4/10/2021 1:29;481500;277;Image20211004-002950_277_65.000.bmp;Image20211004-002950_277_80.000.bmp;Image20211004-002950_277_120.000.bmp;;;1730.6861;TRUE;1721.3435;TRUE;1719.6815;TRUE;1740.4175;TRUE;1745.1471;TRUE;1715.095;TRUE;1712.9614;TRUE;1749.3386;TRUE;1702.85;TRUE
4/10/2021 2:29;485100;278;Image20211004-012950_278_65.000.bmp;Image20211004-012950_278_80.000.bmp;Image20211004-012950_278_120.000.bmp;;;1732.4598;TRUE;1721.2501;TRUE;1711.8619;TRUE;1743.8561;TRUE;1748.5261;TRUE;1717.5036;TRUE;1708.8702;TRUE;1748.1907;TRUE;1702.2694;TRUE
4/10/2021 3:29;488700;279;Image20211004-022950_279_65.000.bmp;Image20211004-022950_279_80.000.bmp;Image20211004-022950_279_120.000.bmp;;;1732.4196;TRUE;1721.7184;TRUE;;FALSE;1743.5111;TRUE;1751.996;TRUE;1712.8044;TRUE;1698.4594;TRUE;1752.2823;TRUE;1701.4027;TRUE
4/10/2021 4:29;492300;280;Image20211004-032950_280_65.000.bmp;Image20211004-032950_280_80.000.bmp;Image20211004-032950_280_120.000.bmp;;;1729.6672;TRUE;1725.3217;TRUE;1714.9025;TRUE;1742.8051;TRUE;1747.5021;TRUE;1714.0351;TRUE;1713.4961;TRUE;1748.2377;TRUE;1703.0952;TRUE
4/10/2021 5:29;495900;281;Image20211004-042950_281_65.000.bmp;Image20211004-042950_281_80.000.bmp;Image20211004-042950_281_120.000.bmp;;;1736.8365;TRUE;1722.1405;TRUE;1713.4809;TRUE;1747.7693;TRUE;1748.8996;TRUE;1712.956;TRUE;1712.1734;TRUE;1753.6611;TRUE;1702.3484;TRUE
4/10/2021 6:29;499500;282;Image20211004-052950_282_65.000.bmp;Image20211004-052950_282_80.000.bmp;Image20211004-052950_282_120.000.bmp;;;1734.0002;TRUE;1722.9614;TRUE;;FALSE;1743.1514;TRUE;1745.4426;TRUE;1708.9565;TRUE;1699.0669;TRUE;1751.3975;TRUE;1702.2805;TRUE
4/10/2021 7:29;503100;283;Image20211004-062950_283_65.000.bmp;Image20211004-062950_283_80.000.bmp;Image20211004-062950_283_120.000.bmp;;;1735.3066;TRUE;1720.8763;TRUE;1716.7339;TRUE;1753.6457;TRUE;1745.5327;TRUE;1715.7408;TRUE;1710.2143;TRUE;1747.6173;TRUE;1700.5831;TRUE
4/10/2021 8:29;506700;284;Image20211004-072950_284_65.000.bmp;Image20211004-072950_284_80.000.bmp;Image20211004-072950_284_120.000.bmp;;;1731.6505;TRUE;1723.0229;TRUE;1711.1013;TRUE;1743.2954;TRUE;1749.4351;TRUE;1712.5369;TRUE;1710.8312;TRUE;1756.2299;TRUE;1696.9286;TRUE
4/10/2021 9:29;510300;285;Image20211004-082950_285_65.000.bmp;Image20211004-082950_285_80.000.bmp;Image20211004-082950_285_120.000.bmp;;;1732.3472;TRUE;1721.5563;TRUE;;FALSE;1745.3647;TRUE;1748.4053;TRUE;1714.4451;TRUE;1711.1788;TRUE;1746.3209;TRUE;1700.7186;TRUE
4/10/2021 10:29;513900;286;Image20211004-092950_286_65.000.bmp;Image20211004-092950_286_80.000.bmp;Image20211004-092950_286_120.000.bmp;;;1731.089;TRUE;1721.524;TRUE;;FALSE;1745.4157;TRUE;1743.2532;TRUE;1715.2443;TRUE;1712.8327;TRUE;1747.5842;TRUE;1701.5764;TRUE
4/10/2021 11:29;517500;287;Image20211004-102950_287_65.000.bmp;Image20211004-102950_287_80.000.bmp;Image20211004-102950_287_120.000.bmp;;;1734.0121;TRUE;1721.8918;TRUE;1722.0825;TRUE;1743.1489;TRUE;1741.3385;TRUE;1714.1458;TRUE;;FALSE;1749.4629;TRUE;1699.291;TRUE
4/10/2021 12:29;521100;288;Image20211004-112950_288_65.000.bmp;Image20211004-112950_288_80.000.bmp;Image20211004-112950_288_120.000.bmp;;;1735.5808;TRUE;1723.3846;TRUE;1711.2372;TRUE;1757.0942;TRUE;1744.0817;TRUE;1712.8859;TRUE;;FALSE;1745.4966;TRUE;1701.0155;TRUE
4/10/2021 13:29;524700;289;Image20211004-122950_289_65.000.bmp;Image20211004-122950_289_80.000.bmp;Image20211004-122950_289_120.000.bmp;;;1736.9871;TRUE;1722.4901;TRUE;;FALSE;1743.6924;TRUE;1743.9667;TRUE;1713.9547;TRUE;1713.3947;TRUE;1749.1546;TRUE;1705.1618;TRUE
4/10/2021 14:29;528301;290;Image20211004-132951_290_65.000.bmp;Image20211004-132951_290_80.000.bmp;Image20211004-132951_290_120.000.bmp;;;1729.366;TRUE;1722.2742;TRUE;1714.1341;TRUE;1743.2788;TRUE;;FALSE;1711.8963;TRUE;1698.2363;TRUE;1746.81;TRUE;1700.9313;TRUE
4/10/2021 15:29;531900;291;Image20211004-142950_291_65.000.bmp;Image20211004-142950_291_80.000.bmp;Image20211004-142950_291_120.000.bmp;;;1730.3057;TRUE;1722.0565;TRUE;;FALSE;1745.894;TRUE;1750.4502;TRUE;1712.6541;TRUE;1698.4319;TRUE;1746.1642;TRUE;1702.6074;TRUE
4/10/2021 16:29;535500;292;Image20211004-152950_292_65.000.bmp;Image20211004-152950_292_80.000.bmp;Image20211004-152950_292_120.000.bmp;;;1735.6589;TRUE;1721.9579;TRUE;1717.2762;TRUE;1758.0699;TRUE;1744.9028;TRUE;1715.7269;TRUE;1697.9269;TRUE;1752.5953;TRUE;1701.1782;TRUE
4/10/2021 17:29;539100;293;Image20211004-162950_293_65.000.bmp;Image20211004-162950_293_80.000.bmp;Image20211004-162950_293_120.000.bmp;;;1730.668;TRUE;1724.0324;TRUE;;FALSE;1739.609;TRUE;1748.9185;TRUE;1719.173;TRUE;;FALSE;;FALSE;1703.1543;TRUE
4/10/2021 18:29;542700;294;Image20211004-172950_294_65.000.bmp;Image20211004-172950_294_80.000.bmp;Image20211004-172950_294_120.000.bmp;;;1730.2782;TRUE;;FALSE;1721.8836;TRUE;1750.4941;TRUE;1744.5328;TRUE;;FALSE;;FALSE;1745.4464;TRUE;1703.1614;TRUE
4/10/2021 19:29;546300;295;Image20211004-182950_295_65.000.bmp;Image20211004-182950_295_80.000.bmp;Image20211004-182950_295_120.000.bmp;;;1731.3206;TRUE;1719.8415;TRUE;;FALSE;1739.5644;TRUE;1746.9389;TRUE;1710.3749;TRUE;;FALSE;1745.8722;TRUE;1702.7645;TRUE
4/10/2021 20:29;549900;296;Image20211004-192950_296_65.000.bmp;Image20211004-192950_296_80.000.bmp;Image20211004-192950_296_120.000.bmp;;;1735.621;TRUE;1717.6423;TRUE;1719.2907;TRUE;1742.6171;TRUE;1744.5334;TRUE;1712.8769;TRUE;1700.8999;TRUE;1748.8228;TRUE;1698.722;TRUE
4/10/2021 21:29;553500;297;Image20211004-202950_297_65.000.bmp;Image20211004-202950_297_80.000.bmp;Image20211004-202950_297_120.000.bmp;;;1735.3351;TRUE;1723.8592;TRUE;;FALSE;1739.8649;TRUE;1747.2541;TRUE;1710.3583;TRUE;1699.0305;TRUE;1755.3149;TRUE;1700.2874;TRUE
4/10/2021 22:29;557100;298;Image20211004-212950_298_65.000.bmp;Image20211004-212950_298_80.000.bmp;Image20211004-212950_298_120.000.bmp;;;1729.6696;TRUE;1721.8746;TRUE;;FALSE;1741.2412;TRUE;1744.3188;TRUE;1711.9425;TRUE;1710.0004;TRUE;1754.7889;TRUE;1698.9556;TRUE
4/10/2021 23:29;560700;299;Image20211004-222950_299_65.000.bmp;Image20211004-222950_299_80.000.bmp;Image20211004-222950_299_120.000.bmp;;;1729.4211;TRUE;1721.6176;TRUE;1702.9395;TRUE;1739.489;TRUE;1738.8858;TRUE;1710.1132;TRUE;1696.7708;TRUE;1746.1041;TRUE;1701.8471;TRUE
5/10/2021 0:29;564300;300;Image20211004-232950_300_65.000.bmp;Image20211004-232950_300_80.000.bmp;Image20211004-232950_300_120.000.bmp;;;1732.1227;TRUE;1720.8508;TRUE;1704.3284;TRUE;1741.7902;TRUE;1744.9949;TRUE;1710.3659;TRUE;1710.7153;TRUE;1748.3431;TRUE;1700.2268;TRUE
5/10/2021 1:29;567900;301;Image20211005-002950_301_65.000.bmp;Image20211005-002950_301_80.000.bmp;Image20211005-002950_301_120.000.bmp;;;1737.9122;TRUE;1721.2283;TRUE;1704.8367;TRUE;1737.8306;TRUE;;FALSE;1713.8419;TRUE;1694.9848;TRUE;1757.3002;TRUE;1701.4183;TRUE
5/10/2021 2:29;571500;302;Image20211005-012950_302_65.000.bmp;Image20211005-012950_302_80.000.bmp;Image20211005-012950_302_120.000.bmp;;;1733.4501;TRUE;1721.1425;TRUE;1713.1008;TRUE;1742.7994;TRUE;1747.5667;TRUE;1711.3204;TRUE;;FALSE;1749.4951;TRUE;1698.6406;TRUE
5/10/2021 3:29;575100;303;Image20211005-022950_303_65.000.bmp;Image20211005-022950_303_80.000.bmp;Image20211005-022950_303_120.000.bmp;;;1731.9141;TRUE;1723.981;TRUE;1709.6973;TRUE;;FALSE;1743.0858;TRUE;1709.8264;TRUE;1713.3293;TRUE;1744.9879;TRUE;1699.3193;TRUE
5/10/2021 4:29;578700;304;Image20211005-032950_304_65.000.bmp;Image20211005-032950_304_80.000.bmp;Image20211005-032950_304_120.000.bmp;;;1729.2401;TRUE;1720.0217;TRUE;1721.0325;TRUE;1742.1919;TRUE;1741.5627;TRUE;1716.707;TRUE;;FALSE;1745.8514;TRUE;1699.4768;TRUE
5/10/2021 5:29;582300;305;Image20211005-042950_305_65.000.bmp;Image20211005-042950_305_80.000.bmp;Image20211005-042950_305_120.000.bmp;;;1734.6768;TRUE;1718.6334;TRUE;;FALSE;1744.4392;TRUE;1745.2035;TRUE;1712.9583;TRUE;1702.1721;TRUE;;FALSE;1700.8876;TRUE
5/10/2021 6:29;585900;306;Image20211005-052950_306_65.000.bmp;Image20211005-052950_306_80.000.bmp;Image20211005-052950_306_120.000.bmp;;;1735.3834;TRUE;1724.7829;TRUE;1702.9994;TRUE;;FALSE;1742.7886;TRUE;1709.0875;TRUE;1709.8419;TRUE;1745.1725;TRUE;1699.0106;TRUE
5/10/2021 7:29;589500;307;Image20211005-062950_307_65.000.bmp;Image20211005-062950_307_80.000.bmp;Image20211005-062950_307_120.000.bmp;;;1735.1818;TRUE;1722.8091;TRUE;1713.3717;TRUE;1738.7016;TRUE;1745.0529;TRUE;1715.5697;TRUE;1694.6672;TRUE;1746.5087;TRUE;1696.3124;TRUE
5/10/2021 8:29;593100;308;Image20211005-072950_308_65.000.bmp;Image20211005-072950_308_80.000.bmp;Image20211005-072950_308_120.000.bmp;;;1733.2538;TRUE;1721.3012;TRUE;;FALSE;;FALSE;1743.7657;TRUE;1711.1665;TRUE;1710.5428;TRUE;1745.9883;TRUE;1701.131;TRUE
5/10/2021 9:29;596700;309;Image20211005-082950_309_65.000.bmp;Image20211005-082950_309_80.000.bmp;Image20211005-082950_309_120.000.bmp;;;1730.3063;TRUE;1720.3958;TRUE;;FALSE;1740.7528;TRUE;1743.1184;TRUE;1709.3818;TRUE;1696.434;TRUE;1754.3834;TRUE;1697.5375;TRUE
