Timestamp;Timestamp [s];ImageNr;Image1;Image2;Image3;Temperature [°C];Relative Humidity [%];Column1 [px];Column1 Valid;Column2 [px];Column2 Valid;Column3 [px];Column3 Valid;Column4 [px];Column4 Valid;Column5 [px];Column5 Valid;Column6 [px];Column6 Valid;Column7 [px];Column7 Valid;Column8 [px];Column8 Valid;Column9 [px];Column9 Valid;Column10 [px];Column10 Valid
8/06/2021 10:59;0;0;Image20210608-095923_0_65.000.bmp;Image20210608-095923_0_80.000.bmp;Image20210608-095923_0_120.000.bmp;;;;FALSE;;FALSE;;FALSE;803.7449;TRUE;806.7139;TRUE;1055.4392;TRUE;809.3375;TRUE;;FALSE;807.6049;TRUE;;
8/06/2021 11:14;900;1;Image20210608-101423_1_65.000.bmp;Image20210608-101423_1_80.000.bmp;Image20210608-101423_1_120.000.bmp;;;;FALSE;;FALSE;;FALSE;803.7411;TRUE;806.6863;TRUE;;FALSE;809.3198;TRUE;;FALSE;807.5157;TRUE;;
8/06/2021 11:29;1800;2;Image20210608-102923_2_65.000.bmp;Image20210608-102923_2_80.000.bmp;Image20210608-102923_2_120.000.bmp;;;830.1897;TRUE;779.7712;TRUE;823.9271;TRUE;;FALSE;;FALSE;;FALSE;809.3643;TRUE;;FALSE;807.5857;TRUE;;
8/06/2021 11:44;2700;3;Image20210608-104423_3_65.000.bmp;Image20210608-104423_3_80.000.bmp;Image20210608-104423_3_120.000.bmp;;;862.2855;TRUE;803.3834;TRUE;855.9939;TRUE;;FALSE;;FALSE;;FALSE;809.2001;TRUE;;FALSE;807.4807;TRUE;;
8/06/2021 11:59;3600;4;Image20210608-105923_4_65.000.bmp;Image20210608-105923_4_80.000.bmp;Image20210608-105923_4_120.000.bmp;;;905.1736;TRUE;845.1978;TRUE;894.8201;TRUE;;FALSE;;FALSE;;FALSE;;FALSE;;FALSE;;FALSE;;
8/06/2021 12:14;4500;5;Image20210608-111423_5_65.000.bmp;Image20210608-111423_5_80.000.bmp;Image20210608-111423_5_120.000.bmp;;;951.5552;TRUE;890.3774;TRUE;937.6903;TRUE;776.2083;TRUE;821.3158;TRUE;854.7051;TRUE;;FALSE;;FALSE;;FALSE;;
8/06/2021 12:29;5400;6;Image20210608-112923_6_65.000.bmp;Image20210608-112923_6_80.000.bmp;Image20210608-112923_6_120.000.bmp;;;995.2183;TRUE;935.869;TRUE;981.1238;TRUE;820.8;TRUE;863.6254;TRUE;889.4608;TRUE;796.9841;TRUE;848.5496;TRUE;795.1608;TRUE;;
8/06/2021 12:44;6300;7;Image20210608-114423_7_65.000.bmp;Image20210608-114423_7_80.000.bmp;Image20210608-114423_7_120.000.bmp;;;1037.7627;TRUE;979.8259;TRUE;1024.2615;TRUE;863.8383;TRUE;904.9609;TRUE;925.0692;TRUE;827.8029;TRUE;879.136;TRUE;822.4286;TRUE;;
8/06/2021 12:59;7200;8;Image20210608-115923_8_65.000.bmp;Image20210608-115923_8_80.000.bmp;Image20210608-115923_8_120.000.bmp;;;1080.5027;TRUE;1021.6214;TRUE;1064.9586;TRUE;908.5298;TRUE;947.563;TRUE;961.4138;TRUE;866.9566;TRUE;914.5646;TRUE;854.4932;TRUE;;
8/06/2021 13:14;8100;9;Image20210608-121423_9_65.000.bmp;Image20210608-121423_9_80.000.bmp;Image20210608-121423_9_120.000.bmp;;;1123.7355;TRUE;1063.7969;TRUE;1106.8078;TRUE;951.6343;TRUE;989.2017;TRUE;996.4732;TRUE;907.9282;TRUE;952.3362;TRUE;889.2162;TRUE;;
8/06/2021 13:29;9000;10;Image20210608-122923_10_65.000.bmp;Image20210608-122923_10_80.000.bmp;Image20210608-122923_10_120.000.bmp;;;1169.006;TRUE;1107.7009;TRUE;1150.4299;TRUE;994.4862;TRUE;1029.3243;TRUE;1031.2546;TRUE;950.3624;TRUE;991.4549;TRUE;926.6373;TRUE;;
8/06/2021 13:44;9900;11;Image20210608-124423_11_65.000.bmp;Image20210608-124423_11_80.000.bmp;Image20210608-124423_11_120.000.bmp;;;1216.6047;TRUE;1152.9017;TRUE;1196.4363;TRUE;1036.2716;TRUE;1067.821;TRUE;1067.4954;TRUE;992.0904;TRUE;1029.6946;TRUE;963.1555;TRUE;;
8/06/2021 13:59;10800;12;Image20210608-125923_12_65.000.bmp;Image20210608-125923_12_80.000.bmp;Image20210608-125923_12_120.000.bmp;;;1265.6226;TRUE;1199.5573;TRUE;1242.4875;TRUE;1075.126;TRUE;1106.4332;TRUE;1106.4532;TRUE;1032.8842;TRUE;1067.4327;TRUE;998.5664;TRUE;;
8/06/2021 14:14;11700;13;Image20210608-131423_13_65.000.bmp;Image20210608-131423_13_80.000.bmp;Image20210608-131423_13_120.000.bmp;;;1313.6362;TRUE;1246.228;TRUE;1289.8761;TRUE;1113.7697;TRUE;1145.9839;TRUE;1148.6179;TRUE;1073.0476;TRUE;1105.3525;TRUE;1034.0204;TRUE;;
8/06/2021 14:29;12600;14;Image20210608-132923_14_65.000.bmp;Image20210608-132923_14_80.000.bmp;Image20210608-132923_14_120.000.bmp;;;1358.8107;TRUE;1292.9044;TRUE;1335.624;TRUE;1153.323;TRUE;1185.7435;TRUE;1190.5531;TRUE;1112.2283;TRUE;1142.0948;TRUE;1071.1326;TRUE;;
8/06/2021 14:44;13500;15;Image20210608-134423_15_65.000.bmp;Image20210608-134423_15_80.000.bmp;Image20210608-134423_15_120.000.bmp;;;1392.866;TRUE;1333.7441;TRUE;1374.3378;TRUE;1193.3929;TRUE;1226.4144;TRUE;1233.7762;TRUE;1149.8234;TRUE;1179.8064;TRUE;1110.0641;TRUE;;
8/06/2021 14:59;14400;16;Image20210608-135923_16_65.000.bmp;Image20210608-135923_16_80.000.bmp;Image20210608-135923_16_120.000.bmp;;;1422.8027;TRUE;1362.5693;TRUE;1402.2277;TRUE;1233.523;TRUE;1268.051;TRUE;1276.8373;TRUE;1188.146;TRUE;1216.9525;TRUE;1150.5747;TRUE;;
8/06/2021 15:14;15300;17;Image20210608-141423_17_65.000.bmp;Image20210608-141423_17_80.000.bmp;Image20210608-141423_17_120.000.bmp;;;1447.5724;TRUE;1387.9052;TRUE;1429.6902;TRUE;1273.5761;TRUE;1310.6484;TRUE;1320.8024;TRUE;1226.11;TRUE;1254.7359;TRUE;1192.4596;TRUE;;
8/06/2021 15:29;16200;18;Image20210608-142923_18_65.000.bmp;Image20210608-142923_18_80.000.bmp;Image20210608-142923_18_120.000.bmp;;;1463.0734;TRUE;1409.1273;TRUE;1448.0247;TRUE;1315.4481;TRUE;1354.0067;TRUE;1363.762;TRUE;1265.1613;TRUE;1293.1672;TRUE;1234.0703;TRUE;;
8/06/2021 15:44;17100;19;Image20210608-144423_19_65.000.bmp;Image20210608-144423_19_80.000.bmp;Image20210608-144423_19_120.000.bmp;;;1475.5729;TRUE;1423.6818;TRUE;1460.7974;TRUE;1356.8065;TRUE;1393.0631;TRUE;1400.6439;TRUE;1303.5501;TRUE;1331.4527;TRUE;1274.4438;TRUE;;
8/06/2021 15:59;18000;20;Image20210608-145923_20_65.000.bmp;Image20210608-145923_20_80.000.bmp;Image20210608-145923_20_120.000.bmp;;;1486.8456;TRUE;1435.9326;TRUE;1471.5745;TRUE;1392.578;TRUE;1424.5908;TRUE;1433.0095;TRUE;1341.993;TRUE;1369.5455;TRUE;1314.8243;TRUE;;
8/06/2021 16:14;18900;21;Image20210608-151423_21_65.000.bmp;Image20210608-151423_21_80.000.bmp;Image20210608-151423_21_120.000.bmp;;;1496.7525;TRUE;1446.2045;TRUE;1481.6895;TRUE;1422.198;TRUE;1453.1328;TRUE;1464.828;TRUE;1381.2144;TRUE;1408.0912;TRUE;1354.5821;TRUE;;
8/06/2021 16:29;19800;22;Image20210608-152923_22_65.000.bmp;Image20210608-152923_22_80.000.bmp;Image20210608-152923_22_120.000.bmp;;;1505.3018;TRUE;1455.9166;TRUE;1491.0143;TRUE;1444.45;TRUE;1469.1984;TRUE;1481.4686;TRUE;1421.1049;TRUE;1447.1337;TRUE;1394.0712;TRUE;;
8/06/2021 16:44;20700;23;Image20210608-154423_23_65.000.bmp;Image20210608-154423_23_80.000.bmp;Image20210608-154423_23_120.000.bmp;;;1512.9025;TRUE;1464.4481;TRUE;1499.1125;TRUE;1457.6876;TRUE;1480.8435;TRUE;1492.9586;TRUE;1461.8102;TRUE;1480.4666;TRUE;1428.0167;TRUE;;
8/06/2021 16:59;21600;24;Image20210608-155923_24_65.000.bmp;Image20210608-155923_24_80.000.bmp;Image20210608-155923_24_120.000.bmp;;;1520.0161;TRUE;1472.2376;TRUE;1507.1901;TRUE;1468.1292;TRUE;1490.96;TRUE;1503.9099;TRUE;1500.7307;TRUE;1509.507;TRUE;1458.5909;TRUE;;
8/06/2021 17:14;22500;25;Image20210608-161423_25_65.000.bmp;Image20210608-161423_25_80.000.bmp;Image20210608-161423_25_120.000.bmp;;;1526.5819;TRUE;1479.0569;TRUE;1514.6437;TRUE;1476.199;TRUE;1499.6599;TRUE;1513.1307;TRUE;1531.4472;TRUE;1536.3602;TRUE;1478.5942;TRUE;;
8/06/2021 17:29;23400;26;Image20210608-162923_26_65.000.bmp;Image20210608-162923_26_80.000.bmp;Image20210608-162923_26_120.000.bmp;;;1532.7648;TRUE;1485.7245;TRUE;1521.1973;TRUE;1483.2089;TRUE;1507.6539;TRUE;1520.8024;TRUE;1551.9075;TRUE;1554.921;TRUE;1491.6323;TRUE;;
8/06/2021 17:44;24300;27;Image20210608-164423_27_65.000.bmp;Image20210608-164423_27_80.000.bmp;Image20210608-164423_27_120.000.bmp;;;1538.7587;TRUE;1492.1824;TRUE;1527.5462;TRUE;1491.2439;TRUE;1514.5895;TRUE;1528.3387;TRUE;1564.3731;TRUE;1568.1531;TRUE;1502.1752;TRUE;;
8/06/2021 17:59;25200;28;Image20210608-165923_28_65.000.bmp;Image20210608-165923_28_80.000.bmp;Image20210608-165923_28_120.000.bmp;;;1544.2641;TRUE;1497.9279;TRUE;1533.7252;TRUE;1497.9556;TRUE;1520.9968;TRUE;1534.6015;TRUE;1574.9915;TRUE;1579.0418;TRUE;1511.7646;TRUE;;
8/06/2021 18:14;26100;29;Image20210608-171423_29_65.000.bmp;Image20210608-171423_29_80.000.bmp;Image20210608-171423_29_120.000.bmp;;;1549.6017;TRUE;1503.6497;TRUE;1539.2629;TRUE;1504.6639;TRUE;1527.0305;TRUE;1543.0678;TRUE;1584.1924;TRUE;1588.299;TRUE;1520.1028;TRUE;;
8/06/2021 18:29;27000;30;Image20210608-172923_30_65.000.bmp;Image20210608-172923_30_80.000.bmp;Image20210608-172923_30_120.000.bmp;;;1554.7117;TRUE;1509.1459;TRUE;1544.8251;TRUE;1511.0858;TRUE;1532.622;TRUE;1550.5624;TRUE;1592.0141;TRUE;1595.8592;TRUE;1527.6154;TRUE;;
8/06/2021 18:44;27900;31;Image20210608-174423_31_65.000.bmp;Image20210608-174423_31_80.000.bmp;Image20210608-174423_31_120.000.bmp;;;1559.5959;TRUE;1514.3403;TRUE;1550.1258;TRUE;1517.2325;TRUE;1538.1613;TRUE;1557.4941;TRUE;1599.0236;TRUE;1602.5287;TRUE;1534.5596;TRUE;;
8/06/2021 18:59;28800;32;Image20210608-175923_32_65.000.bmp;Image20210608-175923_32_80.000.bmp;Image20210608-175923_32_120.000.bmp;;;1564.351;TRUE;1519.4292;TRUE;1555.1171;TRUE;1522.8019;TRUE;1543.4857;TRUE;1563.7557;TRUE;1605.4576;TRUE;1608.6027;TRUE;1540.8502;TRUE;;
8/06/2021 19:14;29700;33;Image20210608-181423_33_65.000.bmp;Image20210608-181423_33_80.000.bmp;Image20210608-181423_33_120.000.bmp;;;1569.0356;TRUE;1524.1548;TRUE;1560.16;TRUE;1527.6913;TRUE;1548.4752;TRUE;1569.2109;TRUE;1611.5724;TRUE;1614.2163;TRUE;1546.9335;TRUE;;
8/06/2021 19:29;30600;34;Image20210608-182923_34_65.000.bmp;Image20210608-182923_34_80.000.bmp;Image20210608-182923_34_120.000.bmp;;;1573.4035;TRUE;1528.8746;TRUE;1564.917;TRUE;1531.4412;TRUE;1553.5289;TRUE;1574.2452;TRUE;1617.2962;TRUE;1619.6949;TRUE;1552.5652;TRUE;;
8/06/2021 19:44;31500;35;Image20210608-184423_35_65.000.bmp;Image20210608-184423_35_80.000.bmp;Image20210608-184423_35_120.000.bmp;;;1577.7294;TRUE;1533.5641;TRUE;1569.5544;TRUE;1536.2776;TRUE;1558.177;TRUE;1578.8428;TRUE;1622.8935;TRUE;1624.5665;TRUE;1558.0034;TRUE;;
8/06/2021 19:59;32400;36;Image20210608-185923_36_65.000.bmp;Image20210608-185923_36_80.000.bmp;Image20210608-185923_36_120.000.bmp;;;1581.7917;TRUE;1537.8113;TRUE;1574.1577;TRUE;1547.5574;TRUE;1562.8806;TRUE;1583.1559;TRUE;1628.4813;TRUE;1629.4382;TRUE;1563.0766;TRUE;;
8/06/2021 20:14;33300;37;Image20210608-191423_37_65.000.bmp;Image20210608-191423_37_80.000.bmp;Image20210608-191423_37_120.000.bmp;;;1585.9878;TRUE;1542.1243;TRUE;1578.4854;TRUE;1547.2351;TRUE;1567.3711;TRUE;1587.3549;TRUE;1633.4805;TRUE;1633.9178;TRUE;1568.3027;TRUE;;
8/06/2021 20:29;34200;38;Image20210608-192923_38_65.000.bmp;Image20210608-192923_38_80.000.bmp;Image20210608-192923_38_120.000.bmp;;;1589.9169;TRUE;1546.3688;TRUE;1582.7769;TRUE;1558.3574;TRUE;1571.6759;TRUE;1591.6904;TRUE;1637.955;TRUE;1637.8423;TRUE;1572.8367;TRUE;;
8/06/2021 20:44;35100;39;Image20210608-194423_39_65.000.bmp;Image20210608-194423_39_80.000.bmp;Image20210608-194423_39_120.000.bmp;;;1593.8115;TRUE;1550.1166;TRUE;1586.8926;TRUE;1562.9335;TRUE;1575.7765;TRUE;1596.0707;TRUE;1642.3615;TRUE;1642.332;TRUE;1577.5398;TRUE;;
8/06/2021 20:59;36000;40;Image20210608-195923_40_65.000.bmp;Image20210608-195923_40_80.000.bmp;Image20210608-195923_40_120.000.bmp;;;1597.6028;TRUE;1554.4097;TRUE;1590.8785;TRUE;1566.2861;TRUE;1579.8046;TRUE;1600.162;TRUE;1646.7131;TRUE;1646.4945;TRUE;1582.0284;TRUE;;
8/06/2021 21:14;36900;41;Image20210608-201423_41_65.000.bmp;Image20210608-201423_41_80.000.bmp;Image20210608-201423_41_120.000.bmp;;;1601.3337;TRUE;1558.0948;TRUE;1594.8002;TRUE;1570.9017;TRUE;1583.7113;TRUE;1604.103;TRUE;1650.8842;TRUE;1650.4509;TRUE;1586.3398;TRUE;;
8/06/2021 21:29;37800;42;Image20210608-202923_42_65.000.bmp;Image20210608-202923_42_80.000.bmp;Image20210608-202923_42_120.000.bmp;;;1604.9669;TRUE;1561.8641;TRUE;1598.5694;TRUE;1573.9362;TRUE;1587.4964;TRUE;1607.7897;TRUE;1654.8964;TRUE;1654.2939;TRUE;1590.5368;TRUE;;
8/06/2021 21:44;38700;43;Image20210608-204423_43_65.000.bmp;Image20210608-204423_43_80.000.bmp;Image20210608-204423_43_120.000.bmp;;;1608.2875;TRUE;1565.6525;TRUE;1602.2648;TRUE;1578.1678;TRUE;1591.262;TRUE;1611.3818;TRUE;1658.9033;TRUE;1657.8888;TRUE;1594.5439;TRUE;;
8/06/2021 21:59;39600;44;Image20210608-205923_44_65.000.bmp;Image20210608-205923_44_80.000.bmp;Image20210608-205923_44_120.000.bmp;;;1611.6636;TRUE;1569.1469;TRUE;1605.9705;TRUE;1581.6585;TRUE;1594.9067;TRUE;1614.9734;TRUE;1662.688;TRUE;1661.4611;TRUE;1598.3029;TRUE;;
8/06/2021 22:14;40500;45;Image20210608-211423_45_65.000.bmp;Image20210608-211423_45_80.000.bmp;Image20210608-211423_45_120.000.bmp;;;1615.0823;TRUE;1572.6119;TRUE;1609.4768;TRUE;1581.5443;TRUE;1598.2817;TRUE;1618.5319;TRUE;1666.4333;TRUE;1664.9806;TRUE;1601.9916;TRUE;;
8/06/2021 22:29;41400;46;Image20210608-212923_46_65.000.bmp;Image20210608-212923_46_80.000.bmp;Image20210608-212923_46_120.000.bmp;;;1618.2153;TRUE;1576.0927;TRUE;1612.937;TRUE;1588.4641;TRUE;1601.8615;TRUE;1621.9888;TRUE;1670.0853;TRUE;1668.2409;TRUE;1605.4938;TRUE;;
8/06/2021 22:44;42300;47;Image20210608-214423_47_65.000.bmp;Image20210608-214423_47_80.000.bmp;Image20210608-214423_47_120.000.bmp;;;1621.4079;TRUE;1579.4252;TRUE;1616.3358;TRUE;1591.9225;TRUE;1605.2925;TRUE;1625.1522;TRUE;1673.6339;TRUE;1671.4457;TRUE;1608.9315;TRUE;;
8/06/2021 22:59;43200;48;Image20210608-215923_48_65.000.bmp;Image20210608-215923_48_80.000.bmp;Image20210608-215923_48_120.000.bmp;;;1624.6129;TRUE;1582.6658;TRUE;1619.6144;TRUE;1595.2486;TRUE;1608.3124;TRUE;1628.4476;TRUE;1677.2017;TRUE;1674.5991;TRUE;1612.3836;TRUE;;
8/06/2021 23:14;44100;49;Image20210608-221423_49_65.000.bmp;Image20210608-221423_49_80.000.bmp;Image20210608-221423_49_120.000.bmp;;;1627.6058;TRUE;1585.8918;TRUE;1622.7819;TRUE;1598.4384;TRUE;1611.7552;TRUE;1631.569;TRUE;1680.5621;TRUE;1677.6696;TRUE;1615.7875;TRUE;;
8/06/2021 23:29;45000;50;Image20210608-222923_50_65.000.bmp;Image20210608-222923_50_80.000.bmp;Image20210608-222923_50_120.000.bmp;;;1630.6775;TRUE;1589.0376;TRUE;1626.1459;TRUE;1601.8713;TRUE;1614.7466;TRUE;1634.7027;TRUE;1683.7158;TRUE;1680.709;TRUE;1618.9702;TRUE;;
8/06/2021 23:44;45900;51;Image20210608-224423_51_65.000.bmp;Image20210608-224423_51_80.000.bmp;Image20210608-224423_51_120.000.bmp;;;1633.5184;TRUE;1592.037;TRUE;1629.1099;TRUE;1606.6487;TRUE;1617.8369;TRUE;1637.66;TRUE;1687.0365;TRUE;1683.5963;TRUE;1622.1246;TRUE;;
8/06/2021 23:59;46800;52;Image20210608-225923_52_65.000.bmp;Image20210608-225923_52_80.000.bmp;Image20210608-225923_52_120.000.bmp;;;1636.38;TRUE;1595.093;TRUE;1632.2312;TRUE;1608.0102;TRUE;1620.7386;TRUE;1640.4342;TRUE;1689.9382;TRUE;1686.3024;TRUE;1625.162;TRUE;;
9/06/2021 0:14;47700;53;Image20210608-231423_53_65.000.bmp;Image20210608-231423_53_80.000.bmp;Image20210608-231423_53_120.000.bmp;;;1639.2416;TRUE;1597.988;TRUE;1635.1126;TRUE;1611.0999;TRUE;1623.7777;TRUE;1643.2066;TRUE;1693.0841;TRUE;1689.0471;TRUE;1628.2778;TRUE;;
9/06/2021 0:29;48600;54;Image20210608-232923_54_65.000.bmp;Image20210608-232923_54_80.000.bmp;Image20210608-232923_54_120.000.bmp;;;1641.9022;TRUE;1600.9067;TRUE;1638.1642;TRUE;1614.7295;TRUE;1626.4118;TRUE;1646.0444;TRUE;1696.0997;TRUE;1691.7051;TRUE;1631.082;TRUE;;
9/06/2021 0:44;49500;55;Image20210608-234423_55_65.000.bmp;Image20210608-234423_55_80.000.bmp;Image20210608-234423_55_120.000.bmp;;;1644.7098;TRUE;1603.4214;TRUE;1640.989;TRUE;1616.6212;TRUE;1629.46;TRUE;1648.7924;TRUE;1699.089;TRUE;1694.2754;TRUE;1634.1469;TRUE;;
9/06/2021 0:59;50400;56;Image20210608-235923_56_65.000.bmp;Image20210608-235923_56_80.000.bmp;Image20210608-235923_56_120.000.bmp;;;1647.4064;TRUE;1606.5927;TRUE;1643.77;TRUE;1619.6595;TRUE;1632.0215;TRUE;1651.4642;TRUE;1701.8123;TRUE;1696.9623;TRUE;1636.866;TRUE;;
9/06/2021 1:14;51300;57;Image20210609-001423_57_65.000.bmp;Image20210609-001423_57_80.000.bmp;Image20210609-001423_57_120.000.bmp;;;1649.9671;TRUE;1609.4601;TRUE;1646.4202;TRUE;1622.3314;TRUE;1634.7194;TRUE;1654.2704;TRUE;1704.6798;TRUE;1699.4532;TRUE;1639.7832;TRUE;;
9/06/2021 1:29;52200;58;Image20210609-002923_58_65.000.bmp;Image20210609-002923_58_80.000.bmp;Image20210609-002923_58_120.000.bmp;;;1652.5924;TRUE;1612.1161;TRUE;1649.0718;TRUE;1624.8763;TRUE;1637.4903;TRUE;1656.8203;TRUE;1707.2246;TRUE;1701.9061;TRUE;1642.5876;TRUE;;
9/06/2021 1:44;53100;59;Image20210609-004423_59_65.000.bmp;Image20210609-004423_59_80.000.bmp;Image20210609-004423_59_120.000.bmp;;;1655.2425;TRUE;1614.6948;TRUE;1651.8482;TRUE;1628.4817;TRUE;1639.9683;TRUE;1659.3405;TRUE;1709.648;TRUE;1704.3202;TRUE;1645.0992;TRUE;;
9/06/2021 1:59;54000;60;Image20210609-005923_60_65.000.bmp;Image20210609-005923_60_80.000.bmp;Image20210609-005923_60_120.000.bmp;;;1657.629;TRUE;1616.7025;TRUE;1654.4651;TRUE;1630.9279;TRUE;1642.4134;TRUE;1662.0033;TRUE;1712.3107;TRUE;1706.7142;TRUE;1647.7509;TRUE;;
9/06/2021 2:14;54900;61;Image20210609-011423_61_65.000.bmp;Image20210609-011423_61_80.000.bmp;Image20210609-011423_61_120.000.bmp;;;1660.0897;TRUE;1618.8201;TRUE;1656.9883;TRUE;1631.4753;TRUE;1645.0154;TRUE;1664.4258;TRUE;1714.8868;TRUE;1709.0952;TRUE;1650.4099;TRUE;;
9/06/2021 2:29;55800;62;Image20210609-012923_62_65.000.bmp;Image20210609-012923_62_80.000.bmp;Image20210609-012923_62_120.000.bmp;;;1662.5267;TRUE;1622.3983;TRUE;1659.5223;TRUE;1636.0674;TRUE;1647.5803;TRUE;1666.7411;TRUE;1717.2692;TRUE;1711.378;TRUE;1652.9103;TRUE;;
9/06/2021 2:44;56700;63;Image20210609-014423_63_65.000.bmp;Image20210609-014423_63_80.000.bmp;Image20210609-014423_63_120.000.bmp;;;1664.9205;TRUE;1624.9983;TRUE;1662.1019;TRUE;1638.7057;TRUE;1649.9277;TRUE;1669.0985;TRUE;1719.5505;TRUE;1713.7167;TRUE;1655.4095;TRUE;;
9/06/2021 2:59;57600;64;Image20210609-015923_64_65.000.bmp;Image20210609-015923_64_80.000.bmp;Image20210609-015923_64_120.000.bmp;;;1667.2339;TRUE;1627.167;TRUE;1664.494;TRUE;1640.9697;TRUE;1652.1509;TRUE;1671.5492;TRUE;1721.8342;TRUE;1715.875;TRUE;1657.8428;TRUE;;
9/06/2021 3:14;58500;65;Image20210609-021423_65_65.000.bmp;Image20210609-021423_65_80.000.bmp;Image20210609-021423_65_120.000.bmp;;;1669.6166;TRUE;1629.4075;TRUE;1666.8396;TRUE;1643.5695;TRUE;1654.4207;TRUE;1673.8907;TRUE;1724.182;TRUE;1718.0432;TRUE;1660.2416;TRUE;;
9/06/2021 3:29;59400;66;Image20210609-022923_66_65.000.bmp;Image20210609-022923_66_80.000.bmp;Image20210609-022923_66_120.000.bmp;;;1671.8337;TRUE;1631.8687;TRUE;1669.1769;TRUE;1646.1046;TRUE;1656.7159;TRUE;1676.2234;TRUE;1726.477;TRUE;1720.1483;TRUE;1662.5179;TRUE;;
9/06/2021 3:44;60300;67;Image20210609-024423_67_65.000.bmp;Image20210609-024423_67_80.000.bmp;Image20210609-024423_67_120.000.bmp;;;1674.0092;TRUE;1634.662;TRUE;1671.4487;TRUE;1648.064;TRUE;1658.9669;TRUE;1678.54;TRUE;1728.7244;TRUE;1722.2294;TRUE;1664.7846;TRUE;;
9/06/2021 3:59;61200;68;Image20210609-025923_68_65.000.bmp;Image20210609-025923_68_80.000.bmp;Image20210609-025923_68_120.000.bmp;;;1676.2588;TRUE;1636.9003;TRUE;1673.8884;TRUE;1650.575;TRUE;1661.2334;TRUE;1680.7059;TRUE;1730.9137;TRUE;1724.421;TRUE;1667.1115;TRUE;;
9/06/2021 4:14;62100;69;Image20210609-031423_69_65.000.bmp;Image20210609-031423_69_80.000.bmp;Image20210609-031423_69_120.000.bmp;;;1678.5038;TRUE;1639.0404;TRUE;1676.1606;TRUE;1652.7097;TRUE;1663.3165;TRUE;1682.8919;TRUE;1732.9684;TRUE;1726.389;TRUE;1669.4489;TRUE;;
9/06/2021 4:29;63000;70;Image20210609-032923_70_65.000.bmp;Image20210609-032923_70_80.000.bmp;Image20210609-032923_70_120.000.bmp;;;1680.6291;TRUE;1641.3793;TRUE;1678.3762;TRUE;1654.8318;TRUE;1665.5187;TRUE;1685.0633;TRUE;1735.0707;TRUE;1728.4474;TRUE;1671.5336;TRUE;;
9/06/2021 4:44;63900;71;Image20210609-034423_71_65.000.bmp;Image20210609-034423_71_80.000.bmp;Image20210609-034423_71_120.000.bmp;;;1682.9484;TRUE;1643.2121;TRUE;1680.5163;TRUE;1656.8202;TRUE;1667.4642;TRUE;1687.1706;TRUE;1737.098;TRUE;1730.4695;TRUE;1673.8093;TRUE;;
9/06/2021 4:59;64800;72;Image20210609-035923_72_65.000.bmp;Image20210609-035923_72_80.000.bmp;Image20210609-035923_72_120.000.bmp;;;1684.9099;TRUE;1645.8771;TRUE;1682.6354;TRUE;1658.9534;TRUE;1669.5519;TRUE;1689.2653;TRUE;1739.0951;TRUE;1732.3967;TRUE;1675.8823;TRUE;;
9/06/2021 5:14;65700;73;Image20210609-041423_73_65.000.bmp;Image20210609-041423_73_80.000.bmp;Image20210609-041423_73_120.000.bmp;;;1687.0324;TRUE;1647.9383;TRUE;1684.7699;TRUE;1661.0854;TRUE;1671.5989;TRUE;1691.4222;TRUE;1741.1671;TRUE;1734.2882;TRUE;1678.0005;TRUE;;
9/06/2021 5:29;66600;74;Image20210609-042923_74_65.000.bmp;Image20210609-042923_74_80.000.bmp;Image20210609-042923_74_120.000.bmp;;;1689.0375;TRUE;1650.136;TRUE;1686.8636;TRUE;1663.4333;TRUE;1673.5594;TRUE;1693.5097;TRUE;1743.0914;TRUE;1736.264;TRUE;1680.1293;TRUE;;
9/06/2021 5:44;67500;75;Image20210609-044423_75_65.000.bmp;Image20210609-044423_75_80.000.bmp;Image20210609-044423_75_120.000.bmp;;;1691.0551;TRUE;1652.0405;TRUE;1688.8304;TRUE;1662.4547;TRUE;1675.5244;TRUE;1695.5549;TRUE;1745.0491;TRUE;1738.1331;TRUE;1682.1239;TRUE;;
9/06/2021 5:59;68400;76;Image20210609-045923_76_65.000.bmp;Image20210609-045923_76_80.000.bmp;Image20210609-045923_76_120.000.bmp;;;1693.1274;TRUE;1654.18;TRUE;1690.9462;TRUE;1667.7043;TRUE;1677.37;TRUE;1697.5972;TRUE;1746.9348;TRUE;1740.0064;TRUE;1684.1712;TRUE;;
9/06/2021 6:14;69300;77;Image20210609-051423_77_65.000.bmp;Image20210609-051423_77_80.000.bmp;Image20210609-051423_77_120.000.bmp;;;1694.9898;TRUE;1656.3598;TRUE;1692.9656;TRUE;1669.4418;TRUE;1679.2064;TRUE;1699.5922;TRUE;1748.8251;TRUE;1741.8315;TRUE;1686.0897;TRUE;;
9/06/2021 6:29;70200;78;Image20210609-052923_78_65.000.bmp;Image20210609-052923_78_80.000.bmp;Image20210609-052923_78_120.000.bmp;;;1696.9691;TRUE;1658.2538;TRUE;1694.9661;TRUE;1671.4616;TRUE;1680.9816;TRUE;1701.4894;TRUE;1750.5429;TRUE;1743.6758;TRUE;1688.0197;TRUE;;
9/06/2021 6:44;71100;79;Image20210609-054423_79_65.000.bmp;Image20210609-054423_79_80.000.bmp;Image20210609-054423_79_120.000.bmp;;;1698.8895;TRUE;1660.39;TRUE;1696.887;TRUE;1673.4426;TRUE;1682.6726;TRUE;1703.4359;TRUE;1752.2137;TRUE;1745.4813;TRUE;1689.9716;TRUE;;
9/06/2021 6:59;72000;80;Image20210609-055923_80_65.000.bmp;Image20210609-055923_80_80.000.bmp;Image20210609-055923_80_120.000.bmp;;;1700.7455;TRUE;1662.4348;TRUE;1698.8132;TRUE;1673.387;TRUE;1684.4933;TRUE;1705.3241;TRUE;1753.9922;TRUE;1747.2406;TRUE;1691.9274;TRUE;;
9/06/2021 7:14;72900;81;Image20210609-061423_81_65.000.bmp;Image20210609-061423_81_80.000.bmp;Image20210609-061423_81_120.000.bmp;;;1702.5786;TRUE;1664.1627;TRUE;1700.751;TRUE;1677.0176;TRUE;1686.2661;TRUE;1707.2157;TRUE;1755.7756;TRUE;1748.8845;TRUE;1693.8084;TRUE;;
9/06/2021 7:29;73800;82;Image20210609-062923_82_65.000.bmp;Image20210609-062923_82_80.000.bmp;Image20210609-062923_82_120.000.bmp;;;1704.4056;TRUE;1665.5774;TRUE;1702.5743;TRUE;1678.9247;TRUE;1688.0245;TRUE;1709.2655;TRUE;1757.4073;TRUE;1750.6262;TRUE;1695.6013;TRUE;;
9/06/2021 7:44;74700;83;Image20210609-064423_83_65.000.bmp;Image20210609-064423_83_80.000.bmp;Image20210609-064423_83_120.000.bmp;;;1706.1243;TRUE;1668.1206;TRUE;1704.4883;TRUE;1680.9832;TRUE;1689.8395;TRUE;1711.4849;TRUE;1759.2122;TRUE;1752.2236;TRUE;1697.368;TRUE;;
9/06/2021 7:59;75600;84;Image20210609-065923_84_65.000.bmp;Image20210609-065923_84_80.000.bmp;Image20210609-065923_84_120.000.bmp;;;1708.0031;TRUE;1669.9781;TRUE;1706.2768;TRUE;1682.8286;TRUE;1691.562;TRUE;1713.5161;TRUE;1760.9479;TRUE;1753.8788;TRUE;1699.1193;TRUE;;
9/06/2021 8:14;76500;85;Image20210609-071423_85_65.000.bmp;Image20210609-071423_85_80.000.bmp;Image20210609-071423_85_120.000.bmp;;;1709.7386;TRUE;1671.8929;TRUE;1708.1726;TRUE;1684.8094;TRUE;1693.2622;TRUE;1715.4579;TRUE;1762.5363;TRUE;1755.6305;TRUE;1700.8665;TRUE;;
9/06/2021 8:29;77400;86;Image20210609-072923_86_65.000.bmp;Image20210609-072923_86_80.000.bmp;Image20210609-072923_86_120.000.bmp;;;1711.598;TRUE;1673.2469;TRUE;1710.0544;TRUE;1686.744;TRUE;1694.7943;TRUE;1717.2689;TRUE;1764.0667;TRUE;1757.2186;TRUE;1702.6702;TRUE;;
9/06/2021 8:44;78300;87;Image20210609-074423_87_65.000.bmp;Image20210609-074423_87_80.000.bmp;Image20210609-074423_87_120.000.bmp;;;1713.3555;TRUE;1675.3881;TRUE;1711.6379;TRUE;1689.135;TRUE;1696.506;TRUE;1719.0966;TRUE;1765.6407;TRUE;1758.8275;TRUE;1704.4432;TRUE;;
9/06/2021 8:59;79200;88;Image20210609-075923_88_65.000.bmp;Image20210609-075923_88_80.000.bmp;Image20210609-075923_88_120.000.bmp;;;1715.1045;TRUE;1676.9199;TRUE;1713.3948;TRUE;1690.0714;TRUE;1698.1677;TRUE;1720.8865;TRUE;1767.2231;TRUE;1760.3289;TRUE;1706.1766;TRUE;;
9/06/2021 9:14;80100;89;Image20210609-081423_89_65.000.bmp;Image20210609-081423_89_80.000.bmp;Image20210609-081423_89_120.000.bmp;;;1716.7537;TRUE;1679.1885;TRUE;1715.0836;TRUE;1691.9318;TRUE;1699.8292;TRUE;1722.5814;TRUE;1768.8417;TRUE;1761.9238;TRUE;1707.8657;TRUE;;
9/06/2021 9:29;81000;90;Image20210609-082923_90_65.000.bmp;Image20210609-082923_90_80.000.bmp;Image20210609-082923_90_120.000.bmp;;;1718.3694;TRUE;1680.9456;TRUE;1716.7939;TRUE;1693.5566;TRUE;1701.3738;TRUE;1724.304;TRUE;1770.517;TRUE;1763.5883;TRUE;1709.527;TRUE;;
9/06/2021 9:44;81900;91;Image20210609-084423_91_65.000.bmp;Image20210609-084423_91_80.000.bmp;Image20210609-084423_91_120.000.bmp;;;1719.9633;TRUE;1682.4753;TRUE;1718.5842;TRUE;1695.0244;TRUE;1702.9293;TRUE;1726.0709;TRUE;1771.8063;TRUE;1765.0753;TRUE;1711.0782;TRUE;;
9/06/2021 9:59;82800;92;Image20210609-085923_92_65.000.bmp;Image20210609-085923_92_80.000.bmp;Image20210609-085923_92_120.000.bmp;;;1721.6718;TRUE;1684.3135;TRUE;1720.2483;TRUE;1696.8041;TRUE;1704.4448;TRUE;1727.6771;TRUE;1773.3672;TRUE;1766.5178;TRUE;1712.8247;TRUE;;
9/06/2021 10:14;83700;93;Image20210609-091423_93_65.000.bmp;Image20210609-091423_93_80.000.bmp;Image20210609-091423_93_120.000.bmp;;;1723.3068;TRUE;1686.0469;TRUE;1721.969;TRUE;1698.799;TRUE;1706.0787;TRUE;1729.2562;TRUE;1774.977;TRUE;1768.0156;TRUE;1714.418;TRUE;;
9/06/2021 10:29;84600;94;Image20210609-092923_94_65.000.bmp;Image20210609-092923_94_80.000.bmp;Image20210609-092923_94_120.000.bmp;;;1725.0201;TRUE;1687.7614;TRUE;1723.567;TRUE;1700.3459;TRUE;1707.7637;TRUE;1730.8795;TRUE;1776.3613;TRUE;1769.5593;TRUE;1716.1217;TRUE;;
9/06/2021 10:44;85500;95;Image20210609-094423_95_65.000.bmp;Image20210609-094423_95_80.000.bmp;Image20210609-094423_95_120.000.bmp;;;1726.5839;TRUE;1689.3185;TRUE;1725.2044;TRUE;1701.835;TRUE;1709.2808;TRUE;1732.5153;TRUE;1777.632;TRUE;1771.066;TRUE;1717.7189;TRUE;;
9/06/2021 11:14;87300;96;Image20210609-101423_96_65.000.bmp;Image20210609-101423_96_80.000.bmp;Image20210609-101423_96_120.000.bmp;;;1729.7405;TRUE;1692.8527;TRUE;1728.4636;TRUE;1704.9007;TRUE;1712.3007;TRUE;1735.7128;TRUE;1780.8571;TRUE;1773.9081;TRUE;1720.8025;TRUE;;
9/06/2021 11:44;89100;97;Image20210609-104423_97_65.000.bmp;Image20210609-104423_97_80.000.bmp;Image20210609-104423_97_120.000.bmp;;;1732.9415;TRUE;1696.0773;TRUE;1731.5302;TRUE;1708.4581;TRUE;1715.4449;TRUE;1738.8375;TRUE;1783.5872;TRUE;1776.8071;TRUE;1724.0703;TRUE;;
9/06/2021 12:14;90900;98;Image20210609-111423_98_65.000.bmp;Image20210609-111423_98_80.000.bmp;Image20210609-111423_98_120.000.bmp;;;1735.897;TRUE;1699.0115;TRUE;1734.7429;TRUE;1711.0707;TRUE;1718.2592;TRUE;1741.9966;TRUE;1786.6548;TRUE;1779.7036;TRUE;1726.933;TRUE;;
9/06/2021 12:44;92700;99;Image20210609-114423_99_65.000.bmp;Image20210609-114423_99_80.000.bmp;Image20210609-114423_99_120.000.bmp;;;1739.0222;TRUE;1702.4551;TRUE;1737.8904;TRUE;1714.3655;TRUE;1721.3244;TRUE;1744.9204;TRUE;1789.2716;TRUE;1782.4352;TRUE;1730.1611;TRUE;;
9/06/2021 13:14;94500;100;Image20210609-121423_100_65.000.bmp;Image20210609-121423_100_80.000.bmp;Image20210609-121423_100_120.000.bmp;;;1742.0217;TRUE;1704.7233;TRUE;1740.8161;TRUE;1717.4227;TRUE;1724.1682;TRUE;1748.0359;TRUE;1792.1028;TRUE;1785.3216;TRUE;1733.046;TRUE;;
9/06/2021 13:44;96300;101;Image20210609-124423_101_65.000.bmp;Image20210609-124423_101_80.000.bmp;Image20210609-124423_101_120.000.bmp;;;1745.1735;TRUE;1708.6165;TRUE;1743.9028;TRUE;1720.4902;TRUE;1727.0939;TRUE;1750.8906;TRUE;1794.98;TRUE;1787.9431;TRUE;1736.1;TRUE;;
9/06/2021 14:14;98100;102;Image20210609-131423_102_65.000.bmp;Image20210609-131423_102_80.000.bmp;Image20210609-131423_102_120.000.bmp;;;1747.9852;TRUE;1711.6118;TRUE;1746.7389;TRUE;1723.2501;TRUE;1729.9355;TRUE;1753.8948;TRUE;1797.6475;TRUE;1790.7731;TRUE;1738.9433;TRUE;;
9/06/2021 14:44;99900;103;Image20210609-134423_103_65.000.bmp;Image20210609-134423_103_80.000.bmp;Image20210609-134423_103_120.000.bmp;;;1750.9582;TRUE;1714.5132;TRUE;1749.6091;TRUE;1726.6313;TRUE;1732.8404;TRUE;1756.7267;TRUE;1800.4425;TRUE;1793.5211;TRUE;1742.0087;TRUE;;
9/06/2021 15:14;101700;104;Image20210609-141423_104_65.000.bmp;Image20210609-141423_104_80.000.bmp;Image20210609-141423_104_120.000.bmp;;;1753.7152;TRUE;1717.1581;TRUE;1752.5901;TRUE;1729.3428;TRUE;1735.8287;TRUE;1759.5286;TRUE;1803.1125;TRUE;1795.9651;TRUE;1744.6674;TRUE;;
9/06/2021 15:44;103500;105;Image20210609-144423_105_65.000.bmp;Image20210609-144423_105_80.000.bmp;Image20210609-144423_105_120.000.bmp;;;1756.5703;TRUE;1720.6066;TRUE;1755.3597;TRUE;1732.4709;TRUE;1738.5023;TRUE;1762.3497;TRUE;1805.6911;TRUE;1798.6858;TRUE;1747.5363;TRUE;;
9/06/2021 16:14;105300;106;Image20210609-151423_106_65.000.bmp;Image20210609-151423_106_80.000.bmp;Image20210609-151423_106_120.000.bmp;;;1759.4223;TRUE;1723.1181;TRUE;1758.2759;TRUE;1735.0192;TRUE;1741.4607;TRUE;1765.0536;TRUE;1808.3596;TRUE;1801.4001;TRUE;1750.3692;TRUE;;
9/06/2021 16:44;107100;107;Image20210609-154423_107_65.000.bmp;Image20210609-154423_107_80.000.bmp;Image20210609-154423_107_120.000.bmp;;;1762.1552;TRUE;1726.2413;TRUE;1760.9682;TRUE;1738.1658;TRUE;1744.1321;TRUE;1767.8633;TRUE;1810.9735;TRUE;1803.8524;TRUE;1752.992;TRUE;;
9/06/2021 17:14;108900;108;Image20210609-161423_108_65.000.bmp;Image20210609-161423_108_80.000.bmp;Image20210609-161423_108_120.000.bmp;;;1765.0021;TRUE;1728.6348;TRUE;1763.7635;TRUE;1740.8457;TRUE;1746.9091;TRUE;1770.5565;TRUE;1813.4473;TRUE;1806.3771;TRUE;1755.8503;TRUE;;
9/06/2021 17:44;110700;109;Image20210609-164423_109_65.000.bmp;Image20210609-164423_109_80.000.bmp;Image20210609-164423_109_120.000.bmp;;;1767.7177;TRUE;1732.0445;TRUE;1766.5225;TRUE;1743.4413;TRUE;1749.6733;TRUE;1773.1118;TRUE;1816.1389;TRUE;1809.0084;TRUE;1758.5046;TRUE;;
9/06/2021 18:14;112500;110;Image20210609-171423_110_65.000.bmp;Image20210609-171423_110_80.000.bmp;Image20210609-171423_110_120.000.bmp;;;1770.2582;TRUE;1734.8022;TRUE;1769.136;TRUE;1746.3038;TRUE;1752.3205;TRUE;1775.8516;TRUE;1818.8535;TRUE;1811.5303;TRUE;1761.0645;TRUE;;
9/06/2021 18:44;114300;111;Image20210609-174423_111_65.000.bmp;Image20210609-174423_111_80.000.bmp;Image20210609-174423_111_120.000.bmp;;;1773.0891;TRUE;1737.3277;TRUE;1771.8231;TRUE;1748.8687;TRUE;1754.9834;TRUE;1778.393;TRUE;1821.2463;TRUE;1813.9468;TRUE;1763.9433;TRUE;;
9/06/2021 19:44;117900;112;Image20210609-184423_112_65.000.bmp;Image20210609-184423_112_80.000.bmp;Image20210609-184423_112_120.000.bmp;;;1778.2379;TRUE;1742.7235;TRUE;1776.9238;TRUE;1753.7856;TRUE;1760.1457;TRUE;1783.4858;TRUE;1826.3099;TRUE;1818.701;TRUE;1768.9552;TRUE;;
9/06/2021 20:14;119700;113;Image20210609-191423_113_65.000.bmp;Image20210609-191423_113_80.000.bmp;Image20210609-191423_113_120.000.bmp;;;1780.9597;TRUE;1744.8953;TRUE;1779.7477;TRUE;1756.4185;TRUE;1762.7686;TRUE;1786.0101;TRUE;1828.8901;TRUE;1821.1274;TRUE;1771.5895;TRUE;;
9/06/2021 20:44;121500;114;Image20210609-194423_114_65.000.bmp;Image20210609-194423_114_80.000.bmp;Image20210609-194423_114_120.000.bmp;;;1783.4713;TRUE;1748.5594;TRUE;1782.2726;TRUE;1758.7385;TRUE;1765.3549;TRUE;1788.5797;TRUE;1831.1899;TRUE;1823.4268;TRUE;1774.1895;TRUE;;
9/06/2021 21:14;123300;115;Image20210609-201423_115_65.000.bmp;Image20210609-201423_115_80.000.bmp;Image20210609-201423_115_120.000.bmp;;;1785.8983;TRUE;1750.9259;TRUE;1784.7245;TRUE;1761.1287;TRUE;1767.9177;TRUE;1790.9847;TRUE;1833.4467;TRUE;1825.7585;TRUE;1776.623;TRUE;;
9/06/2021 21:44;125100;116;Image20210609-204423_116_65.000.bmp;Image20210609-204423_116_80.000.bmp;Image20210609-204423_116_120.000.bmp;;;1788.4631;TRUE;1753.6674;TRUE;1787.2725;TRUE;1764.5453;TRUE;1770.2532;TRUE;1793.5409;TRUE;1836.0206;TRUE;1828.1185;TRUE;1779.0829;TRUE;;
9/06/2021 22:14;126900;117;Image20210609-211423_117_65.000.bmp;Image20210609-211423_117_80.000.bmp;Image20210609-211423_117_120.000.bmp;;;1790.9662;TRUE;1756.1648;TRUE;1789.7365;TRUE;1765.8426;TRUE;1772.6268;TRUE;1796.1378;TRUE;1838.3181;TRUE;1830.411;TRUE;1781.6672;TRUE;;
9/06/2021 22:44;128700;118;Image20210609-214423_118_65.000.bmp;Image20210609-214423_118_80.000.bmp;Image20210609-214423_118_120.000.bmp;;;1793.5518;TRUE;1758.6902;TRUE;1792.3973;TRUE;1768.6077;TRUE;1775.2554;TRUE;1798.5443;TRUE;1840.7051;TRUE;1832.7583;TRUE;1784.1182;TRUE;;
9/06/2021 23:14;130500;119;Image20210609-221423_119_65.000.bmp;Image20210609-221423_119_80.000.bmp;Image20210609-221423_119_120.000.bmp;;;1795.8182;TRUE;1760.994;TRUE;1794.7054;TRUE;1770.7921;TRUE;1777.7522;TRUE;1800.8834;TRUE;1842.9308;TRUE;1835.1548;TRUE;1786.46;TRUE;;
9/06/2021 23:44;132300;120;Image20210609-224423_120_65.000.bmp;Image20210609-224423_120_80.000.bmp;Image20210609-224423_120_120.000.bmp;;;1798.2587;TRUE;1763.6139;TRUE;1797.1031;TRUE;1772.83;TRUE;1780.4572;TRUE;1803.1369;TRUE;1845.0506;TRUE;1837.3069;TRUE;1789.2305;TRUE;;
10/06/2021 0:14;134100;121;Image20210609-231423_121_65.000.bmp;Image20210609-231423_121_80.000.bmp;Image20210609-231423_121_120.000.bmp;;;1800.7339;TRUE;1765.6558;TRUE;1799.3679;TRUE;1774.8255;TRUE;1783.0961;TRUE;1805.5096;TRUE;1847.2095;TRUE;1839.595;TRUE;1791.9648;TRUE;;
10/06/2021 0:44;135900;122;Image20210609-234423_122_65.000.bmp;Image20210609-234423_122_80.000.bmp;Image20210609-234423_122_120.000.bmp;;;1803.0972;TRUE;1768.3052;TRUE;1801.7727;TRUE;1773.2839;TRUE;1785.7369;TRUE;1807.8727;TRUE;1849.3715;TRUE;1841.6555;TRUE;1794.2478;TRUE;;
10/06/2021 1:14;137700;123;Image20210610-001423_123_65.000.bmp;Image20210610-001423_123_80.000.bmp;Image20210610-001423_123_120.000.bmp;;;1805.4017;TRUE;1770.7161;TRUE;1804.0024;TRUE;1780.0197;TRUE;1788.4557;TRUE;1810.1404;TRUE;1851.5433;TRUE;1843.9468;TRUE;1796.5256;TRUE;;
10/06/2021 1:44;139500;124;Image20210610-004423_124_65.000.bmp;Image20210610-004423_124_80.000.bmp;Image20210610-004423_124_120.000.bmp;;;1807.735;TRUE;1773.1659;TRUE;1806.3298;TRUE;1782.6355;TRUE;1791.5822;TRUE;1812.3616;TRUE;1853.6568;TRUE;1846.0219;TRUE;1798.7581;TRUE;;
10/06/2021 2:14;141300;125;Image20210610-011423_125_65.000.bmp;Image20210610-011423_125_80.000.bmp;Image20210610-011423_125_120.000.bmp;;;1809.9193;TRUE;1775.0669;TRUE;1808.575;TRUE;1785.2651;TRUE;1794.8231;TRUE;1814.6749;TRUE;1855.9023;TRUE;1848.0081;TRUE;1800.9865;TRUE;;
10/06/2021 2:44;143100;126;Image20210610-014423_126_65.000.bmp;Image20210610-014423_126_80.000.bmp;Image20210610-014423_126_120.000.bmp;;;1812.1504;TRUE;1777.6454;TRUE;1810.7772;TRUE;1787.4872;TRUE;1798.3123;TRUE;1816.8912;TRUE;1858.0658;TRUE;1850.1085;TRUE;1803.1022;TRUE;;
10/06/2021 3:14;144900;127;Image20210610-021423_127_65.000.bmp;Image20210610-021423_127_80.000.bmp;Image20210610-021423_127_120.000.bmp;;;1814.3824;TRUE;1779.9579;TRUE;1812.9827;TRUE;1789.6693;TRUE;1801.8734;TRUE;1819.1959;TRUE;1860.1641;TRUE;1852.1391;TRUE;1805.2548;TRUE;;
10/06/2021 3:44;146700;128;Image20210610-024423_128_65.000.bmp;Image20210610-024423_128_80.000.bmp;Image20210610-024423_128_120.000.bmp;;;1816.6268;TRUE;1782.3424;TRUE;1815.3343;TRUE;1792.7206;TRUE;1805.9366;TRUE;1821.7389;TRUE;1862.4751;TRUE;1854.1287;TRUE;1807.4426;TRUE;;
10/06/2021 4:14;148500;129;Image20210610-031423_129_65.000.bmp;Image20210610-031423_129_80.000.bmp;Image20210610-031423_129_120.000.bmp;;;1818.759;TRUE;1784.5635;TRUE;1817.6802;TRUE;1795.3447;TRUE;1810.2941;TRUE;1824.2399;TRUE;1864.551;TRUE;1856.0193;TRUE;1809.6417;TRUE;;
10/06/2021 4:44;150300;130;Image20210610-034423_130_65.000.bmp;Image20210610-034423_130_80.000.bmp;Image20210610-034423_130_120.000.bmp;;;1820.938;TRUE;1787.8235;TRUE;1820.0751;TRUE;1798.4096;TRUE;1815.0466;TRUE;1826.6743;TRUE;1866.7214;TRUE;1857.8543;TRUE;1811.8229;TRUE;;
10/06/2021 5:14;152100;131;Image20210610-041423_131_65.000.bmp;Image20210610-041423_131_80.000.bmp;Image20210610-041423_131_120.000.bmp;;;1823.0044;TRUE;1789.7106;TRUE;1822.6555;TRUE;1801.4507;TRUE;1819.2344;TRUE;1829.0637;TRUE;1868.9348;TRUE;1859.8825;TRUE;1813.9335;TRUE;;
10/06/2021 5:44;153900;132;Image20210610-044423_132_65.000.bmp;Image20210610-044423_132_80.000.bmp;Image20210610-044423_132_120.000.bmp;;;1825.4319;TRUE;1793.2274;TRUE;1824.956;TRUE;1804.2269;TRUE;1822.8527;TRUE;1831.5588;TRUE;1870.9803;TRUE;1862.0188;TRUE;1816.0159;TRUE;;
10/06/2021 6:14;155700;133;Image20210610-051423_133_65.000.bmp;Image20210610-051423_133_80.000.bmp;Image20210610-051423_133_120.000.bmp;;;1827.6914;TRUE;1795.8932;TRUE;1827.4013;TRUE;1807.3394;TRUE;1826.4999;TRUE;1834.4033;TRUE;1872.9875;TRUE;1864.317;TRUE;1817.9877;TRUE;;
10/06/2021 6:44;157500;134;Image20210610-054423_134_65.000.bmp;Image20210610-054423_134_80.000.bmp;Image20210610-054423_134_120.000.bmp;;;1830.0726;TRUE;1798.9028;TRUE;1830.9933;TRUE;1809.9186;TRUE;1829.8193;TRUE;1837.2753;TRUE;1875.2089;TRUE;1866.4345;TRUE;1820.141;TRUE;;
10/06/2021 7:14;159300;135;Image20210610-061423_135_65.000.bmp;Image20210610-061423_135_80.000.bmp;Image20210610-061423_135_120.000.bmp;;;1832.4189;TRUE;1802.5422;TRUE;1834.9638;TRUE;1812.8566;TRUE;1832.6536;TRUE;1840.3671;TRUE;1877.5089;TRUE;1868.6566;TRUE;1822.0846;TRUE;;
10/06/2021 7:44;161100;136;Image20210610-064423_136_65.000.bmp;Image20210610-064423_136_80.000.bmp;Image20210610-064423_136_120.000.bmp;;;1834.8242;TRUE;1808.3192;TRUE;1839.6401;TRUE;1815.365;TRUE;1835.5621;TRUE;1843.5167;TRUE;1879.5652;TRUE;1870.7837;TRUE;1824.3275;TRUE;;
10/06/2021 8:14;162900;137;Image20210610-071423_137_65.000.bmp;Image20210610-071423_137_80.000.bmp;Image20210610-071423_137_120.000.bmp;;;1837.017;TRUE;1812.6378;TRUE;1843.7284;TRUE;1817.7211;TRUE;1838.1047;TRUE;1846.5018;TRUE;1881.9804;TRUE;1873.2049;TRUE;1826.6501;TRUE;;
10/06/2021 8:44;164700;138;Image20210610-074423_138_65.000.bmp;Image20210610-074423_138_80.000.bmp;Image20210610-074423_138_120.000.bmp;;;1839.3676;TRUE;1816.8468;TRUE;1847.7175;TRUE;1820.5786;TRUE;1840.462;TRUE;1849.9069;TRUE;1884.2537;TRUE;1875.4212;TRUE;1828.8533;TRUE;;
10/06/2021 9:14;166500;139;Image20210610-081423_139_65.000.bmp;Image20210610-081423_139_80.000.bmp;Image20210610-081423_139_120.000.bmp;;;1841.9462;TRUE;1821.2474;TRUE;1851.3975;TRUE;1823.2035;TRUE;1843.3627;TRUE;1853.1182;TRUE;1886.5148;TRUE;1877.5899;TRUE;1831.14;TRUE;;
10/06/2021 9:44;168300;140;Image20210610-084423_140_65.000.bmp;Image20210610-084423_140_80.000.bmp;Image20210610-084423_140_120.000.bmp;;;1844.6085;TRUE;1824.7575;TRUE;1854.9459;TRUE;1826.1685;TRUE;1846.1426;TRUE;1856.5148;TRUE;1888.6494;TRUE;1879.993;TRUE;1833.6239;TRUE;;
10/06/2021 10:14;170100;141;Image20210610-091423_141_65.000.bmp;Image20210610-091423_141_80.000.bmp;Image20210610-091423_141_120.000.bmp;;;1846.9275;TRUE;1828.3564;TRUE;1858.5744;TRUE;1829.1536;TRUE;;FALSE;1859.4186;TRUE;1890.483;TRUE;1882.17;TRUE;1836.379;TRUE;;
10/06/2021 10:44;171900;142;Image20210610-094423_142_65.000.bmp;Image20210610-094423_142_80.000.bmp;Image20210610-094423_142_120.000.bmp;;;1849.4546;TRUE;1831.467;TRUE;1861.777;TRUE;1832.1646;TRUE;1786.9287;TRUE;1862.3201;TRUE;1892.4622;TRUE;1884.5578;TRUE;1839.1906;TRUE;;
10/06/2021 11:14;173700;143;Image20210610-101423_143_65.000.bmp;Image20210610-101423_143_80.000.bmp;Image20210610-101423_143_120.000.bmp;;;1851.7651;TRUE;1834.6363;TRUE;1865.158;TRUE;1834.6452;TRUE;1776.761;TRUE;1865.5591;TRUE;1894.233;TRUE;1886.7445;TRUE;1842.1567;TRUE;;
10/06/2021 11:44;175500;144;Image20210610-104423_144_65.000.bmp;Image20210610-104423_144_80.000.bmp;Image20210610-104423_144_120.000.bmp;;;1854.0699;TRUE;;FALSE;1868.264;TRUE;1837.6721;TRUE;;FALSE;1868.8254;TRUE;1896.1851;TRUE;1888.9283;TRUE;1844.7681;TRUE;;
10/06/2021 12:14;177300;145;Image20210610-111423_145_65.000.bmp;Image20210610-111423_145_80.000.bmp;Image20210610-111423_145_120.000.bmp;;;1856.7964;TRUE;1793.2398;TRUE;1870.4472;TRUE;1794.1146;TRUE;;FALSE;1872.1536;TRUE;1897.9294;TRUE;1891.3098;TRUE;1847.9909;TRUE;;
10/06/2021 12:44;179100;146;Image20210610-114423_146_65.000.bmp;Image20210610-114423_146_80.000.bmp;Image20210610-114423_146_120.000.bmp;;;1859.3027;TRUE;1792.5187;TRUE;;FALSE;1792.2278;TRUE;1784.3801;TRUE;1875.0047;TRUE;1899.9089;TRUE;1893.5774;TRUE;1850.7159;TRUE;;
10/06/2021 13:14;180900;147;Image20210610-121423_147_65.000.bmp;Image20210610-121423_147_80.000.bmp;Image20210610-121423_147_120.000.bmp;;;1861.2757;TRUE;1792.6353;TRUE;1876.6063;TRUE;1793.5529;TRUE;1779.4464;TRUE;1878.3092;TRUE;1901.9389;TRUE;1896.0431;TRUE;1853.4849;TRUE;;
10/06/2021 13:44;182700;148;Image20210610-124423_148_65.000.bmp;Image20210610-124423_148_80.000.bmp;Image20210610-124423_148_120.000.bmp;;;1863.5102;TRUE;1792.4416;TRUE;1814.8219;TRUE;1791.6436;TRUE;;FALSE;1881.2228;TRUE;1903.6775;TRUE;;FALSE;1856.1677;TRUE;;
10/06/2021 14:14;184500;149;Image20210610-131423_149_65.000.bmp;Image20210610-131423_149_80.000.bmp;Image20210610-131423_149_120.000.bmp;;;1866.1066;TRUE;1794.9658;TRUE;;FALSE;1792.4647;TRUE;;FALSE;1822.2744;TRUE;1905.6325;TRUE;1864.3583;TRUE;1858.9218;TRUE;;
10/06/2021 14:44;186300;150;Image20210610-134423_150_65.000.bmp;Image20210610-134423_150_80.000.bmp;Image20210610-134423_150_120.000.bmp;;;1869.5537;TRUE;1794.3721;TRUE;1815.4207;TRUE;1792.2632;TRUE;1776.4955;TRUE;1822.1837;TRUE;1907.8707;TRUE;1864.8037;TRUE;1861.8546;TRUE;;
10/06/2021 15:14;188100;151;Image20210610-141423_151_65.000.bmp;Image20210610-141423_151_80.000.bmp;Image20210610-141423_151_120.000.bmp;;;1872.5953;TRUE;1791.8369;TRUE;1819.515;TRUE;1793.4586;TRUE;1775.516;TRUE;1823.1307;TRUE;1909.3846;TRUE;1866.6184;TRUE;1864.8297;TRUE;;
10/06/2021 15:44;189900;152;Image20210610-144423_152_65.000.bmp;Image20210610-144423_152_80.000.bmp;Image20210610-144423_152_120.000.bmp;;;1875.5574;TRUE;1792.5839;TRUE;1823.2753;TRUE;1792.3505;TRUE;1776.41;TRUE;1821.809;TRUE;1911.7032;TRUE;1863.9895;TRUE;1868.3665;TRUE;;
10/06/2021 16:14;191700;153;Image20210610-151423_153_65.000.bmp;Image20210610-151423_153_80.000.bmp;Image20210610-151423_153_120.000.bmp;;;1878.494;TRUE;1793.058;TRUE;1817.9521;TRUE;1791.6965;TRUE;1778.6334;TRUE;1822.2335;TRUE;1863.2474;TRUE;1864.7204;TRUE;1870.6041;TRUE;;
10/06/2021 16:44;193500;154;Image20210610-154423_154_65.000.bmp;Image20210610-154423_154_80.000.bmp;Image20210610-154423_154_120.000.bmp;;;1881.1686;TRUE;1794.021;TRUE;1818.1284;TRUE;1792.9982;TRUE;;FALSE;1822.2692;TRUE;1863.9924;TRUE;1864.9743;TRUE;1873.7278;TRUE;;
10/06/2021 17:14;195300;155;Image20210610-161423_155_65.000.bmp;Image20210610-161423_155_80.000.bmp;Image20210610-161423_155_120.000.bmp;;;1883.7388;TRUE;1793.1293;TRUE;1820.034;TRUE;1793.1047;TRUE;;FALSE;1821.7029;TRUE;1866.936;TRUE;1864.6537;TRUE;1845.326;TRUE;;
10/06/2021 17:44;197100;156;Image20210610-164423_156_65.000.bmp;Image20210610-164423_156_80.000.bmp;Image20210610-164423_156_120.000.bmp;;;1886.3776;TRUE;1793.7059;TRUE;1816.2136;TRUE;1791.9027;TRUE;;FALSE;1815.7168;TRUE;1865.8114;TRUE;1864.9351;TRUE;1846.339;TRUE;;
10/06/2021 18:14;198900;157;Image20210610-171423_157_65.000.bmp;Image20210610-171423_157_80.000.bmp;Image20210610-171423_157_120.000.bmp;;;1889.3645;TRUE;1792.4896;TRUE;1816.8906;TRUE;1793.7834;TRUE;1775.265;TRUE;1821.126;TRUE;1864.0201;TRUE;1863.2144;TRUE;1845.3134;TRUE;;
10/06/2021 18:44;200700;158;Image20210610-174423_158_65.000.bmp;Image20210610-174423_158_80.000.bmp;Image20210610-174423_158_120.000.bmp;;;1891.7505;TRUE;1791.9932;TRUE;1815.8613;TRUE;1791.2228;TRUE;;FALSE;1822.0406;TRUE;1864.0755;TRUE;1864.7631;TRUE;1845.2202;TRUE;;
10/06/2021 19:14;202500;159;Image20210610-181423_159_65.000.bmp;Image20210610-181423_159_80.000.bmp;Image20210610-181423_159_120.000.bmp;;;1894.5764;TRUE;1793.3644;TRUE;1817.019;TRUE;1790.8323;TRUE;1777.4229;TRUE;1821.5117;TRUE;1862.5769;TRUE;1863.9952;TRUE;1845.7404;TRUE;;
10/06/2021 19:44;204300;160;Image20210610-184423_160_65.000.bmp;Image20210610-184423_160_80.000.bmp;Image20210610-184423_160_120.000.bmp;;;1897.1756;TRUE;1794.9227;TRUE;1817.2514;TRUE;1790.8174;TRUE;1772.5508;TRUE;1822.4001;TRUE;1862.3965;TRUE;1864.1379;TRUE;1846.7694;TRUE;;
10/06/2021 20:14;206100;161;Image20210610-191423_161_65.000.bmp;Image20210610-191423_161_80.000.bmp;Image20210610-191423_161_120.000.bmp;;;1899.935;TRUE;1792.8052;TRUE;1816.7313;TRUE;1792.1531;TRUE;1776.1385;TRUE;1822.2946;TRUE;1863.5676;TRUE;1867.3804;TRUE;1845.6772;TRUE;;
10/06/2021 20:44;207900;162;Image20210610-194423_162_65.000.bmp;Image20210610-194423_162_80.000.bmp;Image20210610-194423_162_120.000.bmp;;;1902.3357;TRUE;1793.2478;TRUE;1818.0664;TRUE;1791.6364;TRUE;1774.9273;TRUE;1822.4814;TRUE;1863.9633;TRUE;1863.9894;TRUE;1846.427;TRUE;;
10/06/2021 21:14;209700;163;Image20210610-201423_163_65.000.bmp;Image20210610-201423_163_80.000.bmp;Image20210610-201423_163_120.000.bmp;;;1905.0609;TRUE;1793.4282;TRUE;1831.2956;TRUE;1791.7787;TRUE;1776.6388;TRUE;1821.4443;TRUE;1866.2711;TRUE;1865.5156;TRUE;1845.6782;TRUE;;
10/06/2021 21:44;211500;164;Image20210610-204423_164_65.000.bmp;Image20210610-204423_164_80.000.bmp;Image20210610-204423_164_120.000.bmp;;;1907.5561;TRUE;1793.8121;TRUE;1817.1524;TRUE;1795.5347;TRUE;;FALSE;1822.2762;TRUE;1860.9766;TRUE;1865.3362;TRUE;1845.203;TRUE;;
10/06/2021 22:14;213300;165;Image20210610-211423_165_65.000.bmp;Image20210610-211423_165_80.000.bmp;Image20210610-211423_165_120.000.bmp;;;1909.9274;TRUE;1794.0079;TRUE;1817.0717;TRUE;1792.8512;TRUE;1775.5983;TRUE;1822.0082;TRUE;1868.615;TRUE;1864.2495;TRUE;1846.2089;TRUE;;
10/06/2021 22:44;215100;166;Image20210610-214423_166_65.000.bmp;Image20210610-214423_166_80.000.bmp;Image20210610-214423_166_120.000.bmp;;;1913.3304;TRUE;1795.833;TRUE;1816.855;TRUE;1792.0797;TRUE;1782.0944;TRUE;1822.4495;TRUE;;FALSE;1865.2517;TRUE;1845.0593;TRUE;;
10/06/2021 23:14;216900;167;Image20210610-221423_167_65.000.bmp;Image20210610-221423_167_80.000.bmp;Image20210610-221423_167_120.000.bmp;;;1915.071;TRUE;1793.319;TRUE;1817.1872;TRUE;1791.5143;TRUE;;FALSE;1819.4916;TRUE;1866.3113;TRUE;1863.749;TRUE;1845.4645;TRUE;;
10/06/2021 23:44;218700;168;Image20210610-224423_168_65.000.bmp;Image20210610-224423_168_80.000.bmp;Image20210610-224423_168_120.000.bmp;;;1917.1757;TRUE;1792.4517;TRUE;1816.8203;TRUE;1793.0339;TRUE;1783.0372;TRUE;1822.5182;TRUE;1865.1326;TRUE;1861.9979;TRUE;1845.2518;TRUE;;
11/06/2021 0:14;220500;169;Image20210610-231423_169_65.000.bmp;Image20210610-231423_169_80.000.bmp;Image20210610-231423_169_120.000.bmp;;;1836.045;TRUE;1792.1998;TRUE;;FALSE;1792.485;TRUE;1783.593;TRUE;1822.8738;TRUE;1862.3787;TRUE;1864.181;TRUE;1847.3043;TRUE;;
11/06/2021 0:44;222300;170;Image20210610-234423_170_65.000.bmp;Image20210610-234423_170_80.000.bmp;Image20210610-234423_170_120.000.bmp;;;;FALSE;1793.0724;TRUE;1816.0134;TRUE;1792.7526;TRUE;1775.5679;TRUE;1819.2469;TRUE;1862.348;TRUE;1865.1259;TRUE;1846.574;TRUE;;
11/06/2021 1:14;224100;171;Image20210611-001423_171_65.000.bmp;Image20210611-001423_171_80.000.bmp;Image20210611-001423_171_120.000.bmp;;;1834.4078;TRUE;1792.5703;TRUE;1831.3022;TRUE;1792.1196;TRUE;1777.0168;TRUE;1822.4232;TRUE;1868.1665;TRUE;1865.4338;TRUE;1845.0685;TRUE;;
11/06/2021 1:44;225900;172;Image20210611-004423_172_65.000.bmp;Image20210611-004423_172_80.000.bmp;Image20210611-004423_172_120.000.bmp;;;1925.851;TRUE;1792.7952;TRUE;1816.316;TRUE;1792.2037;TRUE;1774.8728;TRUE;1819.5204;TRUE;1867.1533;TRUE;1864.4744;TRUE;1846.7614;TRUE;;
11/06/2021 2:14;227700;173;Image20210611-011423_173_65.000.bmp;Image20210611-011423_173_80.000.bmp;Image20210611-011423_173_120.000.bmp;;;;FALSE;1793.5957;TRUE;1817.528;TRUE;1794.4023;TRUE;1781.3962;TRUE;1821.8135;TRUE;1869.8127;TRUE;1865.2169;TRUE;1844.9434;TRUE;;
11/06/2021 2:44;229500;174;Image20210611-014423_174_65.000.bmp;Image20210611-014423_174_80.000.bmp;Image20210611-014423_174_120.000.bmp;;;1834.3367;TRUE;1791.9656;TRUE;1816.6907;TRUE;1792.3972;TRUE;;FALSE;1822.235;TRUE;1863.7501;TRUE;1865.9683;TRUE;1846.078;TRUE;;
11/06/2021 3:14;231300;175;Image20210611-021423_175_65.000.bmp;Image20210611-021423_175_80.000.bmp;Image20210611-021423_175_120.000.bmp;;;1834.9015;TRUE;1793.5379;TRUE;1816.2722;TRUE;1790.5219;TRUE;1785.3237;TRUE;1821.6326;TRUE;1862.2169;TRUE;1863.7461;TRUE;1845.6442;TRUE;;
11/06/2021 3:44;233100;176;Image20210611-024423_176_65.000.bmp;Image20210611-024423_176_80.000.bmp;Image20210611-024423_176_120.000.bmp;;;1835.7858;TRUE;1794.1736;TRUE;1816.2101;TRUE;1791.7368;TRUE;1776.0089;TRUE;1822.6321;TRUE;1863.7584;TRUE;1864.5445;TRUE;1845.0525;TRUE;;
11/06/2021 4:14;234900;177;Image20210611-031423_177_65.000.bmp;Image20210611-031423_177_80.000.bmp;Image20210611-031423_177_120.000.bmp;;;1835.7181;TRUE;1793.5897;TRUE;1820.6996;TRUE;1789.4855;TRUE;1781.6692;TRUE;1821.8939;TRUE;1863.6915;TRUE;1865.6053;TRUE;1845.5819;TRUE;;
11/06/2021 4:44;236700;178;Image20210611-034423_178_65.000.bmp;Image20210611-034423_178_80.000.bmp;Image20210611-034423_178_120.000.bmp;;;1835.3937;TRUE;1794.6802;TRUE;1816.8448;TRUE;1791.9781;TRUE;1775.9052;TRUE;1821.8511;TRUE;1864.1091;TRUE;1865.1836;TRUE;1845.9231;TRUE;;
11/06/2021 5:14;238500;179;Image20210611-041423_179_65.000.bmp;Image20210611-041423_179_80.000.bmp;Image20210611-041423_179_120.000.bmp;;;1835.5836;TRUE;1792.1545;TRUE;1816.7229;TRUE;1790.6479;TRUE;1774.5421;TRUE;1820.7822;TRUE;1862.8239;TRUE;1864.6949;TRUE;1844.8969;TRUE;;
11/06/2021 5:44;240300;180;Image20210611-044423_180_65.000.bmp;Image20210611-044423_180_80.000.bmp;Image20210611-044423_180_120.000.bmp;;;1836.1913;TRUE;1793.1575;TRUE;1820.8574;TRUE;1793.3597;TRUE;1775.7744;TRUE;1822.128;TRUE;1865.8245;TRUE;1864.6918;TRUE;1844.9708;TRUE;;
11/06/2021 6:14;242100;181;Image20210611-051423_181_65.000.bmp;Image20210611-051423_181_80.000.bmp;Image20210611-051423_181_120.000.bmp;;;1835.5789;TRUE;1790.9755;TRUE;1816.7954;TRUE;1792.2169;TRUE;1780.3052;TRUE;1819.1414;TRUE;1861.3826;TRUE;1864.4432;TRUE;1845.9572;TRUE;;
11/06/2021 6:44;243900;182;Image20210611-054423_182_65.000.bmp;Image20210611-054423_182_80.000.bmp;Image20210611-054423_182_120.000.bmp;;;1837.8535;TRUE;1793.6721;TRUE;1816.5739;TRUE;1791.8553;TRUE;1774.8881;TRUE;1822.2787;TRUE;1867.2899;TRUE;1866.1931;TRUE;1846.0128;TRUE;;
11/06/2021 7:14;245700;183;Image20210611-061423_183_65.000.bmp;Image20210611-061423_183_80.000.bmp;Image20210611-061423_183_120.000.bmp;;;1835.4575;TRUE;1792.8697;TRUE;1817.5391;TRUE;1792.8807;TRUE;1776.8964;TRUE;1822.0154;TRUE;1864.2545;TRUE;1865.2302;TRUE;1846.0565;TRUE;;
11/06/2021 7:44;247500;184;Image20210611-064423_184_65.000.bmp;Image20210611-064423_184_80.000.bmp;Image20210611-064423_184_120.000.bmp;;;1840.7631;TRUE;1793.2426;TRUE;1814.713;TRUE;1792.3275;TRUE;1776.701;TRUE;1821.6064;TRUE;1865.5683;TRUE;1864.7482;TRUE;1845.6913;TRUE;;
11/06/2021 8:14;249300;185;Image20210611-071423_185_65.000.bmp;Image20210611-071423_185_80.000.bmp;Image20210611-071423_185_120.000.bmp;;;1836.3309;TRUE;1793.8376;TRUE;1816.1705;TRUE;1794.5985;TRUE;1777.212;TRUE;1822.5153;TRUE;1862.272;TRUE;1866.9166;TRUE;1845.0475;TRUE;;
11/06/2021 8:44;251100;186;Image20210611-074423_186_65.000.bmp;Image20210611-074423_186_80.000.bmp;Image20210611-074423_186_120.000.bmp;;;1836.3876;TRUE;1794.7771;TRUE;1815.8883;TRUE;1792.4577;TRUE;1776.8773;TRUE;1822.5771;TRUE;1866.1942;TRUE;1863.5662;TRUE;1845.4196;TRUE;;
11/06/2021 9:14;252900;187;Image20210611-081423_187_65.000.bmp;Image20210611-081423_187_80.000.bmp;Image20210611-081423_187_120.000.bmp;;;1833.2725;TRUE;1794.9019;TRUE;1815.6481;TRUE;1793.8475;TRUE;1773.7084;TRUE;1822.7535;TRUE;1863.2398;TRUE;1865.7893;TRUE;1845.5863;TRUE;;
11/06/2021 9:44;254700;188;Image20210611-084423_188_65.000.bmp;Image20210611-084423_188_80.000.bmp;Image20210611-084423_188_120.000.bmp;;;1835.8791;TRUE;1792.5234;TRUE;1819.7049;TRUE;1793.1233;TRUE;1774.7865;TRUE;1820.2079;TRUE;1867.7687;TRUE;1866.1744;TRUE;1845.6099;TRUE;;
11/06/2021 10:14;256500;189;Image20210611-091423_189_65.000.bmp;Image20210611-091423_189_80.000.bmp;Image20210611-091423_189_120.000.bmp;;;1835.3663;TRUE;1793.1507;TRUE;1822.5189;TRUE;1792.2908;TRUE;1775.4823;TRUE;1821.962;TRUE;1868.0714;TRUE;1864.7677;TRUE;1845.8383;TRUE;;
11/06/2021 10:44;258300;190;Image20210611-094423_190_65.000.bmp;Image20210611-094423_190_80.000.bmp;Image20210611-094423_190_120.000.bmp;;;1835.2141;TRUE;1793.9192;TRUE;1816.9117;TRUE;1792.7822;TRUE;1782.9738;TRUE;1821.4902;TRUE;1862.3629;TRUE;1865.3105;TRUE;1845.0273;TRUE;;
11/06/2021 11:14;260100;191;Image20210611-101423_191_65.000.bmp;Image20210611-101423_191_80.000.bmp;Image20210611-101423_191_120.000.bmp;;;1835.8589;TRUE;1792.9681;TRUE;1815.1172;TRUE;1792.5075;TRUE;1781.8543;TRUE;1821.9648;TRUE;1864.9016;TRUE;1865.61;TRUE;1845.7444;TRUE;;
11/06/2021 11:44;261900;192;Image20210611-104423_192_65.000.bmp;Image20210611-104423_192_80.000.bmp;Image20210611-104423_192_120.000.bmp;;;1835.5588;TRUE;1792.9424;TRUE;1817.6164;TRUE;1793.2885;TRUE;;FALSE;1817.2333;TRUE;1862.9265;TRUE;1864.6678;TRUE;1845.357;TRUE;;
11/06/2021 12:14;263700;193;Image20210611-111423_193_65.000.bmp;Image20210611-111423_193_80.000.bmp;Image20210611-111423_193_120.000.bmp;;;1836.1672;TRUE;1792.2998;TRUE;1818.96;TRUE;1792.9023;TRUE;1775.8087;TRUE;1820.6376;TRUE;1863.7392;TRUE;1864.2257;TRUE;1845.0253;TRUE;;
11/06/2021 12:44;265500;194;Image20210611-114423_194_65.000.bmp;Image20210611-114423_194_80.000.bmp;Image20210611-114423_194_120.000.bmp;;;1835.9392;TRUE;1793.995;TRUE;1816.115;TRUE;1793.001;TRUE;;FALSE;1822.2945;TRUE;1863.2639;TRUE;1863.9359;TRUE;1845.5783;TRUE;;
11/06/2021 13:14;267300;195;Image20210611-121423_195_65.000.bmp;Image20210611-121423_195_80.000.bmp;Image20210611-121423_195_120.000.bmp;;;1836.0114;TRUE;1792.2256;TRUE;1818.3923;TRUE;1792.6453;TRUE;;FALSE;1822.1517;TRUE;1864.1777;TRUE;1864.558;TRUE;1845.5995;TRUE;;
11/06/2021 13:44;269100;196;Image20210611-124423_196_65.000.bmp;Image20210611-124423_196_80.000.bmp;Image20210611-124423_196_120.000.bmp;;;1835.5026;TRUE;1793.4689;TRUE;1817.3074;TRUE;1793.2159;TRUE;1775.9064;TRUE;1823.4163;TRUE;1866.7958;TRUE;1864.5389;TRUE;1847.1243;TRUE;;
11/06/2021 14:14;270900;197;Image20210611-131423_197_65.000.bmp;Image20210611-131423_197_80.000.bmp;Image20210611-131423_197_120.000.bmp;;;1835.5259;TRUE;1793.3184;TRUE;1816.485;TRUE;1792.7239;TRUE;1784.1441;TRUE;1821.7776;TRUE;1863.3516;TRUE;1865.9025;TRUE;1846.483;TRUE;;
11/06/2021 14:44;272700;198;Image20210611-134423_198_65.000.bmp;Image20210611-134423_198_80.000.bmp;Image20210611-134423_198_120.000.bmp;;;1836.2076;TRUE;1792.825;TRUE;1817.8914;TRUE;1792.4631;TRUE;1776.5773;TRUE;1822.2399;TRUE;1862.9528;TRUE;1865.5522;TRUE;1846.1584;TRUE;;
11/06/2021 15:14;274500;199;Image20210611-141423_199_65.000.bmp;Image20210611-141423_199_80.000.bmp;Image20210611-141423_199_120.000.bmp;;;1837.4479;TRUE;1793.4382;TRUE;1819.7044;TRUE;1792.828;TRUE;1774.4637;TRUE;1825.5951;TRUE;1864.0374;TRUE;1865.0495;TRUE;1846.2267;TRUE;;
11/06/2021 15:44;276300;200;Image20210611-144423_200_65.000.bmp;Image20210611-144423_200_80.000.bmp;Image20210611-144423_200_120.000.bmp;;;1835.4544;TRUE;1793.1901;TRUE;1816.0499;TRUE;1792.4037;TRUE;1774.9368;TRUE;1821.647;TRUE;1864.9458;TRUE;1865.4808;TRUE;1845.0618;TRUE;;
11/06/2021 16:14;278100;201;Image20210611-151423_201_65.000.bmp;Image20210611-151423_201_80.000.bmp;Image20210611-151423_201_120.000.bmp;;;1835.7169;TRUE;1792.8838;TRUE;1816.6876;TRUE;1792.3491;TRUE;;FALSE;1822.92;TRUE;1863.596;TRUE;1866.26;TRUE;1846.0588;TRUE;;
11/06/2021 16:44;279900;202;Image20210611-154423_202_65.000.bmp;Image20210611-154423_202_80.000.bmp;Image20210611-154423_202_120.000.bmp;;;1837.0109;TRUE;1792.9509;TRUE;1817.6617;TRUE;1792.2069;TRUE;1775.986;TRUE;1822.6206;TRUE;1864.3278;TRUE;1863.9807;TRUE;1845.0247;TRUE;;
11/06/2021 17:14;281700;203;Image20210611-161423_203_65.000.bmp;Image20210611-161423_203_80.000.bmp;Image20210611-161423_203_120.000.bmp;;;1834.8962;TRUE;1793.2813;TRUE;1817.0923;TRUE;1791.4871;TRUE;1775.9688;TRUE;1822.6524;TRUE;1865.4368;TRUE;1865.0377;TRUE;;FALSE;;
11/06/2021 17:44;283500;204;Image20210611-164423_204_65.000.bmp;Image20210611-164423_204_80.000.bmp;Image20210611-164423_204_120.000.bmp;;;1836.0053;TRUE;1792.8412;TRUE;1816.6046;TRUE;1792.5474;TRUE;;FALSE;1818.7794;TRUE;1862.851;TRUE;;FALSE;1844.7782;TRUE;;
11/06/2021 18:14;285300;205;Image20210611-171423_205_65.000.bmp;Image20210611-171423_205_80.000.bmp;Image20210611-171423_205_120.000.bmp;;;1833.9321;TRUE;1792.1707;TRUE;1816.5988;TRUE;1792.4375;TRUE;1776.428;TRUE;1822.9316;TRUE;1864.6788;TRUE;1865.2759;TRUE;1845.1819;TRUE;;
11/06/2021 18:44;287100;206;Image20210611-174423_206_65.000.bmp;Image20210611-174423_206_80.000.bmp;Image20210611-174423_206_120.000.bmp;;;1835.4802;TRUE;1794.2186;TRUE;1817.9441;TRUE;1792.3079;TRUE;1777.5168;TRUE;1820.915;TRUE;1864.3135;TRUE;1866.3107;TRUE;1844.7557;TRUE;;
11/06/2021 19:14;288900;207;Image20210611-181423_207_65.000.bmp;Image20210611-181423_207_80.000.bmp;Image20210611-181423_207_120.000.bmp;;;1834.8185;TRUE;1792.3328;TRUE;1817.52;TRUE;1791.636;TRUE;1776.3634;TRUE;1822.8626;TRUE;1863.7737;TRUE;1865.196;TRUE;1845.7256;TRUE;;
11/06/2021 19:44;290700;208;Image20210611-184423_208_65.000.bmp;Image20210611-184423_208_80.000.bmp;Image20210611-184423_208_120.000.bmp;;;1836.1716;TRUE;1792.8064;TRUE;1819.3895;TRUE;1791.4922;TRUE;1774.9254;TRUE;1820.5507;TRUE;1863.6804;TRUE;1864.8561;TRUE;1845.9896;TRUE;;
11/06/2021 20:14;292500;209;Image20210611-191423_209_65.000.bmp;Image20210611-191423_209_80.000.bmp;Image20210611-191423_209_120.000.bmp;;;1836.0752;TRUE;1792.8641;TRUE;1816.2367;TRUE;1792.3618;TRUE;1776.7712;TRUE;1822.6653;TRUE;1863.4068;TRUE;1864.3079;TRUE;1845.8906;TRUE;;
11/06/2021 20:44;294300;210;Image20210611-194423_210_65.000.bmp;Image20210611-194423_210_80.000.bmp;Image20210611-194423_210_120.000.bmp;;;1839.2374;TRUE;1793.1801;TRUE;1816.7864;TRUE;1793.3536;TRUE;;FALSE;1822.1059;TRUE;1863.6579;TRUE;1864.085;TRUE;1846.3132;TRUE;;
11/06/2021 21:14;296100;211;Image20210611-201423_211_65.000.bmp;Image20210611-201423_211_80.000.bmp;Image20210611-201423_211_120.000.bmp;;;1835.037;TRUE;1794.1689;TRUE;1816.3087;TRUE;1792.2946;TRUE;;FALSE;1821.044;TRUE;1859.5746;TRUE;1862.7147;TRUE;1844.775;TRUE;;
11/06/2021 21:44;297900;212;Image20210611-204423_212_65.000.bmp;Image20210611-204423_212_80.000.bmp;Image20210611-204423_212_120.000.bmp;;;1834.0311;TRUE;1792.022;TRUE;1816.5237;TRUE;1792.408;TRUE;1776.546;TRUE;1822.4415;TRUE;1865.0995;TRUE;1865.397;TRUE;1845.5093;TRUE;;
11/06/2021 22:14;299700;213;Image20210611-211423_213_65.000.bmp;Image20210611-211423_213_80.000.bmp;Image20210611-211423_213_120.000.bmp;;;1835.9369;TRUE;1794.5085;TRUE;1820.3306;TRUE;1793.2544;TRUE;1774.4613;TRUE;1819.7578;TRUE;1863.7672;TRUE;1864.4686;TRUE;1844.4854;TRUE;;
11/06/2021 22:44;301500;214;Image20210611-214423_214_65.000.bmp;Image20210611-214423_214_80.000.bmp;Image20210611-214423_214_120.000.bmp;;;1835.9681;TRUE;1792.0602;TRUE;1818.0612;TRUE;1791.9539;TRUE;1776.1303;TRUE;1821.9573;TRUE;1864.0085;TRUE;1865.6434;TRUE;1845.4264;TRUE;;
11/06/2021 23:14;303300;215;Image20210611-221423_215_65.000.bmp;Image20210611-221423_215_80.000.bmp;Image20210611-221423_215_120.000.bmp;;;1835.6935;TRUE;1792.0801;TRUE;1817.9664;TRUE;1791.2711;TRUE;1774.4424;TRUE;1822.4288;TRUE;1864.2285;TRUE;1863.6548;TRUE;1844.9844;TRUE;;
11/06/2021 23:44;305100;216;Image20210611-224423_216_65.000.bmp;Image20210611-224423_216_80.000.bmp;Image20210611-224423_216_120.000.bmp;;;1835.9716;TRUE;1794.0797;TRUE;1816.3466;TRUE;1788.2563;TRUE;1775.6098;TRUE;1821.6683;TRUE;1862.8283;TRUE;1864.6791;TRUE;1845.4201;TRUE;;
12/06/2021 0:14;306900;217;Image20210611-231423_217_65.000.bmp;Image20210611-231423_217_80.000.bmp;Image20210611-231423_217_120.000.bmp;;;1835.4974;TRUE;1792.8593;TRUE;1816.8917;TRUE;1792.1227;TRUE;1774.8424;TRUE;1821.6958;TRUE;1864.2457;TRUE;1864.2564;TRUE;1845.6465;TRUE;;
12/06/2021 0:44;308700;218;Image20210611-234423_218_65.000.bmp;Image20210611-234423_218_80.000.bmp;Image20210611-234423_218_120.000.bmp;;;1835.4689;TRUE;1789.0835;TRUE;1815.6447;TRUE;1792.0726;TRUE;1774.6333;TRUE;1823.3459;TRUE;1863.1887;TRUE;1865.0596;TRUE;;FALSE;;
12/06/2021 1:14;310500;219;Image20210612-001423_219_65.000.bmp;Image20210612-001423_219_80.000.bmp;Image20210612-001423_219_120.000.bmp;;;1835.3687;TRUE;1792.1237;TRUE;1817.794;TRUE;1791.8214;TRUE;1774.7388;TRUE;1822.4709;TRUE;1863.0399;TRUE;1863.7785;TRUE;1820.0889;TRUE;;
12/06/2021 1:44;312300;220;Image20210612-004423_220_65.000.bmp;Image20210612-004423_220_80.000.bmp;Image20210612-004423_220_120.000.bmp;;;1835.7745;TRUE;1792.6863;TRUE;1817.5209;TRUE;1791.3733;TRUE;1774.7961;TRUE;1822.6807;TRUE;1864.9335;TRUE;1865.5356;TRUE;1845.2869;TRUE;;
12/06/2021 2:14;314100;221;Image20210612-011423_221_65.000.bmp;Image20210612-011423_221_80.000.bmp;Image20210612-011423_221_120.000.bmp;;;1835.8374;TRUE;1794.5488;TRUE;1815.0417;TRUE;1794.455;TRUE;1775.3352;TRUE;1822.4849;TRUE;1862.665;TRUE;1865.2905;TRUE;;FALSE;;
12/06/2021 2:44;315900;222;Image20210612-014423_222_65.000.bmp;Image20210612-014423_222_80.000.bmp;Image20210612-014423_222_120.000.bmp;;;1836.6019;TRUE;1793.7072;TRUE;1816.9774;TRUE;1791.6613;TRUE;1776.951;TRUE;1821.5568;TRUE;1863.7341;TRUE;1864.9476;TRUE;1845.734;TRUE;;
12/06/2021 3:14;317700;223;Image20210612-021423_223_65.000.bmp;Image20210612-021423_223_80.000.bmp;Image20210612-021423_223_120.000.bmp;;;1835.6913;TRUE;1792.485;TRUE;1815.4883;TRUE;1791.7649;TRUE;1776.9582;TRUE;1822.3588;TRUE;1862.4999;TRUE;1864.7811;TRUE;1845.2624;TRUE;;
12/06/2021 3:44;319500;224;Image20210612-024423_224_65.000.bmp;Image20210612-024423_224_80.000.bmp;Image20210612-024423_224_120.000.bmp;;;1836.1921;TRUE;1793.2952;TRUE;1817.568;TRUE;1791.6193;TRUE;1776.5834;TRUE;1822.7427;TRUE;1863.7312;TRUE;1864.6008;TRUE;1846.6736;TRUE;;
12/06/2021 4:14;321300;225;Image20210612-031423_225_65.000.bmp;Image20210612-031423_225_80.000.bmp;Image20210612-031423_225_120.000.bmp;;;1836.2866;TRUE;1792.8447;TRUE;1815.9624;TRUE;1790.4639;TRUE;1775.632;TRUE;1819.9016;TRUE;1867.0536;TRUE;1864.0852;TRUE;1821.3582;TRUE;;
12/06/2021 4:44;323100;226;Image20210612-034423_226_65.000.bmp;Image20210612-034423_226_80.000.bmp;Image20210612-034423_226_120.000.bmp;;;1834.9239;TRUE;1794.8588;TRUE;1815.9953;TRUE;1791.8748;TRUE;1774.0647;TRUE;1822.5342;TRUE;1858.3865;TRUE;1864.8435;TRUE;1845.0103;TRUE;;
12/06/2021 5:14;324900;227;Image20210612-041423_227_65.000.bmp;Image20210612-041423_227_80.000.bmp;Image20210612-041423_227_120.000.bmp;;;1835.4875;TRUE;;FALSE;1814.5624;TRUE;1791.6165;TRUE;1778.4802;TRUE;1821.9587;TRUE;1863.2708;TRUE;1865.1472;TRUE;1844.8066;TRUE;;
12/06/2021 5:44;326700;228;Image20210612-044423_228_65.000.bmp;Image20210612-044423_228_80.000.bmp;Image20210612-044423_228_120.000.bmp;;;1836.3828;TRUE;1793.2537;TRUE;1818.2838;TRUE;1791.9962;TRUE;1775.0735;TRUE;1822.2318;TRUE;1864.2343;TRUE;1865.6669;TRUE;1845.4597;TRUE;;
12/06/2021 6:14;328500;229;Image20210612-051423_229_65.000.bmp;Image20210612-051423_229_80.000.bmp;Image20210612-051423_229_120.000.bmp;;;1835.2521;TRUE;1794.7516;TRUE;1816.42;TRUE;1791.6093;TRUE;1775.7427;TRUE;1822.8435;TRUE;1864.1578;TRUE;1864.3773;TRUE;1845.0523;TRUE;;
12/06/2021 6:44;330300;230;Image20210612-054423_230_65.000.bmp;Image20210612-054423_230_80.000.bmp;Image20210612-054423_230_120.000.bmp;;;1836.5254;TRUE;1794.1845;TRUE;1816.589;TRUE;1790.5612;TRUE;1776.7307;TRUE;1822.7581;TRUE;1863.9833;TRUE;;FALSE;1844.996;TRUE;;
12/06/2021 7:14;332100;231;Image20210612-061423_231_65.000.bmp;Image20210612-061423_231_80.000.bmp;Image20210612-061423_231_120.000.bmp;;;1836.215;TRUE;1793.0239;TRUE;;FALSE;1790.9498;TRUE;1777.5593;TRUE;1823.0308;TRUE;1864.2113;TRUE;1864.9694;TRUE;1845.8466;TRUE;;
12/06/2021 7:44;333900;232;Image20210612-064423_232_65.000.bmp;Image20210612-064423_232_80.000.bmp;Image20210612-064423_232_120.000.bmp;;;1835.7021;TRUE;1795.3518;TRUE;1817.2334;TRUE;1790.3871;TRUE;1774.8324;TRUE;1822.3741;TRUE;1864.0245;TRUE;1864.104;TRUE;1846.3385;TRUE;;
12/06/2021 8:14;335700;233;Image20210612-071423_233_65.000.bmp;Image20210612-071423_233_80.000.bmp;Image20210612-071423_233_120.000.bmp;;;1836.0061;TRUE;1794.8807;TRUE;1817.0092;TRUE;1789.2735;TRUE;1776.8101;TRUE;1822.6804;TRUE;1863.6597;TRUE;1866.1505;TRUE;1845.1295;TRUE;;
12/06/2021 8:44;337500;234;Image20210612-074423_234_65.000.bmp;Image20210612-074423_234_80.000.bmp;Image20210612-074423_234_120.000.bmp;;;1836.3673;TRUE;1793.9585;TRUE;1815.929;TRUE;1788.4484;TRUE;1775.1824;TRUE;1822.7122;TRUE;1863.7628;TRUE;1864.1635;TRUE;1845.5572;TRUE;;
12/06/2021 9:14;339300;235;Image20210612-081423_235_65.000.bmp;Image20210612-081423_235_80.000.bmp;Image20210612-081423_235_120.000.bmp;;;1835.2777;TRUE;1793.2706;TRUE;1816.6395;TRUE;1788.153;TRUE;1775.6975;TRUE;1822.9988;TRUE;1863.9677;TRUE;1865.2039;TRUE;1845.4832;TRUE;;
12/06/2021 9:44;341100;236;Image20210612-084423_236_65.000.bmp;Image20210612-084423_236_80.000.bmp;Image20210612-084423_236_120.000.bmp;;;1835.7589;TRUE;1794.6885;TRUE;1816.3962;TRUE;1787.6472;TRUE;1774.7565;TRUE;1822.8453;TRUE;1863.1271;TRUE;1865.4882;TRUE;1845.5056;TRUE;;
12/06/2021 10:14;342900;237;Image20210612-091423_237_65.000.bmp;Image20210612-091423_237_80.000.bmp;Image20210612-091423_237_120.000.bmp;;;1835.5377;TRUE;1792.2461;TRUE;;FALSE;1789.7224;TRUE;1776.2131;TRUE;1822.5066;TRUE;1864.5352;TRUE;1865.5546;TRUE;;FALSE;;
12/06/2021 10:44;344700;238;Image20210612-094423_238_65.000.bmp;Image20210612-094423_238_80.000.bmp;Image20210612-094423_238_120.000.bmp;;;1836.7332;TRUE;1792.4541;TRUE;1817.4274;TRUE;1788.5428;TRUE;1777.0609;TRUE;1822.4;TRUE;1862.3313;TRUE;1865.9683;TRUE;1846.4139;TRUE;;
12/06/2021 11:44;348300;239;Image20210612-104423_239_65.000.bmp;Image20210612-104423_239_80.000.bmp;Image20210612-104423_239_120.000.bmp;;;1836.662;TRUE;1794.6363;TRUE;1816.6311;TRUE;1788.3157;TRUE;1774.6358;TRUE;1822.6206;TRUE;1863.4031;TRUE;1865.1138;TRUE;1820.9958;TRUE;;
12/06/2021 12:44;351900;240;Image20210612-114423_240_65.000.bmp;Image20210612-114423_240_80.000.bmp;Image20210612-114423_240_120.000.bmp;;;1836.1378;TRUE;1793.1057;TRUE;1815.7184;TRUE;1787.7483;TRUE;1776.7645;TRUE;1822.7974;TRUE;1863.5446;TRUE;1863.9387;TRUE;1845.0245;TRUE;;
12/06/2021 13:44;355500;241;Image20210612-124423_241_65.000.bmp;Image20210612-124423_241_80.000.bmp;Image20210612-124423_241_120.000.bmp;;;1835.9622;TRUE;1793.0276;TRUE;1818.4559;TRUE;1788.7841;TRUE;1775.0372;TRUE;1820.0503;TRUE;1865.2803;TRUE;834.9979;TRUE;;FALSE;;
12/06/2021 14:44;359100;242;Image20210612-134423_242_65.000.bmp;Image20210612-134423_242_80.000.bmp;Image20210612-134423_242_120.000.bmp;;;1835.3435;TRUE;1792.5945;TRUE;1815.8781;TRUE;1788.0823;TRUE;1776.5402;TRUE;1820.9955;TRUE;1863.3828;TRUE;1865.3571;TRUE;1846.122;TRUE;;
12/06/2021 15:44;362700;243;Image20210612-144423_243_65.000.bmp;Image20210612-144423_243_80.000.bmp;Image20210612-144423_243_120.000.bmp;;;1835.8589;TRUE;1792.146;TRUE;1815.601;TRUE;1788.7145;TRUE;1774.0383;TRUE;1822.5989;TRUE;1863.1911;TRUE;1865.1864;TRUE;1824.5483;TRUE;;
12/06/2021 16:44;366300;244;Image20210612-154423_244_65.000.bmp;Image20210612-154423_244_80.000.bmp;Image20210612-154423_244_120.000.bmp;;;1835.5029;TRUE;1793.0582;TRUE;1821.6;TRUE;1786.0638;TRUE;1774.8129;TRUE;1823.0156;TRUE;1864.388;TRUE;837.3245;TRUE;1846.6058;TRUE;;
12/06/2021 17:44;369900;245;Image20210612-164423_245_65.000.bmp;Image20210612-164423_245_80.000.bmp;Image20210612-164423_245_120.000.bmp;;;1837.0593;TRUE;1792.9178;TRUE;;FALSE;1786.3265;TRUE;1774.6406;TRUE;1822.5034;TRUE;1863.257;TRUE;1865.1044;TRUE;1820.8774;TRUE;;
12/06/2021 18:44;373500;246;Image20210612-174423_246_65.000.bmp;Image20210612-174423_246_80.000.bmp;Image20210612-174423_246_120.000.bmp;;;1835.733;TRUE;1792.2831;TRUE;1814.9503;TRUE;1785.869;TRUE;1774.9051;TRUE;1823.0552;TRUE;1864.2198;TRUE;1866.2102;TRUE;1821.3294;TRUE;;
12/06/2021 19:44;377100;247;Image20210612-184423_247_65.000.bmp;Image20210612-184423_247_80.000.bmp;Image20210612-184423_247_120.000.bmp;;;1836.3619;TRUE;1794.6266;TRUE;1818.1801;TRUE;1784.8934;TRUE;1775.1194;TRUE;1822.9745;TRUE;1861.9525;TRUE;1866.3195;TRUE;1821.3057;TRUE;;
12/06/2021 20:44;380700;248;Image20210612-194423_248_65.000.bmp;Image20210612-194423_248_80.000.bmp;Image20210612-194423_248_120.000.bmp;;;1836.3995;TRUE;1792.3636;TRUE;1817.2162;TRUE;1783.249;TRUE;1772.2213;TRUE;1821.8253;TRUE;1863.4036;TRUE;1865.5522;TRUE;;FALSE;;
12/06/2021 21:44;384300;249;Image20210612-204423_249_65.000.bmp;Image20210612-204423_249_80.000.bmp;Image20210612-204423_249_120.000.bmp;;;1835.5729;TRUE;1788.8334;TRUE;;FALSE;1783.5555;TRUE;1774.7197;TRUE;1823.5596;TRUE;1864.1147;TRUE;;FALSE;1821.3513;TRUE;;
12/06/2021 22:44;387900;250;Image20210612-214423_250_65.000.bmp;Image20210612-214423_250_80.000.bmp;Image20210612-214423_250_120.000.bmp;;;;FALSE;;FALSE;1814.7908;TRUE;1778.3793;TRUE;1774.6104;TRUE;1822.3379;TRUE;1864.3193;TRUE;;FALSE;1847.1207;TRUE;;
12/06/2021 23:44;391500;251;Image20210612-224423_251_65.000.bmp;Image20210612-224423_251_80.000.bmp;Image20210612-224423_251_120.000.bmp;;;1835.588;TRUE;1790.5977;TRUE;;FALSE;1782.8978;TRUE;1773.8177;TRUE;1822.9586;TRUE;1862.6023;TRUE;1865.4412;TRUE;;FALSE;;
13/06/2021 0:44;395100;252;Image20210612-234423_252_65.000.bmp;Image20210612-234423_252_80.000.bmp;Image20210612-234423_252_120.000.bmp;;;1835.5888;TRUE;;FALSE;1815.8642;TRUE;1782.4489;TRUE;1774.06;TRUE;1822.8079;TRUE;1862.2413;TRUE;1863.4104;TRUE;1819.9439;TRUE;;
13/06/2021 1:44;398700;253;Image20210613-004423_253_65.000.bmp;Image20210613-004423_253_80.000.bmp;Image20210613-004423_253_120.000.bmp;;;1835.3547;TRUE;1789.5889;TRUE;1814.4173;TRUE;1782.1826;TRUE;1775.0898;TRUE;1822.9771;TRUE;1863.8032;TRUE;1866.21;TRUE;1820.7265;TRUE;;
13/06/2021 2:44;402300;254;Image20210613-014423_254_65.000.bmp;Image20210613-014423_254_80.000.bmp;Image20210613-014423_254_120.000.bmp;;;1835.5302;TRUE;;FALSE;;FALSE;1783.5342;TRUE;1773.887;TRUE;1822.1973;TRUE;1861.8947;TRUE;1864.7582;TRUE;;FALSE;;
13/06/2021 3:44;405900;255;Image20210613-024423_255_65.000.bmp;Image20210613-024423_255_80.000.bmp;Image20210613-024423_255_120.000.bmp;;;1835.9105;TRUE;;FALSE;;FALSE;1726.6083;TRUE;1772.8947;TRUE;1820.9803;TRUE;1863.2758;TRUE;1865.4791;TRUE;;FALSE;;
13/06/2021 4:44;409500;256;Image20210613-034423_256_65.000.bmp;Image20210613-034423_256_80.000.bmp;Image20210613-034423_256_120.000.bmp;;;1834.4141;TRUE;;FALSE;;FALSE;1780.5775;TRUE;1774.5024;TRUE;;FALSE;1864.015;TRUE;837.8363;TRUE;2037.1083;TRUE;;
13/06/2021 5:44;413100;257;Image20210613-044423_257_65.000.bmp;Image20210613-044423_257_80.000.bmp;Image20210613-044423_257_120.000.bmp;;;1835.7393;TRUE;;FALSE;;FALSE;1782.4077;TRUE;;FALSE;1822.6459;TRUE;1863.8103;TRUE;1865.0255;TRUE;2040.215;TRUE;;
13/06/2021 6:44;416700;258;Image20210613-054423_258_65.000.bmp;Image20210613-054423_258_80.000.bmp;Image20210613-054423_258_120.000.bmp;;;1835.125;TRUE;1789.8292;TRUE;1813.0743;TRUE;1782.6411;TRUE;1775.6329;TRUE;1821.9716;TRUE;1861.6266;TRUE;1865.5914;TRUE;2037.0328;TRUE;;
13/06/2021 7:44;420300;259;Image20210613-064423_259_65.000.bmp;Image20210613-064423_259_80.000.bmp;Image20210613-064423_259_120.000.bmp;;;1836.778;TRUE;;FALSE;;FALSE;1780.7515;TRUE;;FALSE;1816.5938;TRUE;;FALSE;1865.5578;TRUE;;FALSE;;
13/06/2021 8:44;423900;260;Image20210613-074423_260_65.000.bmp;Image20210613-074423_260_80.000.bmp;Image20210613-074423_260_120.000.bmp;;;1836.8354;TRUE;;FALSE;;FALSE;1781.4679;TRUE;;FALSE;;FALSE;1862.324;TRUE;1865.0531;TRUE;1820.5241;TRUE;;
13/06/2021 9:44;427500;261;Image20210613-084423_261_65.000.bmp;Image20210613-084423_261_80.000.bmp;Image20210613-084423_261_120.000.bmp;;;1837.7528;TRUE;;FALSE;;FALSE;1775.476;TRUE;;FALSE;;FALSE;1861.635;TRUE;1866.3792;TRUE;2040.1508;TRUE;;
13/06/2021 10:44;431100;262;Image20210613-094423_262_65.000.bmp;Image20210613-094423_262_80.000.bmp;Image20210613-094423_262_120.000.bmp;;;1835.3156;TRUE;;FALSE;1811.3991;TRUE;1781.0612;TRUE;1774.9951;TRUE;1822.3917;TRUE;1863.835;TRUE;1864.7405;TRUE;1817.2014;TRUE;;
13/06/2021 11:44;434700;263;Image20210613-104423_263_65.000.bmp;Image20210613-104423_263_80.000.bmp;Image20210613-104423_263_120.000.bmp;;;1835.3282;TRUE;;FALSE;;FALSE;;FALSE;;FALSE;1822.184;TRUE;1861.7794;TRUE;;FALSE;;FALSE;;
13/06/2021 12:44;438300;264;Image20210613-114423_264_65.000.bmp;Image20210613-114423_264_80.000.bmp;Image20210613-114423_264_120.000.bmp;;;1836.3037;TRUE;;FALSE;1811.2206;TRUE;;FALSE;;FALSE;1822.1217;TRUE;1864.2469;TRUE;;FALSE;1820.5325;TRUE;;
13/06/2021 13:44;441900;265;Image20210613-124423_265_65.000.bmp;Image20210613-124423_265_80.000.bmp;Image20210613-124423_265_120.000.bmp;;;1835.9624;TRUE;;FALSE;1811.9487;TRUE;1780.4645;TRUE;1774.9125;TRUE;1822.7503;TRUE;1862.9744;TRUE;;FALSE;;FALSE;;
13/06/2021 14:44;445500;266;Image20210613-134423_266_65.000.bmp;Image20210613-134423_266_80.000.bmp;Image20210613-134423_266_120.000.bmp;;;1836.788;TRUE;;FALSE;1812.157;TRUE;1781.7861;TRUE;1773.7684;TRUE;1822.6461;TRUE;1861.9937;TRUE;1865.3342;TRUE;1819.9783;TRUE;;
13/06/2021 15:44;449100;267;Image20210613-144423_267_65.000.bmp;Image20210613-144423_267_80.000.bmp;Image20210613-144423_267_120.000.bmp;;;1836.1991;TRUE;;FALSE;1811.6843;TRUE;1779.0908;TRUE;;FALSE;;FALSE;1863.3122;TRUE;1863.4551;TRUE;1820.7492;TRUE;;
13/06/2021 16:44;452700;268;Image20210613-154423_268_65.000.bmp;Image20210613-154423_268_80.000.bmp;Image20210613-154423_268_120.000.bmp;;;;FALSE;;FALSE;;FALSE;1779.1744;TRUE;;FALSE;1819.2457;TRUE;1862.5999;TRUE;1864.4829;TRUE;;FALSE;;
13/06/2021 17:44;456300;269;Image20210613-164423_269_65.000.bmp;Image20210613-164423_269_80.000.bmp;Image20210613-164423_269_120.000.bmp;;;1836.1721;TRUE;;FALSE;;FALSE;1782.9259;TRUE;;FALSE;1822.106;TRUE;1860.4843;TRUE;;FALSE;;FALSE;;
13/06/2021 18:44;459900;270;Image20210613-174423_270_65.000.bmp;Image20210613-174423_270_80.000.bmp;Image20210613-174423_270_120.000.bmp;;;1835.342;TRUE;;FALSE;;FALSE;1779.1404;TRUE;1773.5728;TRUE;;FALSE;1856.6656;TRUE;;FALSE;1816.7333;TRUE;;
13/06/2021 19:44;463500;271;Image20210613-184423_271_65.000.bmp;Image20210613-184423_271_80.000.bmp;Image20210613-184423_271_120.000.bmp;;;1836.4826;TRUE;;FALSE;1814.5283;TRUE;1778.6344;TRUE;1774.917;TRUE;1822.858;TRUE;;FALSE;;FALSE;;FALSE;;
13/06/2021 20:44;467100;272;Image20210613-194423_272_65.000.bmp;Image20210613-194423_272_80.000.bmp;Image20210613-194423_272_120.000.bmp;;;;FALSE;;FALSE;;FALSE;1780.2203;TRUE;;FALSE;1820.629;TRUE;;FALSE;;FALSE;;FALSE;;
13/06/2021 21:44;470700;273;Image20210613-204423_273_65.000.bmp;Image20210613-204423_273_80.000.bmp;Image20210613-204423_273_120.000.bmp;;;1836.2046;TRUE;;FALSE;;FALSE;1784.1084;TRUE;;FALSE;1819.7434;TRUE;;FALSE;1865.5654;TRUE;1817.6507;TRUE;;
13/06/2021 22:44;474300;274;Image20210613-214423_274_65.000.bmp;Image20210613-214423_274_80.000.bmp;Image20210613-214423_274_120.000.bmp;;;;FALSE;;FALSE;1809.2049;TRUE;;FALSE;;FALSE;;FALSE;1861.9751;TRUE;837.606;TRUE;1818.8352;TRUE;;
13/06/2021 23:44;477900;275;Image20210613-224423_275_65.000.bmp;Image20210613-224423_275_80.000.bmp;Image20210613-224423_275_120.000.bmp;;;;FALSE;;FALSE;;FALSE;;FALSE;;FALSE;;FALSE;1862.1974;TRUE;1865.3743;TRUE;;FALSE;;
14/06/2021 0:44;481500;276;Image20210613-234423_276_65.000.bmp;Image20210613-234423_276_80.000.bmp;Image20210613-234423_276_120.000.bmp;;;1836.124;TRUE;;FALSE;1812.9257;TRUE;1780.5201;TRUE;;FALSE;;FALSE;1862.027;TRUE;;FALSE;1819.9056;TRUE;;
14/06/2021 1:44;485100;277;Image20210614-004423_277_65.000.bmp;Image20210614-004423_277_80.000.bmp;Image20210614-004423_277_120.000.bmp;;;1837.0546;TRUE;;FALSE;;FALSE;1777.9537;TRUE;;FALSE;;FALSE;1861.2211;TRUE;1860.186;TRUE;;FALSE;;
14/06/2021 2:44;488700;278;Image20210614-014423_278_65.000.bmp;Image20210614-014423_278_80.000.bmp;Image20210614-014423_278_120.000.bmp;;;1834.4174;TRUE;;FALSE;;FALSE;;FALSE;1773.0055;TRUE;1818.1202;TRUE;;FALSE;;FALSE;1818.2812;TRUE;;
14/06/2021 3:44;492300;279;Image20210614-024423_279_65.000.bmp;Image20210614-024423_279_80.000.bmp;Image20210614-024423_279_120.000.bmp;;;;FALSE;;FALSE;;FALSE;;FALSE;;FALSE;1821.9714;TRUE;1861.9553;TRUE;1863.2944;TRUE;1817.9566;TRUE;;
14/06/2021 4:44;495900;280;Image20210614-034423_280_65.000.bmp;Image20210614-034423_280_80.000.bmp;Image20210614-034423_280_120.000.bmp;;;1834.2808;TRUE;;FALSE;;FALSE;1777.2234;TRUE;;FALSE;1819.087;TRUE;1863.7307;TRUE;;FALSE;1818.3021;TRUE;;
14/06/2021 5:44;499500;281;Image20210614-044423_281_65.000.bmp;Image20210614-044423_281_80.000.bmp;Image20210614-044423_281_120.000.bmp;;;1834.7203;TRUE;;FALSE;;FALSE;;FALSE;;FALSE;;FALSE;;FALSE;;FALSE;;FALSE;;
14/06/2021 6:44;503100;282;Image20210614-054423_282_65.000.bmp;Image20210614-054423_282_80.000.bmp;Image20210614-054423_282_120.000.bmp;;;;FALSE;;FALSE;;FALSE;;FALSE;;FALSE;;FALSE;;FALSE;838.2783;TRUE;1816.5321;TRUE;;
14/06/2021 7:44;506700;283;Image20210614-064423_283_65.000.bmp;Image20210614-064423_283_80.000.bmp;Image20210614-064423_283_120.000.bmp;;;1832.8859;TRUE;;FALSE;;FALSE;1772.7814;TRUE;;FALSE;1819.726;TRUE;;FALSE;838.5147;TRUE;1817.0729;TRUE;;
14/06/2021 8:44;510300;284;Image20210614-074423_284_65.000.bmp;Image20210614-074423_284_80.000.bmp;Image20210614-074423_284_120.000.bmp;;;;FALSE;;FALSE;;FALSE;1775.5673;TRUE;;FALSE;1821.0806;TRUE;;FALSE;;FALSE;1814.5243;TRUE;;
