ID,Well,Cq,Site,Date,Year,Region,Island,Locale,Chondria_cover,Category,Lat,Long,X,Y,Depth_m,Visual_presence,Plate,Threshold,E,SQ.E
CT1168,C7,24.24278279,H04,7/11/2023,2023,PMNM,Hōlanikū,Hōlanikū,0.01,Low,28.45352,-178.32867,-19851456.74,3306273.548,1.5,1,10,2367,2.03,8.31E-05
CT1169,C8,23.63004631,H04,7/11/2023,2023,PMNM,Hōlanikū,Hōlanikū,0.01,Low,28.45352,-178.32867,-19851456.74,3306273.548,1.5,1,10,2367,2.03,0.000128249
CT1170,C9,24.08175845,H04,7/11/2023,2023,PMNM,Hōlanikū,Hōlanikū,0.01,Low,28.45352,-178.32867,-19851456.74,3306273.548,1.5,1,10,2367,2.03,9.31E-05
CT1171,C10,24.44091092,H04,7/11/2023,2023,PMNM,Hōlanikū,Hōlanikū,0.01,Low,28.45352,-178.32867,-19851456.74,3306273.548,1.5,1,10,2367,2.03,7.22E-05
CT1172,C11,0,H04,7/11/2023,2023,PMNM,Hōlanikū,Hōlanikū,0.01,Low,28.45352,-178.32867,-19851456.74,3306273.548,1.5,1,10,2367,2.03,NA
CT1173,C12,0,H04,7/11/2023,2023,PMNM,Hōlanikū,Hōlanikū,0.01,Low,28.45352,-178.32867,-19851456.74,3306273.548,1.5,1,10,2367,2.03,NA
CT1180,D7,22.96794275,H05,7/11/2023,2023,PMNM,Hōlanikū,Hōlanikū,0.01,Low,28.42157,-178.2881,-19846940.51,3302228.843,1.5,1,10,2367,2.03,0.00020495
CT1181,D8,24.51092069,H05,7/11/2023,2023,PMNM,Hōlanikū,Hōlanikū,0.01,Low,28.42157,-178.2881,-19846940.51,3302228.843,1.5,1,10,2367,2.03,6.87E-05
CT1182,D9,23.3874769,H05,7/11/2023,2023,PMNM,Hōlanikū,Hōlanikū,0.01,Low,28.42157,-178.2881,-19846940.51,3302228.843,1.5,1,10,2367,2.03,0.00015228
CT1183,D10,24.11620589,H05,7/11/2023,2023,PMNM,Hōlanikū,Hōlanikū,0.01,Low,28.42157,-178.2881,-19846940.51,3302228.843,1.5,1,10,2367,2.03,9.09E-05
CT1184,D11,25.09746873,H05,7/11/2023,2023,PMNM,Hōlanikū,Hōlanikū,0.01,Low,28.42157,-178.2881,-19846940.51,3302228.843,1.5,1,10,2367,2.03,4.54E-05
CT1185,D12,23.6390727,H05,7/11/2023,2023,PMNM,Hōlanikū,Hōlanikū,0.01,Low,28.42157,-178.2881,-19846940.51,3302228.843,1.5,1,10,2367,2.03,0.000127432
CT1192,E7,0,H06,7/11/2023,2023,PMNM,Hōlanikū,Hōlanikū,0,Absent,28.45377,-178.34331,-19853086.46,3306305.202,16.8,0,10,2367,2.03,NA
CT1193,E8,0,H06,7/11/2023,2023,PMNM,Hōlanikū,Hōlanikū,0,Absent,28.45377,-178.34331,-19853086.46,3306305.202,16.8,0,10,2367,2.03,NA
CT1194,E9,0,H06,7/11/2023,2023,PMNM,Hōlanikū,Hōlanikū,0,Absent,28.45377,-178.34331,-19853086.46,3306305.202,16.8,0,10,2367,2.03,NA
CT1195,E10,0,H06,7/11/2023,2023,PMNM,Hōlanikū,Hōlanikū,0,Absent,28.45377,-178.34331,-19853086.46,3306305.202,16.8,0,10,2367,2.03,NA
CT1196,E11,0,H06,7/11/2023,2023,PMNM,Hōlanikū,Hōlanikū,0,Absent,28.45377,-178.34331,-19853086.46,3306305.202,16.8,0,10,2367,2.03,NA
CT1197,E12,0,H06,7/11/2023,2023,PMNM,Hōlanikū,Hōlanikū,0,Absent,28.45377,-178.34331,-19853086.46,3306305.202,16.8,0,10,2367,2.03,NA
CT1204,F7,0,H07,7/11/2023,2023,PMNM,Hōlanikū,Hōlanikū,0,Absent,28.38196,-178.32465,-19851009.23,3297216.116,13.7,0,10,2367,2.03,NA
CT1205,F8,0,H07,7/11/2023,2023,PMNM,Hōlanikū,Hōlanikū,0,Absent,28.38196,-178.32465,-19851009.23,3297216.116,13.7,0,10,2367,2.03,NA
CT1206,F9,0,H07,7/11/2023,2023,PMNM,Hōlanikū,Hōlanikū,0,Absent,28.38196,-178.32465,-19851009.23,3297216.116,13.7,0,10,2367,2.03,NA
CT1207,F10,0,H07,7/11/2023,2023,PMNM,Hōlanikū,Hōlanikū,0,Absent,28.38196,-178.32465,-19851009.23,3297216.116,13.7,0,10,2367,2.03,NA
CT1208,F11,0,H07,7/11/2023,2023,PMNM,Hōlanikū,Hōlanikū,0,Absent,28.38196,-178.32465,-19851009.23,3297216.116,13.7,0,10,2367,2.03,NA
CT1209,F12,0,H07,7/11/2023,2023,PMNM,Hōlanikū,Hōlanikū,0,Absent,28.38196,-178.32465,-19851009.23,3297216.116,13.7,0,10,2367,2.03,NA
CT1252,B7,29.93042383,H09,7/12/2023,2023,PMNM,Hōlanikū,Hōlanikū,0,Absent,28.38854,-178.3165,-19850101.98,3298048.698,1.8,0,11,1944,2.137,2.62E-07
CT1253,B8,0,H09,7/12/2023,2023,PMNM,Hōlanikū,Hōlanikū,0,Absent,28.38854,-178.3165,-19850101.98,3298048.698,1.8,0,11,1944,2.137,NA
CT1254,B9,0,H09,7/12/2023,2023,PMNM,Hōlanikū,Hōlanikū,0,Absent,28.38854,-178.3165,-19850101.98,3298048.698,1.8,0,11,1944,2.137,NA
CT1255,B10,0,H09,7/12/2023,2023,PMNM,Hōlanikū,Hōlanikū,0,Absent,28.38854,-178.3165,-19850101.98,3298048.698,1.8,0,11,1944,2.137,NA
CT1256,B11,0,H09,7/12/2023,2023,PMNM,Hōlanikū,Hōlanikū,0,Absent,28.38854,-178.3165,-19850101.98,3298048.698,1.8,0,11,1944,2.137,NA
CT1257,B12,0,H09,7/12/2023,2023,PMNM,Hōlanikū,Hōlanikū,0,Absent,28.38854,-178.3165,-19850101.98,3298048.698,1.8,0,11,1944,2.137,NA
CT1264,C7,0,H10,7/12/2023,2023,PMNM,Hōlanikū,Hōlanikū,0,Absent,28.39353,-178.29643,-19847867.8,3298680.129,0.9,0,11,1944,2.137,NA
CT1265,C8,0,H10,7/12/2023,2023,PMNM,Hōlanikū,Hōlanikū,0,Absent,28.39353,-178.29643,-19847867.8,3298680.129,0.9,0,11,1944,2.137,NA
CT1266,C9,0,H10,7/12/2023,2023,PMNM,Hōlanikū,Hōlanikū,0,Absent,28.39353,-178.29643,-19847867.8,3298680.129,0.9,0,11,1944,2.137,NA
CT1267,C10,0,H10,7/12/2023,2023,PMNM,Hōlanikū,Hōlanikū,0,Absent,28.39353,-178.29643,-19847867.8,3298680.129,0.9,0,11,1944,2.137,NA
CT1268,C11,0,H10,7/12/2023,2023,PMNM,Hōlanikū,Hōlanikū,0,Absent,28.39353,-178.29643,-19847867.8,3298680.129,0.9,0,11,1944,2.137,NA
CT1269,C12,0,H10,7/12/2023,2023,PMNM,Hōlanikū,Hōlanikū,0,Absent,28.39353,-178.29643,-19847867.8,3298680.129,0.9,0,11,1944,2.137,NA
CT1279,D10,29.28124587,H01,7/11/2023,2023,PMNM,Hōlanikū,Hōlanikū,0,Absent,28.40905,-178.378,-19856948.13,3300644.209,14.9,0,11,1944,2.137,4.28E-07
CT1280,D11,0,H01,7/11/2023,2023,PMNM,Hōlanikū,Hōlanikū,0,Absent,28.40905,-178.378,-19856948.13,3300644.209,14.9,0,11,1944,2.137,NA
CT1281,D12,0,H01,7/11/2023,2023,PMNM,Hōlanikū,Hōlanikū,0,Absent,28.40905,-178.378,-19856948.13,3300644.209,14.9,0,11,1944,2.137,NA
CT1282,E1,0,H01,7/11/2023,2023,PMNM,Hōlanikū,Hōlanikū,0,Absent,28.40905,-178.378,-19856948.13,3300644.209,14.9,0,11,1944,2.137,NA
CT1283,E2,29.50548027,H01,7/11/2023,2023,PMNM,Hōlanikū,Hōlanikū,0,Absent,28.40905,-178.378,-19856948.13,3300644.209,14.9,0,11,1944,2.137,3.61E-07
CT1284,E3,0,H01,7/11/2023,2023,PMNM,Hōlanikū,Hōlanikū,0,Absent,28.40905,-178.378,-19856948.13,3300644.209,14.9,0,11,1944,2.137,NA
CT1420,A1,0,H08,7/12/2023,2023,PMNM,Hōlanikū,Hōlanikū,0.1,Low,28.44074,-178.36086,-19855040.11,3304655.52,4.6,1,13,1117,2.153,NA
CT1421,A2,0,H08,7/12/2023,2023,PMNM,Hōlanikū,Hōlanikū,0.1,Low,28.44074,-178.36086,-19855040.11,3304655.52,4.6,1,13,1117,2.153,NA
CT1422,A3,0,H08,7/12/2023,2023,PMNM,Hōlanikū,Hōlanikū,0.1,Low,28.44074,-178.36086,-19855040.11,3304655.52,4.6,1,13,1117,2.153,NA
CT1423,A4,0,H08,7/12/2023,2023,PMNM,Hōlanikū,Hōlanikū,0.1,Low,28.44074,-178.36086,-19855040.11,3304655.52,4.6,1,13,1117,2.153,NA
CT1424,A5,27.64046656,H08,7/12/2023,2023,PMNM,Hōlanikū,Hōlanikū,0.1,Low,28.44074,-178.36086,-19855040.11,3304655.52,4.6,1,13,1117,2.153,6.96E-07
CT1425,A6,25.72663744,H08,7/12/2023,2023,PMNM,Hōlanikū,Hōlanikū,0.1,Low,28.44074,-178.36086,-19855040.11,3304655.52,4.6,1,13,1117,2.153,3.02E-06
CT1426,A7,19.31560693,H03,7/11/2023,2023,PMNM,Hōlanikū,Hōlanikū,0.01,Low,28.42866,-178.36946,-19855997.46,3303126.295,2.9,1,13,1117,2.153,0.000412198
CT1427,A8,18.7992324,H03,7/11/2023,2023,PMNM,Hōlanikū,Hōlanikū,0.01,Low,28.42866,-178.36946,-19855997.46,3303126.295,2.9,1,13,1117,2.153,0.000612465
CT1428,A9,18.20258245,H03,7/11/2023,2023,PMNM,Hōlanikū,Hōlanikū,0.01,Low,28.42866,-178.36946,-19855997.46,3303126.295,2.9,1,13,1117,2.153,0.000967814
CT1429,A10,29.22466149,H03,7/11/2023,2023,PMNM,Hōlanikū,Hōlanikū,0.01,Low,28.42866,-178.36946,-19855997.46,3303126.295,2.9,1,13,1117,2.153,2.07E-07
CT1430,A11,0,H03,7/11/2023,2023,PMNM,Hōlanikū,Hōlanikū,0.01,Low,28.42866,-178.36946,-19855997.46,3303126.295,2.9,1,13,1117,2.153,NA
CT1431,A12,0,H03,7/11/2023,2023,PMNM,Hōlanikū,Hōlanikū,0.01,Low,28.42866,-178.36946,-19855997.46,3303126.295,2.9,1,13,1117,2.153,NA
CT1144,A7,24.76559251,H02,7/11/2023,2023,PMNM,Hōlanikū,Hōlanikū,0.01,Low,28.41977,-178.3719,-19856269.08,3302001.009,1.8,1,10,2367,2.03,5.74E-05
CT1145,A8,24.94819488,H02,7/11/2023,2023,PMNM,Hōlanikū,Hōlanikū,0.01,Low,28.41977,-178.3719,-19856269.08,3302001.009,1.8,1,10,2367,2.03,5.04E-05
CT1146,A9,24.8044884,H02,7/11/2023,2023,PMNM,Hōlanikū,Hōlanikū,0.01,Low,28.41977,-178.3719,-19856269.08,3302001.009,1.8,1,10,2367,2.03,5.58E-05
CT1147,A10,23.71795304,H02,7/11/2023,2023,PMNM,Hōlanikū,Hōlanikū,0.01,Low,28.41977,-178.3719,-19856269.08,3302001.009,1.8,1,10,2367,2.03,0.00012051
CT1148,A11,24.36384773,H02,7/11/2023,2023,PMNM,Hōlanikū,Hōlanikū,0.01,Low,28.41977,-178.3719,-19856269.08,3302001.009,1.8,1,10,2367,2.03,7.63E-05
CT1149,A12,23.54412205,H02,7/11/2023,2023,PMNM,Hōlanikū,Hōlanikū,0.01,Low,28.41977,-178.3719,-19856269.08,3302001.009,1.8,1,10,2367,2.03,0.000136293
CT1351,B10,0,KAP01,7/9/2023,2023,PMNM,Kapou,Kapou,0,Absent,26.00257,-173.9646,-19365650.69,2999399.252,10.1,0,12,1765,1.973,NA
CT1352,B11,0,KAP01,7/9/2023,2023,PMNM,Kapou,Kapou,0,Absent,26.00257,-173.9646,-19365650.69,2999399.252,10.1,0,12,1765,1.973,NA
CT1353,B12,0,KAP01,7/9/2023,2023,PMNM,Kapou,Kapou,0,Absent,26.00257,-173.9646,-19365650.69,2999399.252,10.1,0,12,1765,1.973,NA
CT1354,C1,0,KAP01,7/9/2023,2023,PMNM,Kapou,Kapou,0,Absent,26.00257,-173.9646,-19365650.69,2999399.252,10.1,0,12,1765,1.973,NA
CT1355,C2,0,KAP01,7/9/2023,2023,PMNM,Kapou,Kapou,0,Absent,26.00257,-173.9646,-19365650.69,2999399.252,10.1,0,12,1765,1.973,NA
CT1356,C3,0,KAP01,7/9/2023,2023,PMNM,Kapou,Kapou,0,Absent,26.00257,-173.9646,-19365650.69,2999399.252,10.1,0,12,1765,1.973,NA
CT1360,C7,0,KAP02,7/9/2023,2023,PMNM,Kapou,Kapou,0,Absent,26.03954,-174.00101,-19369703.83,3003978.966,7.3,0,12,1765,1.973,NA
CT1361,C8,0,KAP02,7/9/2023,2023,PMNM,Kapou,Kapou,0,Absent,26.03954,-174.00101,-19369703.83,3003978.966,7.3,0,12,1765,1.973,NA
CT1362,C9,0,KAP02,7/9/2023,2023,PMNM,Kapou,Kapou,0,Absent,26.03954,-174.00101,-19369703.83,3003978.966,7.3,0,12,1765,1.973,NA
CT1363,C10,0,KAP02,7/9/2023,2023,PMNM,Kapou,Kapou,0,Absent,26.03954,-174.00101,-19369703.83,3003978.966,7.3,0,12,1765,1.973,NA
CT1364,C11,0,KAP02,7/9/2023,2023,PMNM,Kapou,Kapou,0,Absent,26.03954,-174.00101,-19369703.83,3003978.966,7.3,0,12,1765,1.973,NA
CT1365,C12,0,KAP02,7/9/2023,2023,PMNM,Kapou,Kapou,0,Absent,26.03954,-174.00101,-19369703.83,3003978.966,7.3,0,12,1765,1.973,NA
CT1369,D4,0,KAP03,7/9/2023,2023,PMNM,Kapou,Kapou,0,Absent,26.07841,-173.997,-19369257.44,3008795.603,19.2,0,12,1765,1.973,NA
CT1370,D5,0,KAP03,7/9/2023,2023,PMNM,Kapou,Kapou,0,Absent,26.07841,-173.997,-19369257.44,3008795.603,19.2,0,12,1765,1.973,NA
CT1371,D6,0,KAP03,7/9/2023,2023,PMNM,Kapou,Kapou,0,Absent,26.07841,-173.997,-19369257.44,3008795.603,19.2,0,12,1765,1.973,NA
CT1372,D7,0,KAP03,7/9/2023,2023,PMNM,Kapou,Kapou,0,Absent,26.07841,-173.997,-19369257.44,3008795.603,19.2,0,12,1765,1.973,NA
CT1373,D8,0,KAP03,7/9/2023,2023,PMNM,Kapou,Kapou,0,Absent,26.07841,-173.997,-19369257.44,3008795.603,19.2,0,12,1765,1.973,NA
CT1374,D9,0,KAP03,7/9/2023,2023,PMNM,Kapou,Kapou,0,Absent,26.07841,-173.997,-19369257.44,3008795.603,19.2,0,12,1765,1.973,NA
CT1378,E1,0,KAP04,7/9/2023,2023,PMNM,Kapou,Kapou,0,Absent,25.96734,-173.91605,-19360246.13,2995036.425,3.1,0,12,1765,1.973,NA
CT1379,E2,0,KAP04,7/9/2023,2023,PMNM,Kapou,Kapou,0,Absent,25.96734,-173.91605,-19360246.13,2995036.425,3.1,0,12,1765,1.973,NA
CT1380,E3,0,KAP04,7/9/2023,2023,PMNM,Kapou,Kapou,0,Absent,25.96734,-173.91605,-19360246.13,2995036.425,3.1,0,12,1765,1.973,NA
CT1381,E4,0,KAP04,7/9/2023,2023,PMNM,Kapou,Kapou,0,Absent,25.96734,-173.91605,-19360246.13,2995036.425,3.1,0,12,1765,1.973,NA
CT1382,E5,0,KAP04,7/9/2023,2023,PMNM,Kapou,Kapou,0,Absent,25.96734,-173.91605,-19360246.13,2995036.425,3.1,0,12,1765,1.973,NA
CT1383,E6,0,KAP04,7/9/2023,2023,PMNM,Kapou,Kapou,0,Absent,25.96734,-173.91605,-19360246.13,2995036.425,3.1,0,12,1765,1.973,NA
CT1387,E10,0,KAP05,7/9/2023,2023,PMNM,Kapou,Kapou,0,Absent,26.06117,-173.95456,-19364533.04,3006659.084,4.9,0,12,1765,1.973,NA
CT1388,E11,0,KAP05,7/9/2023,2023,PMNM,Kapou,Kapou,0,Absent,26.06117,-173.95456,-19364533.04,3006659.084,4.9,0,12,1765,1.973,NA
CT1389,E12,0,KAP05,7/9/2023,2023,PMNM,Kapou,Kapou,0,Absent,26.06117,-173.95456,-19364533.04,3006659.084,4.9,0,12,1765,1.973,NA
CT1390,F1,0,KAP05,7/9/2023,2023,PMNM,Kapou,Kapou,0,Absent,26.06117,-173.95456,-19364533.04,3006659.084,4.9,0,12,1765,1.973,NA
CT1391,F2,0,KAP05,7/9/2023,2023,PMNM,Kapou,Kapou,0,Absent,26.06117,-173.95456,-19364533.04,3006659.084,4.9,0,12,1765,1.973,NA
CT1392,F3,0,KAP05,7/9/2023,2023,PMNM,Kapou,Kapou,0,Absent,26.06117,-173.95456,-19364533.04,3006659.084,4.9,0,12,1765,1.973,NA
CT085,A01,24.33492631,K07,7/16/2022,2022,PMNM,Kuaihelani,Kuaihelani,0,Absent,28.228584,-177.420706,-19750382.65,3277823.689,2.7,0,1,2861,1.85,0.000901392
CT086,A02,25.61323891,K07,7/16/2022,2022,PMNM,Kuaihelani,Kuaihelani,0,Absent,28.228584,-177.420706,-19750382.65,3277823.689,2.7,0,1,2861,1.85,0.000410567
CT087,A03,23.59109756,K07,7/16/2022,2022,PMNM,Kuaihelani,Kuaihelani,0,Absent,28.228584,-177.420706,-19750382.65,3277823.689,2.7,0,1,2861,1.85,0.001424438
CT088,A04,24.07133161,K07,7/16/2022,2022,PMNM,Kuaihelani,Kuaihelani,0,Absent,28.228584,-177.420706,-19750382.65,3277823.689,2.7,0,1,2861,1.85,0.00106008
CT089,A05,26.16711451,K07,7/16/2022,2022,PMNM,Kuaihelani,Kuaihelani,0,Absent,28.228584,-177.420706,-19750382.65,3277823.689,2.7,0,1,2861,1.85,0.000292015
CT090,A06,24.03829112,K07,7/16/2022,2022,PMNM,Kuaihelani,Kuaihelani,0,Absent,28.228584,-177.420706,-19750382.65,3277823.689,2.7,0,1,2861,1.85,0.001081848
CT091,A07,23.49818154,K07,7/16/2022,2022,PMNM,Kuaihelani,Kuaihelani,0,Absent,28.228584,-177.420706,-19750382.65,3277823.689,2.7,0,1,2861,1.85,0.001508232
CT092,A08,23.11696899,K07,7/16/2022,2022,PMNM,Kuaihelani,Kuaihelani,0,Absent,28.228584,-177.420706,-19750382.65,3277823.689,2.7,0,1,2861,1.85,0.001906853
CT093,A09,24.49282335,K07,7/16/2022,2022,PMNM,Kuaihelani,Kuaihelani,0,Absent,28.228584,-177.420706,-19750382.65,3277823.689,2.7,0,1,2861,1.85,0.000817952
CT097,B01,0,K16,7/18/2022,2022,PMNM,Kuaihelani,Kuaihelani,0,Absent,28.211504,-177.368119,-19744528.69,3275665.87,0.9,0,1,2861,1.85,NA
CT098,B02,0,K16,7/18/2022,2022,PMNM,Kuaihelani,Kuaihelani,0,Absent,28.211504,-177.368119,-19744528.69,3275665.87,0.9,0,1,2861,1.85,NA
CT099,B03,0,K16,7/18/2022,2022,PMNM,Kuaihelani,Kuaihelani,0,Absent,28.211504,-177.368119,-19744528.69,3275665.87,0.9,0,1,2861,1.85,NA
CT100,B04,0,K16,7/18/2022,2022,PMNM,Kuaihelani,Kuaihelani,0,Absent,28.211504,-177.368119,-19744528.69,3275665.87,0.9,0,1,2861,1.85,NA
CT101,B05,0,K16,7/18/2022,2022,PMNM,Kuaihelani,Kuaihelani,0,Absent,28.211504,-177.368119,-19744528.69,3275665.87,0.9,0,1,2861,1.85,NA
CT102,B06,0,K16,7/18/2022,2022,PMNM,Kuaihelani,Kuaihelani,0,Absent,28.211504,-177.368119,-19744528.69,3275665.87,0.9,0,1,2861,1.85,NA
CT103,B07,0,K16,7/18/2022,2022,PMNM,Kuaihelani,Kuaihelani,0,Absent,28.211504,-177.368119,-19744528.69,3275665.87,0.9,0,1,2861,1.85,NA
CT104,B08,0,K16,7/18/2022,2022,PMNM,Kuaihelani,Kuaihelani,0,Absent,28.211504,-177.368119,-19744528.69,3275665.87,0.9,0,1,2861,1.85,NA
CT105,B09,0,K16,7/18/2022,2022,PMNM,Kuaihelani,Kuaihelani,0,Absent,28.211504,-177.368119,-19744528.69,3275665.87,0.9,0,1,2861,1.85,NA
CT109,C01,0,K14,7/18/2022,2022,PMNM,Kuaihelani,Kuaihelani,0,Absent,28.218221,-177.368165,-19744533.81,3276514.428,7.6,0,1,2861,1.85,NA
CT110,C02,0,K14,7/18/2022,2022,PMNM,Kuaihelani,Kuaihelani,0,Absent,28.218221,-177.368165,-19744533.81,3276514.428,7.6,0,1,2861,1.85,NA
CT111,C03,0,K14,7/18/2022,2022,PMNM,Kuaihelani,Kuaihelani,0,Absent,28.218221,-177.368165,-19744533.81,3276514.428,7.6,0,1,2861,1.85,NA
CT112,C04,0,K14,7/18/2022,2022,PMNM,Kuaihelani,Kuaihelani,0,Absent,28.218221,-177.368165,-19744533.81,3276514.428,7.6,0,1,2861,1.85,NA
CT113,C05,0,K14,7/18/2022,2022,PMNM,Kuaihelani,Kuaihelani,0,Absent,28.218221,-177.368165,-19744533.81,3276514.428,7.6,0,1,2861,1.85,NA
CT114,C06,0,K14,7/18/2022,2022,PMNM,Kuaihelani,Kuaihelani,0,Absent,28.218221,-177.368165,-19744533.81,3276514.428,7.6,0,1,2861,1.85,NA
CT115,C07,0,K14,7/18/2022,2022,PMNM,Kuaihelani,Kuaihelani,0,Absent,28.218221,-177.368165,-19744533.81,3276514.428,7.6,0,1,2861,1.85,NA
CT116,C08,0,K14,7/18/2022,2022,PMNM,Kuaihelani,Kuaihelani,0,Absent,28.218221,-177.368165,-19744533.81,3276514.428,7.6,0,1,2861,1.85,NA
CT117,C09,0,K14,7/18/2022,2022,PMNM,Kuaihelani,Kuaihelani,0,Absent,28.218221,-177.368165,-19744533.81,3276514.428,7.6,0,1,2861,1.85,NA
CT121,D01,21.58120067,K11,7/16/2022,2022,PMNM,Kuaihelani,Kuaihelani,1,Low,28.2229182,-177.4157677,-19749832.92,3277107.856,2.7,1,1,2861,1.85,0.004904911
CT122,D02,21.69590173,K11,7/16/2022,2022,PMNM,Kuaihelani,Kuaihelani,1,Low,28.2229182,-177.4157677,-19749832.92,3277107.856,2.7,1,1,2861,1.85,0.004570738
CT123,D03,21.70179646,K11,7/16/2022,2022,PMNM,Kuaihelani,Kuaihelani,1,Low,28.2229182,-177.4157677,-19749832.92,3277107.856,2.7,1,1,2861,1.85,0.004554193
CT124,D04,22.22484714,K11,7/16/2022,2022,PMNM,Kuaihelani,Kuaihelani,1,Low,28.2229182,-177.4157677,-19749832.92,3277107.856,2.7,1,1,2861,1.85,0.003301163
CT125,D05,22.08161531,K11,7/16/2022,2022,PMNM,Kuaihelani,Kuaihelani,1,Low,28.2229182,-177.4157677,-19749832.92,3277107.856,2.7,1,1,2861,1.85,0.003605243
CT126,D06,23.28626554,K11,7/16/2022,2022,PMNM,Kuaihelani,Kuaihelani,1,Low,28.2229182,-177.4157677,-19749832.92,3277107.856,2.7,1,1,2861,1.85,0.001718249
CT127,D07,23.61742701,K11,7/16/2022,2022,PMNM,Kuaihelani,Kuaihelani,1,Low,28.2229182,-177.4157677,-19749832.92,3277107.856,2.7,1,1,2861,1.85,0.001401552
CT128,D08,22.23988757,K11,7/16/2022,2022,PMNM,Kuaihelani,Kuaihelani,1,Low,28.2229182,-177.4157677,-19749832.92,3277107.856,2.7,1,1,2861,1.85,0.00327076
CT129,D09,22.56794887,K11,7/16/2022,2022,PMNM,Kuaihelani,Kuaihelani,1,Low,28.2229182,-177.4157677,-19749832.92,3277107.856,2.7,1,1,2861,1.85,0.002673006
CT133,E01,23.00332755,K19,7/19/2022,2022,PMNM,Kuaihelani,Kuaihelani,5,Low,28.26913,-177.38635,-19746558.16,3282947.493,1.8,1,1,2861,1.85,0.002044933
CT134,E02,22.24295141,K19,7/19/2022,2022,PMNM,Kuaihelani,Kuaihelani,5,Low,28.26913,-177.38635,-19746558.16,3282947.493,1.8,1,1,2861,1.85,0.003264601
CT135,E03,22.06551136,K19,7/19/2022,2022,PMNM,Kuaihelani,Kuaihelani,5,Low,28.26913,-177.38635,-19746558.16,3282947.493,1.8,1,1,2861,1.85,0.003641137
CT136,E04,22.66626952,K19,7/19/2022,2022,PMNM,Kuaihelani,Kuaihelani,5,Low,28.26913,-177.38635,-19746558.16,3282947.493,1.8,1,1,2861,1.85,0.002516121
CT137,E05,23.04320639,K19,7/19/2022,2022,PMNM,Kuaihelani,Kuaihelani,5,Low,28.26913,-177.38635,-19746558.16,3282947.493,1.8,1,1,2861,1.85,0.001995375
CT138,E06,22.98815824,K19,7/19/2022,2022,PMNM,Kuaihelani,Kuaihelani,5,Low,28.26913,-177.38635,-19746558.16,3282947.493,1.8,1,1,2861,1.85,0.002064105
CT139,E07,22.40004014,K19,7/19/2022,2022,PMNM,Kuaihelani,Kuaihelani,5,Low,28.26913,-177.38635,-19746558.16,3282947.493,1.8,1,1,2861,1.85,0.002963879
CT140,E08,23.19394603,K19,7/19/2022,2022,PMNM,Kuaihelani,Kuaihelani,5,Low,28.26913,-177.38635,-19746558.16,3282947.493,1.8,1,1,2861,1.85,0.001818659
CT141,E09,22.76695271,K19,7/19/2022,2022,PMNM,Kuaihelani,Kuaihelani,5,Low,28.26913,-177.38635,-19746558.16,3282947.493,1.8,1,1,2861,1.85,0.002365003
CT1432,B1,0,K10,7/16/2022,2022,PMNM,Kuaihelani,Kuaihelani,5,Low,28.22720915,-177.4041984,-19748545.03,3277649.983,4.6,1,13,1117,2.153,NA
CT1433,B2,28.95472706,K10,7/16/2022,2022,PMNM,Kuaihelani,Kuaihelani,5,Low,28.22720915,-177.4041984,-19748545.03,3277649.983,4.6,1,13,1117,2.153,2.54E-07
CT1434,B3,0,K10,7/16/2022,2022,PMNM,Kuaihelani,Kuaihelani,5,Low,28.22720915,-177.4041984,-19748545.03,3277649.983,4.6,1,13,1117,2.153,NA
CT1435,B4,27.58964144,K10,7/16/2022,2022,PMNM,Kuaihelani,Kuaihelani,5,Low,28.22720915,-177.4041984,-19748545.03,3277649.983,4.6,1,13,1117,2.153,7.24E-07
CT1436,B5,0,K10,7/16/2022,2022,PMNM,Kuaihelani,Kuaihelani,5,Low,28.22720915,-177.4041984,-19748545.03,3277649.983,4.6,1,13,1117,2.153,NA
CT1437,B6,0,K10,7/16/2022,2022,PMNM,Kuaihelani,Kuaihelani,5,Low,28.22720915,-177.4041984,-19748545.03,3277649.983,4.6,1,13,1117,2.153,NA
CT1438,B7,28.2415946,K10,7/16/2022,2022,PMNM,Kuaihelani,Kuaihelani,5,Low,28.22720915,-177.4041984,-19748545.03,3277649.983,4.6,1,13,1117,2.153,4.39E-07
CT1439,B8,0,K10,7/16/2022,2022,PMNM,Kuaihelani,Kuaihelani,5,Low,28.22720915,-177.4041984,-19748545.03,3277649.983,4.6,1,13,1117,2.153,NA
CT1440,B9,0,K10,7/16/2022,2022,PMNM,Kuaihelani,Kuaihelani,5,Low,28.22720915,-177.4041984,-19748545.03,3277649.983,4.6,1,13,1117,2.153,NA
CT145,F01,0,K08,7/17/2022,2022,PMNM,Kuaihelani,Kuaihelani,20,Moderate,28.27020892,-177.3411337,-19741524.7,3283083.863,1.1,1,1,2861,1.85,NA
CT146,F02,0,K08,7/17/2022,2022,PMNM,Kuaihelani,Kuaihelani,20,Moderate,28.27020892,-177.3411337,-19741524.7,3283083.863,1.1,1,1,2861,1.85,NA
CT147,F03,27.03704262,K08,7/17/2022,2022,PMNM,Kuaihelani,Kuaihelani,20,Moderate,28.27020892,-177.3411337,-19741524.7,3283083.863,1.1,1,1,2861,1.85,0.000170995
CT148,F04,18.49407979,K08,7/17/2022,2022,PMNM,Kuaihelani,Kuaihelani,20,Moderate,28.27020892,-177.3411337,-19741524.7,3283083.863,1.1,1,1,2861,1.85,0.032765937
CT149,F05,18.39878309,K08,7/17/2022,2022,PMNM,Kuaihelani,Kuaihelani,20,Moderate,28.27020892,-177.3411337,-19741524.7,3283083.863,1.1,1,1,2861,1.85,0.034744269
CT150,F06,18.34411268,K08,7/17/2022,2022,PMNM,Kuaihelani,Kuaihelani,20,Moderate,28.27020892,-177.3411337,-19741524.7,3283083.863,1.1,1,1,2861,1.85,0.035932676
CT151,F07,19.57238744,K08,7/17/2022,2022,PMNM,Kuaihelani,Kuaihelani,20,Moderate,28.27020892,-177.3411337,-19741524.7,3283083.863,1.1,1,1,2861,1.85,0.016878322
CT152,F08,19.10720696,K08,7/17/2022,2022,PMNM,Kuaihelani,Kuaihelani,20,Moderate,28.27020892,-177.3411337,-19741524.7,3283083.863,1.1,1,1,2861,1.85,0.02247048
CT153,F09,19.07398446,K08,7/17/2022,2022,PMNM,Kuaihelani,Kuaihelani,20,Moderate,28.27020892,-177.3411337,-19741524.7,3283083.863,1.1,1,1,2861,1.85,0.022934457
CT157,G01,20.87809105,K09,7/17/2022,2022,PMNM,Kuaihelani,Kuaihelani,75,High,28.25952317,-177.3323717,-19740549.32,3281733.301,1.4,1,1,2861,1.85,0.007559311
CT158,G02,20.72746449,K09,7/17/2022,2022,PMNM,Kuaihelani,Kuaihelani,75,High,28.25952317,-177.3323717,-19740549.32,3281733.301,1.4,1,1,2861,1.85,0.008293261
CT159,G03,20.41198262,K09,7/17/2022,2022,PMNM,Kuaihelani,Kuaihelani,75,High,28.25952317,-177.3323717,-19740549.32,3281733.301,1.4,1,1,2861,1.85,0.010069622
CT160,G04,18.00262697,K09,7/17/2022,2022,PMNM,Kuaihelani,Kuaihelani,75,High,28.25952317,-177.3323717,-19740549.32,3281733.301,1.4,1,1,2861,1.85,0.044332773
CT161,G05,18.02012629,K09,7/17/2022,2022,PMNM,Kuaihelani,Kuaihelani,75,High,28.25952317,-177.3323717,-19740549.32,3281733.301,1.4,1,1,2861,1.85,0.043858076
CT162,G06,18.04226209,K09,7/17/2022,2022,PMNM,Kuaihelani,Kuaihelani,75,High,28.25952317,-177.3323717,-19740549.32,3281733.301,1.4,1,1,2861,1.85,0.043264881
CT163,G07,20.07005554,K09,7/17/2022,2022,PMNM,Kuaihelani,Kuaihelani,75,High,28.25952317,-177.3323717,-19740549.32,3281733.301,1.4,1,1,2861,1.85,0.012427004
CT164,G08,20.50933225,K09,7/17/2022,2022,PMNM,Kuaihelani,Kuaihelani,75,High,28.25952317,-177.3323717,-19740549.32,3281733.301,1.4,1,1,2861,1.85,0.009484274
CT165,G09,20.24397313,K09,7/17/2022,2022,PMNM,Kuaihelani,Kuaihelani,75,High,28.25952317,-177.3323717,-19740549.32,3281733.301,1.4,1,1,2861,1.85,0.011166076
CT181,A01,21.53347213,K13,7/18/2022,2022,PMNM,Kuaihelani,Kuaihelani,80,High,28.24319068,-177.337245,-19741091.81,3279669.313,2.7,1,2,2079,1.85,0.003670452
CT182,A02,21.03792848,K13,7/18/2022,2022,PMNM,Kuaihelani,Kuaihelani,80,High,28.24319068,-177.337245,-19741091.81,3279669.313,2.7,1,2,2079,1.85,0.004978686
CT183,A03,22.00618944,K13,7/18/2022,2022,PMNM,Kuaihelani,Kuaihelani,80,High,28.24319068,-177.337245,-19741091.81,3279669.313,2.7,1,2,2079,1.85,0.002744245
CT184,A04,19.33669211,K13,7/18/2022,2022,PMNM,Kuaihelani,Kuaihelani,80,High,28.24319068,-177.337245,-19741091.81,3279669.313,2.7,1,2,2079,1.85,0.01417872
CT185,A05,19.3906139,K13,7/18/2022,2022,PMNM,Kuaihelani,Kuaihelani,80,High,28.24319068,-177.337245,-19741091.81,3279669.313,2.7,1,2,2079,1.85,0.013716101
CT186,A06,19.44135424,K13,7/18/2022,2022,PMNM,Kuaihelani,Kuaihelani,80,High,28.24319068,-177.337245,-19741091.81,3279669.313,2.7,1,2,2079,1.85,0.013294569
CT187,A07,20.48434244,K13,7/18/2022,2022,PMNM,Kuaihelani,Kuaihelani,80,High,28.24319068,-177.337245,-19741091.81,3279669.313,2.7,1,2,2079,1.85,0.006998699
CT188,A08,19.71404091,K13,7/18/2022,2022,PMNM,Kuaihelani,Kuaihelani,80,High,28.24319068,-177.337245,-19741091.81,3279669.313,2.7,1,2,2079,1.85,0.011241392
CT189,A09,20.03929888,K13,7/18/2022,2022,PMNM,Kuaihelani,Kuaihelani,80,High,28.24319068,-177.337245,-19741091.81,3279669.313,2.7,1,2,2079,1.85,0.009202808
CT193,B01,20.49220495,K06,7/19/2022,2022,PMNM,Kuaihelani,Kuaihelani,30,Moderate,28.264546,-177.390018,-19746966.48,3282368.115,3,1,2,2079,1.85,0.006964929
CT194,B02,21.09572673,K06,7/19/2022,2022,PMNM,Kuaihelani,Kuaihelani,30,Moderate,28.264546,-177.390018,-19746966.48,3282368.115,3,1,2,2079,1.85,0.004804771
CT195,B03,20.60909847,K06,7/19/2022,2022,PMNM,Kuaihelani,Kuaihelani,30,Moderate,28.264546,-177.390018,-19746966.48,3282368.115,3,1,2,2079,1.85,0.006481657
CT196,B04,21.60754439,K06,7/19/2022,2022,PMNM,Kuaihelani,Kuaihelani,30,Moderate,28.264546,-177.390018,-19746966.48,3282368.115,3,1,2,2079,1.85,0.003506949
CT197,B05,21.1420971,K06,7/19/2022,2022,PMNM,Kuaihelani,Kuaihelani,30,Moderate,28.264546,-177.390018,-19746966.48,3282368.115,3,1,2,2079,1.85,0.004669645
CT198,B06,20.95008652,K06,7/19/2022,2022,PMNM,Kuaihelani,Kuaihelani,30,Moderate,28.264546,-177.390018,-19746966.48,3282368.115,3,1,2,2079,1.85,0.005255132
CT199,B07,20.27964999,K06,7/19/2022,2022,PMNM,Kuaihelani,Kuaihelani,30,Moderate,28.264546,-177.390018,-19746966.48,3282368.115,3,1,2,2079,1.85,0.007937895
CT200,B08,20.54637696,K06,7/19/2022,2022,PMNM,Kuaihelani,Kuaihelani,30,Moderate,28.264546,-177.390018,-19746966.48,3282368.115,3,1,2,2079,1.85,0.006736642
CT201,B09,20.80189504,K06,7/19/2022,2022,PMNM,Kuaihelani,Kuaihelani,30,Moderate,28.264546,-177.390018,-19746966.48,3282368.115,3,1,2,2079,1.85,0.005756735
CT205,C01,0,K18,7/20/2022,2022,PMNM,Kuaihelani,Kuaihelani,0,Absent,28.19637,-177.375,-19745294.68,3273754.188,10.7,0,2,2079,1.85,NA
CT206,C02,29.71127983,K18,7/20/2022,2022,PMNM,Kuaihelani,Kuaihelani,0,Absent,28.19637,-177.375,-19745294.68,3273754.188,10.7,0,2,2079,1.85,2.40E-05
CT207,C03,29.19538225,K18,7/20/2022,2022,PMNM,Kuaihelani,Kuaihelani,0,Absent,28.19637,-177.375,-19745294.68,3273754.188,10.7,0,2,2079,1.85,3.29E-05
CT208,C04,0,K18,7/20/2022,2022,PMNM,Kuaihelani,Kuaihelani,0,Absent,28.19637,-177.375,-19745294.68,3273754.188,10.7,0,2,2079,1.85,NA
CT209,C05,28.04001212,K18,7/20/2022,2022,PMNM,Kuaihelani,Kuaihelani,0,Absent,28.19637,-177.375,-19745294.68,3273754.188,10.7,0,2,2079,1.85,6.70E-05
CT210,C06,28.12999308,K18,7/20/2022,2022,PMNM,Kuaihelani,Kuaihelani,0,Absent,28.19637,-177.375,-19745294.68,3273754.188,10.7,0,2,2079,1.85,6.34E-05
CT211,C07,0,K18,7/20/2022,2022,PMNM,Kuaihelani,Kuaihelani,0,Absent,28.19637,-177.375,-19745294.68,3273754.188,10.7,0,2,2079,1.85,NA
CT212,C08,0,K18,7/20/2022,2022,PMNM,Kuaihelani,Kuaihelani,0,Absent,28.19637,-177.375,-19745294.68,3273754.188,10.7,0,2,2079,1.85,NA
CT213,C09,0,K18,7/20/2022,2022,PMNM,Kuaihelani,Kuaihelani,0,Absent,28.19637,-177.375,-19745294.68,3273754.188,10.7,0,2,2079,1.85,NA
CT217,D01,22.00075656,K05,7/23/2022,2022,PMNM,Kuaihelani,Kuaihelani,85,High,28.2495,-177.35526,-19743097.23,3280466.604,1.5,1,2,2079,1.85,0.002753432
CT218,D02,23.22663731,K05,7/23/2022,2022,PMNM,Kuaihelani,Kuaihelani,85,High,28.2495,-177.35526,-19743097.23,3280466.604,1.5,1,2,2079,1.85,0.00129525
CT219,D03,21.9305212,K05,7/23/2022,2022,PMNM,Kuaihelani,Kuaihelani,85,High,28.2495,-177.35526,-19743097.23,3280466.604,1.5,1,2,2079,1.85,0.002875009
CT220,D04,21.00121954,K05,7/23/2022,2022,PMNM,Kuaihelani,Kuaihelani,85,High,28.2495,-177.35526,-19743097.23,3280466.604,1.5,1,2,2079,1.85,0.005092398
CT221,D05,20.85074128,K05,7/23/2022,2022,PMNM,Kuaihelani,Kuaihelani,85,High,28.2495,-177.35526,-19743097.23,3280466.604,1.5,1,2,2079,1.85,0.005586321
CT222,D06,21.29158728,K05,7/23/2022,2022,PMNM,Kuaihelani,Kuaihelani,85,High,28.2495,-177.35526,-19743097.23,3280466.604,1.5,1,2,2079,1.85,0.00425936
CT223,D07,20.92680319,K05,7/23/2022,2022,PMNM,Kuaihelani,Kuaihelani,85,High,28.2495,-177.35526,-19743097.23,3280466.604,1.5,1,2,2079,1.85,0.005330946
CT224,D08,21.25993823,K05,7/23/2022,2022,PMNM,Kuaihelani,Kuaihelani,85,High,28.2495,-177.35526,-19743097.23,3280466.604,1.5,1,2,2079,1.85,0.004343102
CT225,D09,21.4302173,K05,7/23/2022,2022,PMNM,Kuaihelani,Kuaihelani,85,High,28.2495,-177.35526,-19743097.23,3280466.604,1.5,1,2,2079,1.85,0.003911166
CT229,E01,0,K04,7/23/2022,2022,PMNM,Kuaihelani,Kuaihelani,20,Moderate,28.2534,-177.35502,-19743070.52,3280959.46,2.4,1,2,2079,1.85,NA
CT230,E02,0,K04,7/23/2022,2022,PMNM,Kuaihelani,Kuaihelani,20,Moderate,28.2534,-177.35502,-19743070.52,3280959.46,2.4,1,2,2079,1.85,NA
CT231,E03,0,K04,7/23/2022,2022,PMNM,Kuaihelani,Kuaihelani,20,Moderate,28.2534,-177.35502,-19743070.52,3280959.46,2.4,1,2,2079,1.85,NA
CT232,E04,20.62918053,K04,7/23/2022,2022,PMNM,Kuaihelani,Kuaihelani,20,Moderate,28.2534,-177.35502,-19743070.52,3280959.46,2.4,1,2,2079,1.85,0.006402074
CT233,E05,20.86053026,K04,7/23/2022,2022,PMNM,Kuaihelani,Kuaihelani,20,Moderate,28.2534,-177.35502,-19743070.52,3280959.46,2.4,1,2,2079,1.85,0.005552781
CT234,E06,20.85872524,K04,7/23/2022,2022,PMNM,Kuaihelani,Kuaihelani,20,Moderate,28.2534,-177.35502,-19743070.52,3280959.46,2.4,1,2,2079,1.85,0.005558951
CT235,E07,19.88041347,K04,7/23/2022,2022,PMNM,Kuaihelani,Kuaihelani,20,Moderate,28.2534,-177.35502,-19743070.52,3280959.46,2.4,1,2,2079,1.85,0.010147757
CT236,E08,20.28508314,K04,7/23/2022,2022,PMNM,Kuaihelani,Kuaihelani,20,Moderate,28.2534,-177.35502,-19743070.52,3280959.46,2.4,1,2,2079,1.85,0.007911408
CT237,E09,20.26529897,K04,7/23/2022,2022,PMNM,Kuaihelani,Kuaihelani,20,Moderate,28.2534,-177.35502,-19743070.52,3280959.46,2.4,1,2,2079,1.85,0.008008285
CT241,F01,21.05355011,K12,7/15/2022,2022,PMNM,Kuaihelani,Kuaihelani,5,Low,28.27735,-177.36612,-19744306.16,3283986.494,1.5,1,2,2079,1.85,0.004931069
CT242,F02,21.08607916,K12,7/15/2022,2022,PMNM,Kuaihelani,Kuaihelani,5,Low,28.27735,-177.36612,-19744306.16,3283986.494,1.5,1,2,2079,1.85,0.004833373
CT243,F03,20.83403499,K12,7/15/2022,2022,PMNM,Kuaihelani,Kuaihelani,5,Low,28.27735,-177.36612,-19744306.16,3283986.494,1.5,1,2,2079,1.85,0.00564403
CT244,F04,22.6009091,K12,7/15/2022,2022,PMNM,Kuaihelani,Kuaihelani,5,Low,28.27735,-177.36612,-19744306.16,3283986.494,1.5,1,2,2079,1.85,0.001903402
CT245,F05,23.43704111,K12,7/15/2022,2022,PMNM,Kuaihelani,Kuaihelani,5,Low,28.27735,-177.36612,-19744306.16,3283986.494,1.5,1,2,2079,1.85,0.001137993
CT246,F06,22.82394656,K12,7/15/2022,2022,PMNM,Kuaihelani,Kuaihelani,5,Low,28.27735,-177.36612,-19744306.16,3283986.494,1.5,1,2,2079,1.85,0.001659362
CT247,F07,21.22653167,K12,7/15/2022,2022,PMNM,Kuaihelani,Kuaihelani,5,Low,28.27735,-177.36612,-19744306.16,3283986.494,1.5,1,2,2079,1.85,0.004433282
CT248,F08,21.11579988,K12,7/15/2022,2022,PMNM,Kuaihelani,Kuaihelani,5,Low,28.27735,-177.36612,-19744306.16,3283986.494,1.5,1,2,2079,1.85,0.004745803
CT249,F09,20.89899126,K12,7/15/2022,2022,PMNM,Kuaihelani,Kuaihelani,5,Low,28.27735,-177.36612,-19744306.16,3283986.494,1.5,1,2,2079,1.85,0.005422941
CT277,A01,0,K03,7/23/2022,2022,PMNM,Kuaihelani,Kuaihelani,95,High,28.24782,-177.35305,-19742851.22,3280254.303,1.2,1,3,1556,1.84,NA
CT278,A02,0,K03,7/23/2022,2022,PMNM,Kuaihelani,Kuaihelani,95,High,28.24782,-177.35305,-19742851.22,3280254.303,1.2,1,3,1556,1.84,NA
CT279,A03,0,K03,7/23/2022,2022,PMNM,Kuaihelani,Kuaihelani,95,High,28.24782,-177.35305,-19742851.22,3280254.303,1.2,1,3,1556,1.84,NA
CT280,A04,19.52894649,K03,7/23/2022,2022,PMNM,Kuaihelani,Kuaihelani,95,High,28.24782,-177.35305,-19742851.22,3280254.303,1.2,1,3,1556,1.84,0.01048085
CT281,A05,19.24834844,K03,7/23/2022,2022,PMNM,Kuaihelani,Kuaihelani,95,High,28.24782,-177.35305,-19742851.22,3280254.303,1.2,1,3,1556,1.84,0.012436663
CT282,A06,19.00385859,K03,7/23/2022,2022,PMNM,Kuaihelani,Kuaihelani,95,High,28.24782,-177.35305,-19742851.22,3280254.303,1.2,1,3,1556,1.84,0.014436075
CT283,A07,19.79365959,K03,7/23/2022,2022,PMNM,Kuaihelani,Kuaihelani,95,High,28.24782,-177.35305,-19742851.22,3280254.303,1.2,1,3,1556,1.84,0.008918581
CT284,A08,20.01648143,K03,7/23/2022,2022,PMNM,Kuaihelani,Kuaihelani,95,High,28.24782,-177.35305,-19742851.22,3280254.303,1.2,1,3,1556,1.84,0.007785537
CT285,A09,19.95622142,K03,7/23/2022,2022,PMNM,Kuaihelani,Kuaihelani,95,High,28.24782,-177.35305,-19742851.22,3280254.303,1.2,1,3,1556,1.84,0.008076933
CT301,C01,18.48276196,K17,7/17/2022,2022,PMNM,Kuaihelani,Kuaihelani,20,Moderate,28.26599755,-177.3414715,-19741562.3,3282551.576,1.1,1,3,1556,1.84,0.019835576
CT302,C02,18.68766283,K17,7/17/2022,2022,PMNM,Kuaihelani,Kuaihelani,20,Moderate,28.26599755,-177.3414715,-19741562.3,3282551.576,1.1,1,3,1556,1.84,0.017505858
CT303,C03,18.42484361,K17,7/17/2022,2022,PMNM,Kuaihelani,Kuaihelani,20,Moderate,28.26599755,-177.3414715,-19741562.3,3282551.576,1.1,1,3,1556,1.84,0.020548618
CT304,C04,17.65979875,K17,7/17/2022,2022,PMNM,Kuaihelani,Kuaihelani,20,Moderate,28.26599755,-177.3414715,-19741562.3,3282551.576,1.1,1,3,1556,1.84,0.032762734
CT305,C05,17.71987957,K17,7/17/2022,2022,PMNM,Kuaihelani,Kuaihelani,20,Moderate,28.26599755,-177.3414715,-19741562.3,3282551.576,1.1,1,3,1556,1.84,0.031584184
CT306,C06,17.40307453,K17,7/17/2022,2022,PMNM,Kuaihelani,Kuaihelani,20,Moderate,28.26599755,-177.3414715,-19741562.3,3282551.576,1.1,1,3,1556,1.84,0.038314687
CT307,C07,19.09704145,K17,7/17/2022,2022,PMNM,Kuaihelani,Kuaihelani,20,Moderate,28.26599755,-177.3414715,-19741562.3,3282551.576,1.1,1,3,1556,1.84,0.01363869
CT308,C08,18.49808543,K17,7/17/2022,2022,PMNM,Kuaihelani,Kuaihelani,20,Moderate,28.26599755,-177.3414715,-19741562.3,3282551.576,1.1,1,3,1556,1.84,0.019651101
CT309,C09,18.19056981,K17,7/17/2022,2022,PMNM,Kuaihelani,Kuaihelani,20,Moderate,28.26599755,-177.3414715,-19741562.3,3282551.576,1.1,1,3,1556,1.84,0.023704047
CT313,D01,0,K15,7/18/2022,2022,PMNM,Kuaihelani,Kuaihelani,0,Absent,28.214474,-177.363015,-19743960.52,3276041.063,1.8,0,3,1556,1.84,NA
CT314,D02,0,K15,7/18/2022,2022,PMNM,Kuaihelani,Kuaihelani,0,Absent,28.214474,-177.363015,-19743960.52,3276041.063,1.8,0,3,1556,1.84,NA
CT315,D03,0,K15,7/18/2022,2022,PMNM,Kuaihelani,Kuaihelani,0,Absent,28.214474,-177.363015,-19743960.52,3276041.063,1.8,0,3,1556,1.84,NA
CT316,D04,0,K15,7/18/2022,2022,PMNM,Kuaihelani,Kuaihelani,0,Absent,28.214474,-177.363015,-19743960.52,3276041.063,1.8,0,3,1556,1.84,NA
CT317,D05,0,K15,7/18/2022,2022,PMNM,Kuaihelani,Kuaihelani,0,Absent,28.214474,-177.363015,-19743960.52,3276041.063,1.8,0,3,1556,1.84,NA
CT318,D06,0,K15,7/18/2022,2022,PMNM,Kuaihelani,Kuaihelani,0,Absent,28.214474,-177.363015,-19743960.52,3276041.063,1.8,0,3,1556,1.84,NA
CT319,D07,0,K15,7/18/2022,2022,PMNM,Kuaihelani,Kuaihelani,0,Absent,28.214474,-177.363015,-19743960.52,3276041.063,1.8,0,3,1556,1.84,NA
CT320,D08,0,K15,7/18/2022,2022,PMNM,Kuaihelani,Kuaihelani,0,Absent,28.214474,-177.363015,-19743960.52,3276041.063,1.8,0,3,1556,1.84,NA
CT321,D09,0,K15,7/18/2022,2022,PMNM,Kuaihelani,Kuaihelani,0,Absent,28.214474,-177.363015,-19743960.52,3276041.063,1.8,0,3,1556,1.84,NA
CT325,E01,21.15789223,K01,7/19/2022,2022,PMNM,Kuaihelani,Kuaihelani,5,Low,28.25624,-177.37148,-19744902.83,3281318.371,3.7,1,3,1556,1.84,0.003881706
CT326,E02,21.41422981,K01,7/19/2022,2022,PMNM,Kuaihelani,Kuaihelani,5,Low,28.25624,-177.37148,-19744902.83,3281318.371,3.7,1,3,1556,1.84,0.003320014
CT327,E03,21.00055488,K01,7/19/2022,2022,PMNM,Kuaihelani,Kuaihelani,5,Low,28.25624,-177.37148,-19744902.83,3281318.371,3.7,1,3,1556,1.84,0.004272562
CT328,E04,21.25533493,K01,7/19/2022,2022,PMNM,Kuaihelani,Kuaihelani,5,Low,28.25624,-177.37148,-19744902.83,3281318.371,3.7,1,3,1556,1.84,0.003657784
CT329,E05,20.8862697,K01,7/19/2022,2022,PMNM,Kuaihelani,Kuaihelani,5,Low,28.25624,-177.37148,-19744902.83,3281318.371,3.7,1,3,1556,1.84,0.004580924
CT330,E06,21.37242924,K01,7/19/2022,2022,PMNM,Kuaihelani,Kuaihelani,5,Low,28.25624,-177.37148,-19744902.83,3281318.371,3.7,1,3,1556,1.84,0.003405724
CT331,E07,20.98191079,K01,7/19/2022,2022,PMNM,Kuaihelani,Kuaihelani,5,Low,28.25624,-177.37148,-19744902.83,3281318.371,3.7,1,3,1556,1.84,0.004321412
CT332,E08,21.03963021,K01,7/19/2022,2022,PMNM,Kuaihelani,Kuaihelani,5,Low,28.25624,-177.37148,-19744902.83,3281318.371,3.7,1,3,1556,1.84,0.004171964
CT333,E09,20.59980913,K01,7/19/2022,2022,PMNM,Kuaihelani,Kuaihelani,5,Low,28.25624,-177.37148,-19744902.83,3281318.371,3.7,1,3,1556,1.84,0.005455229
CT337,F01,19.71755335,K02,7/20/2022,2022,PMNM,Kuaihelani,Kuaihelani,1,Low,28.21831,-177.4134,-19749569.35,3276525.671,3.7,1,3,1556,1.84,0.009342219
CT338,F02,20.48878576,K02,7/20/2022,2022,PMNM,Kuaihelani,Kuaihelani,1,Low,28.21831,-177.4134,-19749569.35,3276525.671,3.7,1,3,1556,1.84,0.005837326
CT339,F03,19.64081253,K02,7/20/2022,2022,PMNM,Kuaihelani,Kuaihelani,1,Low,28.21831,-177.4134,-19749569.35,3276525.671,3.7,1,3,1556,1.84,0.009789767
CT340,F04,20.86751201,K02,7/20/2022,2022,PMNM,Kuaihelani,Kuaihelani,1,Low,28.21831,-177.4134,-19749569.35,3276525.671,3.7,1,3,1556,1.84,0.004633621
CT341,F05,20.67292567,K02,7/20/2022,2022,PMNM,Kuaihelani,Kuaihelani,1,Low,28.21831,-177.4134,-19749569.35,3276525.671,3.7,1,3,1556,1.84,0.005217355
CT342,F06,20.95253293,K02,7/20/2022,2022,PMNM,Kuaihelani,Kuaihelani,1,Low,28.21831,-177.4134,-19749569.35,3276525.671,3.7,1,3,1556,1.84,0.004399521
CT1288,E7,0,L01,7/6/2023,2023,PMNM,Lalo,Lalo,0,Absent,23.77066,-166.26059,-18508044.22,2725486.83,10.7,0,11,1944,2.137,NA
CT1289,E8,0,L01,7/6/2023,2023,PMNM,Lalo,Lalo,0,Absent,23.77066,-166.26059,-18508044.22,2725486.83,10.7,0,11,1944,2.137,NA
CT1290,E9,0,L01,7/6/2023,2023,PMNM,Lalo,Lalo,0,Absent,23.77066,-166.26059,-18508044.22,2725486.83,10.7,0,11,1944,2.137,NA
CT1291,E10,0,L01,7/6/2023,2023,PMNM,Lalo,Lalo,0,Absent,23.77066,-166.26059,-18508044.22,2725486.83,10.7,0,11,1944,2.137,NA
CT1292,E11,0,L01,7/6/2023,2023,PMNM,Lalo,Lalo,0,Absent,23.77066,-166.26059,-18508044.22,2725486.83,10.7,0,11,1944,2.137,NA
CT1293,E12,0,L01,7/6/2023,2023,PMNM,Lalo,Lalo,0,Absent,23.77066,-166.26059,-18508044.22,2725486.83,10.7,0,11,1944,2.137,NA
CT1297,F4,0,L02,7/6/2023,2023,PMNM,Lalo,Lalo,0,Absent,23.86975,-166.28839,-18511138.9,2737544.593,6.1,0,11,1944,2.137,NA
CT1298,F5,0,L02,7/6/2023,2023,PMNM,Lalo,Lalo,0,Absent,23.86975,-166.28839,-18511138.9,2737544.593,6.1,0,11,1944,2.137,NA
CT1299,F6,0,L02,7/6/2023,2023,PMNM,Lalo,Lalo,0,Absent,23.86975,-166.28839,-18511138.9,2737544.593,6.1,0,11,1944,2.137,NA
CT1300,F7,0,L02,7/6/2023,2023,PMNM,Lalo,Lalo,0,Absent,23.86975,-166.28839,-18511138.9,2737544.593,6.1,0,11,1944,2.137,NA
CT1301,F8,0,L02,7/6/2023,2023,PMNM,Lalo,Lalo,0,Absent,23.86975,-166.28839,-18511138.9,2737544.593,6.1,0,11,1944,2.137,NA
CT1302,F9,0,L02,7/6/2023,2023,PMNM,Lalo,Lalo,0,Absent,23.86975,-166.28839,-18511138.9,2737544.593,6.1,0,11,1944,2.137,NA
CT1333,A4,0,L03,7/6/2023,2023,PMNM,Lalo,Lalo,0,Absent,23.78871,-166.20895,-18502295.68,2727682.558,2.7,0,12,1765,1.973,NA
CT1334,A5,0,L03,7/6/2023,2023,PMNM,Lalo,Lalo,0,Absent,23.78871,-166.20895,-18502295.68,2727682.558,2.7,0,12,1765,1.973,NA
CT1335,A6,0,L03,7/6/2023,2023,PMNM,Lalo,Lalo,0,Absent,23.78871,-166.20895,-18502295.68,2727682.558,2.7,0,12,1765,1.973,NA
CT1336,A7,0,L03,7/6/2023,2023,PMNM,Lalo,Lalo,0,Absent,23.78871,-166.20895,-18502295.68,2727682.558,2.7,0,12,1765,1.973,NA
CT1337,A8,0,L03,7/6/2023,2023,PMNM,Lalo,Lalo,0,Absent,23.78871,-166.20895,-18502295.68,2727682.558,2.7,0,12,1765,1.973,NA
CT1338,A9,0,L03,7/6/2023,2023,PMNM,Lalo,Lalo,0,Absent,23.78871,-166.20895,-18502295.68,2727682.558,2.7,0,12,1765,1.973,NA
CT1342,B1,0,L04,7/6/2023,2023,PMNM,Lalo,Lalo,0,Absent,23.74216,-166.19913,-18501202.52,2722020.511,6.1,0,12,1765,1.973,NA
CT1343,B2,0,L04,7/6/2023,2023,PMNM,Lalo,Lalo,0,Absent,23.74216,-166.19913,-18501202.52,2722020.511,6.1,0,12,1765,1.973,NA
CT1344,B3,0,L04,7/6/2023,2023,PMNM,Lalo,Lalo,0,Absent,23.74216,-166.19913,-18501202.52,2722020.511,6.1,0,12,1765,1.973,NA
CT1345,B4,0,L04,7/6/2023,2023,PMNM,Lalo,Lalo,0,Absent,23.74216,-166.19913,-18501202.52,2722020.511,6.1,0,12,1765,1.973,NA
CT1346,B5,0,L04,7/6/2023,2023,PMNM,Lalo,Lalo,0,Absent,23.74216,-166.19913,-18501202.52,2722020.511,6.1,0,12,1765,1.973,NA
CT1347,B6,0,L04,7/6/2023,2023,PMNM,Lalo,Lalo,0,Absent,23.74216,-166.19913,-18501202.52,2722020.511,6.1,0,12,1765,1.973,NA
CT1507,C7,0,M09,7/20/2021,2021,PMNM,Manawai,Manawai,0,Absent,27.77585,-175.9742,-19589358.34,3220742.883,7.6,0,14,1626.8,1.879,NA
CT1508,C8,0,M09,7/20/2021,2021,PMNM,Manawai,Manawai,0,Absent,27.77585,-175.9742,-19589358.34,3220742.883,7.6,0,14,1626.8,1.879,NA
CT1509,C9,0,M09,7/20/2021,2021,PMNM,Manawai,Manawai,0,Absent,27.77585,-175.9742,-19589358.34,3220742.883,7.6,0,14,1626.8,1.879,NA
CT1510,C10,0,M09,7/20/2021,2021,PMNM,Manawai,Manawai,0,Absent,27.77585,-175.9742,-19589358.34,3220742.883,7.6,0,14,1626.8,1.879,NA
CT1511,C11,0,M09,7/20/2021,2021,PMNM,Manawai,Manawai,0,Absent,27.77585,-175.9742,-19589358.34,3220742.883,7.6,0,14,1626.8,1.879,NA
CT1512,C12,0,M09,7/20/2021,2021,PMNM,Manawai,Manawai,0,Absent,27.77585,-175.9742,-19589358.34,3220742.883,7.6,0,14,1626.8,1.879,NA
CT1513,D1,0,M09,7/20/2021,2021,PMNM,Manawai,Manawai,0,Absent,27.77585,-175.9742,-19589358.34,3220742.883,7.6,0,14,1626.8,1.879,NA
CT1514,D2,0,M09,7/20/2021,2021,PMNM,Manawai,Manawai,0,Absent,27.77585,-175.9742,-19589358.34,3220742.883,7.6,0,14,1626.8,1.879,NA
CT1515,D3,0,M09,7/20/2021,2021,PMNM,Manawai,Manawai,0,Absent,27.77585,-175.9742,-19589358.34,3220742.883,7.6,0,14,1626.8,1.879,NA
CT1516,D4,0,M09,7/20/2021,2021,PMNM,Manawai,Manawai,0,Absent,27.77585,-175.9742,-19589358.34,3220742.883,7.6,0,14,1626.8,1.879,NA
CT1517,D5,0,M09,7/20/2021,2021,PMNM,Manawai,Manawai,0,Absent,27.77585,-175.9742,-19589358.34,3220742.883,7.6,0,14,1626.8,1.879,NA
CT1518,D6,0,M09,7/20/2021,2021,PMNM,Manawai,Manawai,0,Absent,27.77585,-175.9742,-19589358.34,3220742.883,7.6,0,14,1626.8,1.879,NA
CT376,A04,0,M02,7/14/2021,2021,PMNM,Manawai,Manawai,40,Moderate,27.79029,-176.0001,-19592241.51,3222559.792,18.6,1,4,2799,1.873,NA
CT377,A05,0,M02,7/14/2021,2021,PMNM,Manawai,Manawai,40,Moderate,27.79029,-176.0001,-19592241.51,3222559.792,18.6,1,4,2799,1.873,NA
CT378,A06,25.13041224,M02,7/14/2021,2021,PMNM,Manawai,Manawai,40,Moderate,27.79029,-176.0001,-19592241.51,3222559.792,18.6,1,4,2799,1.873,0.000396293
CT379,A07,25.50324004,M02,7/14/2021,2021,PMNM,Manawai,Manawai,40,Moderate,27.79029,-176.0001,-19592241.51,3222559.792,18.6,1,4,2799,1.873,0.000313622
CT380,A08,0,M02,7/14/2021,2021,PMNM,Manawai,Manawai,40,Moderate,27.79029,-176.0001,-19592241.51,3222559.792,18.6,1,4,2799,1.873,NA
CT381,A09,25.63868803,M02,7/14/2021,2021,PMNM,Manawai,Manawai,40,Moderate,27.79029,-176.0001,-19592241.51,3222559.792,18.6,1,4,2799,1.873,0.000288066
CT382,A10,0,M02,7/14/2021,2021,PMNM,Manawai,Manawai,40,Moderate,27.79029,-176.0001,-19592241.51,3222559.792,18.6,1,4,2799,1.873,NA
CT383,A11,26.06562177,M02,7/14/2021,2021,PMNM,Manawai,Manawai,40,Moderate,27.79029,-176.0001,-19592241.51,3222559.792,18.6,1,4,2799,1.873,0.000220362
CT384,A12,0,M02,7/14/2021,2021,PMNM,Manawai,Manawai,40,Moderate,27.79029,-176.0001,-19592241.51,3222559.792,18.6,1,4,2799,1.873,NA
CT385,B01,0,M02,7/14/2021,2021,PMNM,Manawai,Manawai,40,Moderate,27.79029,-176.0001,-19592241.51,3222559.792,18.6,1,4,2799,1.873,NA
CT386,B02,26.76918533,M02,7/14/2021,2021,PMNM,Manawai,Manawai,40,Moderate,27.79029,-176.0001,-19592241.51,3222559.792,18.6,1,4,2799,1.873,0.000141706
CT387,B03,25.87690555,M02,7/14/2021,2021,PMNM,Manawai,Manawai,40,Moderate,27.79029,-176.0001,-19592241.51,3222559.792,18.6,1,4,2799,1.873,0.000248067
CT388,B04,24.29973124,M01,7/18/2021,2021,PMNM,Manawai,Manawai,45,Moderate,27.81857,-175.98833,-19590931.28,3226118.814,7.6,1,4,2799,1.873,0.000667434
CT389,B05,25.24638625,M01,7/18/2021,2021,PMNM,Manawai,Manawai,45,Moderate,27.81857,-175.98833,-19590931.28,3226118.814,7.6,1,4,2799,1.873,0.000368476
CT390,B06,25.92846656,M01,7/18/2021,2021,PMNM,Manawai,Manawai,45,Moderate,27.81857,-175.98833,-19590931.28,3226118.814,7.6,1,4,2799,1.873,0.000240169
CT391,B07,24.04280134,M01,7/18/2021,2021,PMNM,Manawai,Manawai,45,Moderate,27.81857,-175.98833,-19590931.28,3226118.814,7.6,1,4,2799,1.873,0.000784208
CT392,B08,0,M01,7/18/2021,2021,PMNM,Manawai,Manawai,45,Moderate,27.81857,-175.98833,-19590931.28,3226118.814,7.6,1,4,2799,1.873,NA
CT393,B09,25.67313505,M01,7/18/2021,2021,PMNM,Manawai,Manawai,45,Moderate,27.81857,-175.98833,-19590931.28,3226118.814,7.6,1,4,2799,1.873,0.000281906
CT394,B10,25.18566905,M01,7/18/2021,2021,PMNM,Manawai,Manawai,45,Moderate,27.81857,-175.98833,-19590931.28,3226118.814,7.6,1,4,2799,1.873,0.000382787
CT395,B11,24.07522273,M01,7/18/2021,2021,PMNM,Manawai,Manawai,45,Moderate,27.81857,-175.98833,-19590931.28,3226118.814,7.6,1,4,2799,1.873,0.000768414
CT396,B12,22.9300788,M01,7/18/2021,2021,PMNM,Manawai,Manawai,45,Moderate,27.81857,-175.98833,-19590931.28,3226118.814,7.6,1,4,2799,1.873,0.001576486
CT397,C01,21.99471899,M01,7/18/2021,2021,PMNM,Manawai,Manawai,45,Moderate,27.81857,-175.98833,-19590931.28,3226118.814,7.6,1,4,2799,1.873,0.002835379
CT398,C02,23.251119,M01,7/18/2021,2021,PMNM,Manawai,Manawai,45,Moderate,27.81857,-175.98833,-19590931.28,3226118.814,7.6,1,4,2799,1.873,0.001288827
CT399,C03,22.43241093,M01,7/18/2021,2021,PMNM,Manawai,Manawai,45,Moderate,27.81857,-175.98833,-19590931.28,3226118.814,7.6,1,4,2799,1.873,0.002154386
CT400,C04,20.07694789,M03,7/14/2021,2021,PMNM,Manawai,Manawai,75,High,27.79041,-175.99626,-19591814.04,3222574.892,9.1,1,4,2799,1.873,0.009446613
CT401,C05,20.03295292,M03,7/14/2021,2021,PMNM,Manawai,Manawai,75,High,27.79041,-175.99626,-19591814.04,3222574.892,9.1,1,4,2799,1.873,0.009711055
CT402,C06,19.28530479,M03,7/14/2021,2021,PMNM,Manawai,Manawai,75,High,27.79041,-175.99626,-19591814.04,3222574.892,9.1,1,4,2799,1.873,0.015524899
CT403,C07,21.33665826,M03,7/14/2021,2021,PMNM,Manawai,Manawai,75,High,27.79041,-175.99626,-19591814.04,3222574.892,9.1,1,4,2799,1.873,0.004285066
CT404,C08,20.75557891,M03,7/14/2021,2021,PMNM,Manawai,Manawai,75,High,27.79041,-175.99626,-19591814.04,3222574.892,9.1,1,4,2799,1.873,0.006170545
CT405,C09,20.68522308,M03,7/14/2021,2021,PMNM,Manawai,Manawai,75,High,27.79041,-175.99626,-19591814.04,3222574.892,9.1,1,4,2799,1.873,0.006449086
CT406,C10,20.54053848,M03,7/14/2021,2021,PMNM,Manawai,Manawai,75,High,27.79041,-175.99626,-19591814.04,3222574.892,9.1,1,4,2799,1.873,0.00706204
CT407,C11,21.06483595,M03,7/14/2021,2021,PMNM,Manawai,Manawai,75,High,27.79041,-175.99626,-19591814.04,3222574.892,9.1,1,4,2799,1.873,0.005082055
CT408,C12,20.42125819,M03,7/14/2021,2021,PMNM,Manawai,Manawai,75,High,27.79041,-175.99626,-19591814.04,3222574.892,9.1,1,4,2799,1.873,0.007610945
CT409,D01,17.04453806,M03,7/14/2021,2021,PMNM,Manawai,Manawai,75,High,27.79041,-175.99626,-19591814.04,3222574.892,9.1,1,4,2799,1.873,0.063346464
CT410,D02,16.85480427,M03,7/14/2021,2021,PMNM,Manawai,Manawai,75,High,27.79041,-175.99626,-19591814.04,3222574.892,9.1,1,4,2799,1.873,0.071356248
CT411,D03,17.07005701,M03,7/14/2021,2021,PMNM,Manawai,Manawai,75,High,27.79041,-175.99626,-19591814.04,3222574.892,9.1,1,4,2799,1.873,0.062340101
CT415,D07,26.71651573,M04,7/15/2021,2021,PMNM,Manawai,Manawai,0,Absent,27.78565,-175.82392,-19572629.24,3221975.939,12.2,0,4,2799,1.873,0.000146468
CT416,D08,23.70245645,M04,7/15/2021,2021,PMNM,Manawai,Manawai,0,Absent,27.78565,-175.82392,-19572629.24,3221975.939,12.2,0,4,2799,1.873,0.00097093
CT417,D09,23.72296152,M04,7/15/2021,2021,PMNM,Manawai,Manawai,0,Absent,27.78565,-175.82392,-19572629.24,3221975.939,12.2,0,4,2799,1.873,0.000958517
CT418,D10,23.39919033,M04,7/15/2021,2021,PMNM,Manawai,Manawai,0,Absent,27.78565,-175.82392,-19572629.24,3221975.939,12.2,0,4,2799,1.873,0.001174464
CT419,D11,24.61794649,M04,7/15/2021,2021,PMNM,Manawai,Manawai,0,Absent,27.78565,-175.82392,-19572629.24,3221975.939,12.2,0,4,2799,1.873,0.000546616
CT420,D12,24.36369055,M04,7/15/2021,2021,PMNM,Manawai,Manawai,0,Absent,27.78565,-175.82392,-19572629.24,3221975.939,12.2,0,4,2799,1.873,0.000641175
CT421,E01,0,M04,7/15/2021,2021,PMNM,Manawai,Manawai,0,Absent,27.78565,-175.82392,-19572629.24,3221975.939,12.2,0,4,2799,1.873,NA
CT422,E02,0,M04,7/15/2021,2021,PMNM,Manawai,Manawai,0,Absent,27.78565,-175.82392,-19572629.24,3221975.939,12.2,0,4,2799,1.873,NA
CT423,E03,25.79367032,M04,7/15/2021,2021,PMNM,Manawai,Manawai,0,Absent,27.78565,-175.82392,-19572629.24,3221975.939,12.2,0,4,2799,1.873,0.000261369
CT424,E04,24.83617477,M04,7/15/2021,2021,PMNM,Manawai,Manawai,0,Absent,27.78565,-175.82392,-19572629.24,3221975.939,12.2,0,4,2799,1.873,0.000476658
CT425,E05,23.95210809,M04,7/15/2021,2021,PMNM,Manawai,Manawai,0,Absent,27.78565,-175.82392,-19572629.24,3221975.939,12.2,0,4,2799,1.873,0.000830135
CT426,E06,0,M04,7/15/2021,2021,PMNM,Manawai,Manawai,0,Absent,27.78565,-175.82392,-19572629.24,3221975.939,12.2,0,4,2799,1.873,NA
CT430,E10,22.05374438,M05,7/16/2021,2021,PMNM,Manawai,Manawai,75,High,27.94199,-175.72786,-19561935.89,3241662.023,7.6,1,4,2799,1.873,0.002732275
CT431,E11,21.76159597,M05,7/16/2021,2021,PMNM,Manawai,Manawai,75,High,27.94199,-175.72786,-19561935.89,3241662.023,7.6,1,4,2799,1.873,0.003282055
CT432,E12,22.34169883,M05,7/16/2021,2021,PMNM,Manawai,Manawai,75,High,27.94199,-175.72786,-19561935.89,3241662.023,7.6,1,4,2799,1.873,0.002280583
CT433,F01,21.95216281,M05,7/16/2021,2021,PMNM,Manawai,Manawai,75,High,27.94199,-175.72786,-19561935.89,3241662.023,7.6,1,4,2799,1.873,0.00291212
CT434,F02,21.47452623,M05,7/16/2021,2021,PMNM,Manawai,Manawai,75,High,27.94199,-175.72786,-19561935.89,3241662.023,7.6,1,4,2799,1.873,0.003929916
CT435,F03,22.58817117,M05,7/16/2021,2021,PMNM,Manawai,Manawai,75,High,27.94199,-175.72786,-19561935.89,3241662.023,7.6,1,4,2799,1.873,0.001953768
CT436,F04,23.47600755,M05,7/16/2021,2021,PMNM,Manawai,Manawai,75,High,27.94199,-175.72786,-19561935.89,3241662.023,7.6,1,4,2799,1.873,0.00111919
CT437,F05,22.11416004,M05,7/16/2021,2021,PMNM,Manawai,Manawai,75,High,27.94199,-175.72786,-19561935.89,3241662.023,7.6,1,4,2799,1.873,0.002630625
CT438,F06,22.70445683,M05,7/16/2021,2021,PMNM,Manawai,Manawai,75,High,27.94199,-175.72786,-19561935.89,3241662.023,7.6,1,4,2799,1.873,0.001816271
CT439,F07,16.60795439,M05,7/16/2021,2021,PMNM,Manawai,Manawai,75,High,27.94199,-175.72786,-19561935.89,3241662.023,7.6,1,4,2799,1.873,0.083312069
CT440,F08,16.91452452,M05,7/16/2021,2021,PMNM,Manawai,Manawai,75,High,27.94199,-175.72786,-19561935.89,3241662.023,7.6,1,4,2799,1.873,0.068731525
CT441,F09,17.07568527,M05,7/16/2021,2021,PMNM,Manawai,Manawai,75,High,27.94199,-175.72786,-19561935.89,3241662.023,7.6,1,4,2799,1.873,0.062120306
CT442,F10,23.41115407,M06,7/16/2021,2021,PMNM,Manawai,Manawai,60,High,27.88029,-175.72669,-19561805.65,3233889.464,10.7,1,4,2799,1.873,0.001165679
CT443,F11,25.89020472,M06,7/16/2021,2021,PMNM,Manawai,Manawai,60,High,27.88029,-175.72669,-19561805.65,3233889.464,10.7,1,4,2799,1.873,0.000246005
CT444,F12,23.86782386,M06,7/16/2021,2021,PMNM,Manawai,Manawai,60,High,27.88029,-175.72669,-19561805.65,3233889.464,10.7,1,4,2799,1.873,0.000875224
CT445,G01,22.96941387,M06,7/16/2021,2021,PMNM,Manawai,Manawai,60,High,27.88029,-175.72669,-19561805.65,3233889.464,10.7,1,4,2799,1.873,0.001538048
CT446,G02,23.01301364,M06,7/16/2021,2021,PMNM,Manawai,Manawai,60,High,27.88029,-175.72669,-19561805.65,3233889.464,10.7,1,4,2799,1.873,0.001496536
CT447,G03,23.18479798,M06,7/16/2021,2021,PMNM,Manawai,Manawai,60,High,27.88029,-175.72669,-19561805.65,3233889.464,10.7,1,4,2799,1.873,0.001343599
CT448,G04,0,M06,7/16/2021,2021,PMNM,Manawai,Manawai,60,High,27.88029,-175.72669,-19561805.65,3233889.464,10.7,1,4,2799,1.873,NA
CT449,G05,0,M06,7/16/2021,2021,PMNM,Manawai,Manawai,60,High,27.88029,-175.72669,-19561805.65,3233889.464,10.7,1,4,2799,1.873,NA
CT450,G06,0,M06,7/16/2021,2021,PMNM,Manawai,Manawai,60,High,27.88029,-175.72669,-19561805.65,3233889.464,10.7,1,4,2799,1.873,NA
CT469,A01,0,M06,7/16/2021,2021,PMNM,Manawai,Manawai,60,High,27.88029,-175.72669,-19561805.65,3233889.464,10.7,1,5,1353,1.876,NA
CT470,A02,0,M06,7/16/2021,2021,PMNM,Manawai,Manawai,60,High,27.88029,-175.72669,-19561805.65,3233889.464,10.7,1,5,1353,1.876,NA
CT471,A03,0,M06,7/16/2021,2021,PMNM,Manawai,Manawai,60,High,27.88029,-175.72669,-19561805.65,3233889.464,10.7,1,5,1353,1.876,NA
CT475,A07,21.27518539,M07,7/16/2021,2021,PMNM,Manawai,Manawai,55,High,27.85155,-175.74023,-19563312.92,3230270.5,13.4,1,5,1353,1.876,0.002080744
CT476,A08,21.38459101,M07,7/16/2021,2021,PMNM,Manawai,Manawai,55,High,27.85155,-175.74023,-19563312.92,3230270.5,13.4,1,5,1353,1.876,0.001942341
CT477,A09,23.24441279,M07,7/16/2021,2021,PMNM,Manawai,Manawai,55,High,27.85155,-175.74023,-19563312.92,3230270.5,13.4,1,5,1353,1.876,0.000602783
CT478,A10,20.21244286,M08,7/18/2021,2021,PMNM,Manawai,Manawai,70,High,27.89012,-175.92347,-19583711.1,3235127.485,6.4,1,5,1353,1.876,0.004060642
CT479,A11,20.0715567,M08,7/18/2021,2021,PMNM,Manawai,Manawai,70,High,27.89012,-175.92347,-19583711.1,3235127.485,6.4,1,5,1353,1.876,0.004437
CT480,A12,24.2058286,M08,7/18/2021,2021,PMNM,Manawai,Manawai,70,High,27.89012,-175.92347,-19583711.1,3235127.485,6.4,1,5,1353,1.876,0.000329208
CT481,B01,19.49845374,M08,7/18/2021,2021,PMNM,Manawai,Manawai,70,High,27.89012,-175.92347,-19583711.1,3235127.485,6.4,1,5,1353,1.876,0.006363265
CT482,B02,19.57918207,M08,7/18/2021,2021,PMNM,Manawai,Manawai,70,High,27.89012,-175.92347,-19583711.1,3235127.485,6.4,1,5,1353,1.876,0.006048148
CT483,B03,19.36804174,M08,7/18/2021,2021,PMNM,Manawai,Manawai,70,High,27.89012,-175.92347,-19583711.1,3235127.485,6.4,1,5,1353,1.876,0.006907372
CT484,B04,19.83208507,M08,7/18/2021,2021,PMNM,Manawai,Manawai,70,High,27.89012,-175.92347,-19583711.1,3235127.485,6.4,1,5,1353,1.876,0.005158471
CT485,B05,20.45675655,M08,7/18/2021,2021,PMNM,Manawai,Manawai,70,High,27.89012,-175.92347,-19583711.1,3235127.485,6.4,1,5,1353,1.876,0.003482092
CT486,B06,19.49215716,M08,7/18/2021,2021,PMNM,Manawai,Manawai,70,High,27.89012,-175.92347,-19583711.1,3235127.485,6.4,1,5,1353,1.876,0.006388523
CT487,B07,20.03948338,M08,7/18/2021,2021,PMNM,Manawai,Manawai,70,High,27.89012,-175.92347,-19583711.1,3235127.485,6.4,1,5,1353,1.876,0.004527443
CT488,B08,19.74232661,M08,7/18/2021,2021,PMNM,Manawai,Manawai,70,High,27.89012,-175.92347,-19583711.1,3235127.485,6.4,1,5,1353,1.876,0.005458156
CT489,B09,19.81018299,M08,7/18/2021,2021,PMNM,Manawai,Manawai,70,High,27.89012,-175.92347,-19583711.1,3235127.485,6.4,1,5,1353,1.876,0.005230044
CT175,H07,0,OA16,6/1/2021,2021,Oʻahu,Oʻahu,Maunalua,0,NA,21.282319,-157.722461,-17557584.05,2425574.125,0.9,NA,1,2861,1.85,NA
CT176,H08,0,OA16,6/1/2021,2021,Oʻahu,Oʻahu,Maunalua,0,NA,21.282319,-157.722461,-17557584.05,2425574.125,0.9,NA,1,2861,1.85,NA
CT177,H09,0,OA16,6/1/2021,2021,Oʻahu,Oʻahu,Maunalua,0,NA,21.282319,-157.722461,-17557584.05,2425574.125,0.9,NA,1,2861,1.85,NA
CT352,G04,0,OA16,5/26/2021,2021,Oʻahu,Oʻahu,Maunalua,0,NA,21.282319,-157.722461,-17557584.05,2425574.125,0.9,NA,3,1556,1.84,NA
CT353,G05,0,OA16,5/26/2021,2021,Oʻahu,Oʻahu,Maunalua,0,NA,21.282319,-157.722461,-17557584.05,2425574.125,0.9,NA,3,1556,1.84,NA
CT354,G06,0,OA16,5/26/2021,2021,Oʻahu,Oʻahu,Maunalua,0,NA,21.282319,-157.722461,-17557584.05,2425574.125,0.9,NA,3,1556,1.84,NA
CT544,G04,0,OA16,5/26/2021,2021,Oʻahu,Oʻahu,Maunalua,0,NA,21.282319,-157.722461,-17557584.05,2425574.125,0.9,NA,5,1353,1.876,NA
CT545,G05,0,OA16,5/26/2021,2021,Oʻahu,Oʻahu,Maunalua,0,NA,21.282319,-157.722461,-17557584.05,2425574.125,0.9,NA,5,1353,1.876,NA
CT546,G06,0,OA16,5/26/2021,2021,Oʻahu,Oʻahu,Maunalua,0,NA,21.282319,-157.722461,-17557584.05,2425574.125,0.9,NA,5,1353,1.876,NA
CT565,A01,0,OA05,10/13/2022,2022,Oʻahu,Oʻahu,Kou,0,NA,21.311866,-157.875015,-17574566.28,2429104.364,12,NA,6,2005,1.807,NA
CT566,A02,0,OA05,10/13/2022,2022,Oʻahu,Oʻahu,Kou,0,NA,21.311866,-157.875015,-17574566.28,2429104.364,12,NA,6,2005,1.807,NA
CT567,A03,0,OA05,10/13/2022,2022,Oʻahu,Oʻahu,Kou,0,NA,21.311866,-157.875015,-17574566.28,2429104.364,12,NA,6,2005,1.807,NA
CT568,A04,0,OA05,10/13/2022,2022,Oʻahu,Oʻahu,Kou,0,NA,21.311866,-157.875015,-17574566.28,2429104.364,12,NA,6,2005,1.807,NA
CT569,A05,0,OA05,10/13/2022,2022,Oʻahu,Oʻahu,Kou,0,NA,21.311866,-157.875015,-17574566.28,2429104.364,12,NA,6,2005,1.807,NA
CT570,A06,0,OA05,10/13/2022,2022,Oʻahu,Oʻahu,Kou,0,NA,21.311866,-157.875015,-17574566.28,2429104.364,12,NA,6,2005,1.807,NA
CT571,A07,0,OA09,10/13/2022,2022,Oʻahu,Oʻahu,Kou,0,NA,21.312267,-157.889539,-17576183.08,2429152.279,1.5,NA,6,2005,1.807,NA
CT572,A08,0,OA09,10/13/2022,2022,Oʻahu,Oʻahu,Kou,0,NA,21.312267,-157.889539,-17576183.08,2429152.279,1.5,NA,6,2005,1.807,NA
CT573,A09,0,OA09,10/13/2022,2022,Oʻahu,Oʻahu,Kou,0,NA,21.312267,-157.889539,-17576183.08,2429152.279,1.5,NA,6,2005,1.807,NA
CT574,A10,0,OA09,10/13/2022,2022,Oʻahu,Oʻahu,Kou,0,NA,21.312267,-157.889539,-17576183.08,2429152.279,1.5,NA,6,2005,1.807,NA
CT575,A11,0,OA09,10/13/2022,2022,Oʻahu,Oʻahu,Kou,0,NA,21.312267,-157.889539,-17576183.08,2429152.279,1.5,NA,6,2005,1.807,NA
CT576,A12,0,OA09,10/13/2022,2022,Oʻahu,Oʻahu,Kou,0,NA,21.312267,-157.889539,-17576183.08,2429152.279,1.5,NA,6,2005,1.807,NA
CT577,B01,0,OA11,10/13/2022,2022,Oʻahu,Oʻahu,Kou,0,NA,21.300897,-157.876492,-17574730.7,2427793.718,1,NA,6,2005,1.807,NA
CT578,B02,0,OA11,10/13/2022,2022,Oʻahu,Oʻahu,Kou,0,NA,21.300897,-157.876492,-17574730.7,2427793.718,1,NA,6,2005,1.807,NA
CT579,B03,0,OA11,10/13/2022,2022,Oʻahu,Oʻahu,Kou,0,NA,21.300897,-157.876492,-17574730.7,2427793.718,1,NA,6,2005,1.807,NA
CT580,B04,0,OA11,10/13/2022,2022,Oʻahu,Oʻahu,Kou,0,NA,21.300897,-157.876492,-17574730.7,2427793.718,1,NA,6,2005,1.807,NA
CT581,B05,0,OA11,10/13/2022,2022,Oʻahu,Oʻahu,Kou,0,NA,21.300897,-157.876492,-17574730.7,2427793.718,1,NA,6,2005,1.807,NA
CT582,B06,0,OA11,10/13/2022,2022,Oʻahu,Oʻahu,Kou,0,NA,21.300897,-157.876492,-17574730.7,2427793.718,1,NA,6,2005,1.807,NA
CT583,B07,0,OA10,10/13/2022,2022,Oʻahu,Oʻahu,Kou,0,NA,21.302482,-157.869673,-17573971.61,2427983.098,1,NA,6,2005,1.807,NA
CT584,B08,0,OA10,10/13/2022,2022,Oʻahu,Oʻahu,Kou,0,NA,21.302482,-157.869673,-17573971.61,2427983.098,1,NA,6,2005,1.807,NA
CT585,B09,0,OA10,10/13/2022,2022,Oʻahu,Oʻahu,Kou,0,NA,21.302482,-157.869673,-17573971.61,2427983.098,1,NA,6,2005,1.807,NA
CT589,C01,0,OA13,10/17/2022,2022,Oʻahu,Oʻahu,Kewalo Basin,0,NA,21.290907,-157.859165,-17572801.86,2426600.136,1,NA,6,2005,1.807,NA
CT590,C02,0,OA13,10/17/2022,2022,Oʻahu,Oʻahu,Kewalo Basin,0,NA,21.290907,-157.859165,-17572801.86,2426600.136,1,NA,6,2005,1.807,NA
CT591,C03,0,OA13,10/17/2022,2022,Oʻahu,Oʻahu,Kewalo Basin,0,NA,21.290907,-157.859165,-17572801.86,2426600.136,1,NA,6,2005,1.807,NA
CT592,C04,0,OA13,10/17/2022,2022,Oʻahu,Oʻahu,Kewalo Basin,0,NA,21.290907,-157.859165,-17572801.86,2426600.136,1,NA,6,2005,1.807,NA
CT593,C05,0,OA13,10/17/2022,2022,Oʻahu,Oʻahu,Kewalo Basin,0,NA,21.290907,-157.859165,-17572801.86,2426600.136,1,NA,6,2005,1.807,NA
CT594,C06,0,OA13,10/17/2022,2022,Oʻahu,Oʻahu,Kewalo Basin,0,NA,21.290907,-157.859165,-17572801.86,2426600.136,1,NA,6,2005,1.807,NA
CT595,C07,0,OA15,10/17/2022,2022,Oʻahu,Oʻahu,Kewalo Basin,0,NA,21.290521,-157.860994,-17573005.47,2426554.019,1.5,NA,6,2005,1.807,NA
CT596,C08,0,OA15,10/17/2022,2022,Oʻahu,Oʻahu,Kewalo Basin,0,NA,21.290521,-157.860994,-17573005.47,2426554.019,1.5,NA,6,2005,1.807,NA
CT597,C09,0,OA15,10/17/2022,2022,Oʻahu,Oʻahu,Kewalo Basin,0,NA,21.290521,-157.860994,-17573005.47,2426554.019,1.5,NA,6,2005,1.807,NA
CT598,C10,0,OA15,10/17/2022,2022,Oʻahu,Oʻahu,Kewalo Basin,0,NA,21.290521,-157.860994,-17573005.47,2426554.019,1.5,NA,6,2005,1.807,NA
CT599,C11,0,OA15,10/17/2022,2022,Oʻahu,Oʻahu,Kewalo Basin,0,NA,21.290521,-157.860994,-17573005.47,2426554.019,1.5,NA,6,2005,1.807,NA
CT600,C12,0,OA15,10/17/2022,2022,Oʻahu,Oʻahu,Kewalo Basin,0,NA,21.290521,-157.860994,-17573005.47,2426554.019,1.5,NA,6,2005,1.807,NA
CT601,D01,0,OA12,10/17/2022,2022,Oʻahu,Oʻahu,Kewalo Basin,0,NA,21.293013,-157.85513,-17572352.69,2426851.749,5.5,NA,6,2005,1.807,NA
CT602,D02,0,OA12,10/17/2022,2022,Oʻahu,Oʻahu,Kewalo Basin,0,NA,21.293013,-157.85513,-17572352.69,2426851.749,5.5,NA,6,2005,1.807,NA
CT603,D03,0,OA12,10/17/2022,2022,Oʻahu,Oʻahu,Kewalo Basin,0,NA,21.293013,-157.85513,-17572352.69,2426851.749,5.5,NA,6,2005,1.807,NA
CT604,D04,0,OA12,10/17/2022,2022,Oʻahu,Oʻahu,Kewalo Basin,0,NA,21.293013,-157.85513,-17572352.69,2426851.749,5.5,NA,6,2005,1.807,NA
CT605,D05,0,OA12,10/17/2022,2022,Oʻahu,Oʻahu,Kewalo Basin,0,NA,21.293013,-157.85513,-17572352.69,2426851.749,5.5,NA,6,2005,1.807,NA
CT606,D06,0,OA12,10/17/2022,2022,Oʻahu,Oʻahu,Kewalo Basin,0,NA,21.293013,-157.85513,-17572352.69,2426851.749,5.5,NA,6,2005,1.807,NA
CT610,D10,0,OA03,10/19/2022,2022,Oʻahu,Oʻahu,Puʻuloa,0,NA,21.359365,-157.968804,-17585006.82,2434780.973,1,NA,6,2005,1.807,NA
CT611,D11,0,OA03,10/19/2022,2022,Oʻahu,Oʻahu,Puʻuloa,0,NA,21.359365,-157.968804,-17585006.82,2434780.973,1,NA,6,2005,1.807,NA
CT612,D12,0,OA03,10/19/2022,2022,Oʻahu,Oʻahu,Puʻuloa,0,NA,21.359365,-157.968804,-17585006.82,2434780.973,1,NA,6,2005,1.807,NA
CT613,E01,0,OA03,10/19/2022,2022,Oʻahu,Oʻahu,Puʻuloa,0,NA,21.359365,-157.968804,-17585006.82,2434780.973,1,NA,6,2005,1.807,NA
CT614,E02,0,OA03,10/19/2022,2022,Oʻahu,Oʻahu,Puʻuloa,0,NA,21.359365,-157.968804,-17585006.82,2434780.973,1,NA,6,2005,1.807,NA
CT615,E03,0,OA03,10/19/2022,2022,Oʻahu,Oʻahu,Puʻuloa,0,NA,21.359365,-157.968804,-17585006.82,2434780.973,1,NA,6,2005,1.807,NA
CT616,E04,0,OA01,10/19/2022,2022,Oʻahu,Oʻahu,Puʻuloa,0,NA,21.364043,-157.951918,-17583127.08,2435340.141,0.7,NA,6,2005,1.807,NA
CT617,E05,0,OA01,10/19/2022,2022,Oʻahu,Oʻahu,Puʻuloa,0,NA,21.364043,-157.951918,-17583127.08,2435340.141,0.7,NA,6,2005,1.807,NA
CT618,E06,0,OA01,10/19/2022,2022,Oʻahu,Oʻahu,Puʻuloa,0,NA,21.364043,-157.951918,-17583127.08,2435340.141,0.7,NA,6,2005,1.807,NA
CT619,E07,0,OA01,10/19/2022,2022,Oʻahu,Oʻahu,Puʻuloa,0,NA,21.364043,-157.951918,-17583127.08,2435340.141,0.7,NA,6,2005,1.807,NA
CT620,E08,0,OA01,10/19/2022,2022,Oʻahu,Oʻahu,Puʻuloa,0,NA,21.364043,-157.951918,-17583127.08,2435340.141,0.7,NA,6,2005,1.807,NA
CT621,E09,0,OA01,10/19/2022,2022,Oʻahu,Oʻahu,Puʻuloa,0,NA,21.364043,-157.951918,-17583127.08,2435340.141,0.7,NA,6,2005,1.807,NA
CT622,E10,0,OA04,10/19/2022,2022,Oʻahu,Oʻahu,Puʻuloa,0,NA,21.365703,-157.966024,-17584697.35,2435538.567,1.5,NA,6,2005,1.807,NA
CT623,E11,0,OA04,10/19/2022,2022,Oʻahu,Oʻahu,Puʻuloa,0,NA,21.365703,-157.966024,-17584697.35,2435538.567,1.5,NA,6,2005,1.807,NA
CT624,E12,0,OA04,10/19/2022,2022,Oʻahu,Oʻahu,Puʻuloa,0,NA,21.365703,-157.966024,-17584697.35,2435538.567,1.5,NA,6,2005,1.807,NA
CT625,F01,0,OA04,10/19/2022,2022,Oʻahu,Oʻahu,Puʻuloa,0,NA,21.365703,-157.966024,-17584697.35,2435538.567,1.5,NA,6,2005,1.807,NA
CT626,F02,0,OA04,10/19/2022,2022,Oʻahu,Oʻahu,Puʻuloa,0,NA,21.365703,-157.966024,-17584697.35,2435538.567,1.5,NA,6,2005,1.807,NA
CT627,F03,0,OA04,10/19/2022,2022,Oʻahu,Oʻahu,Puʻuloa,0,NA,21.365703,-157.966024,-17584697.35,2435538.567,1.5,NA,6,2005,1.807,NA
CT661,A1,0,OA14,10/17/2022,2022,Oʻahu,Oʻahu,Kewalo Basin,0,NA,21.293116,-157.858853,-17572767.13,2426864.055,5,NA,7,1261,1.805,NA
CT662,A2,0,OA14,10/17/2022,2022,Oʻahu,Oʻahu,Kewalo Basin,0,NA,21.293116,-157.858853,-17572767.13,2426864.055,5,NA,7,1261,1.805,NA
CT663,A3,0,OA14,10/17/2022,2022,Oʻahu,Oʻahu,Kewalo Basin,0,NA,21.293116,-157.858853,-17572767.13,2426864.055,5,NA,7,1261,1.805,NA
CT664,A4,0,OA14,10/17/2022,2022,Oʻahu,Oʻahu,Kewalo Basin,0,NA,21.293116,-157.858853,-17572767.13,2426864.055,5,NA,7,1261,1.805,NA
CT665,A5,0,OA14,10/17/2022,2022,Oʻahu,Oʻahu,Kewalo Basin,0,NA,21.293116,-157.858853,-17572767.13,2426864.055,5,NA,7,1261,1.805,NA
CT666,A6,0,OA14,10/17/2022,2022,Oʻahu,Oʻahu,Kewalo Basin,0,NA,21.293116,-157.858853,-17572767.13,2426864.055,5,NA,7,1261,1.805,NA
CT667,A7,0,OA10,10/13/2022,2022,Oʻahu,Oʻahu,Kou,0,NA,21.302482,-157.869673,-17573971.61,2427983.098,1,NA,7,1261,1.805,NA
CT668,A8,0,OA10,10/13/2022,2022,Oʻahu,Oʻahu,Kou,0,NA,21.302482,-157.869673,-17573971.61,2427983.098,1,NA,7,1261,1.805,NA
CT669,A9,0,OA10,10/13/2022,2022,Oʻahu,Oʻahu,Kou,0,NA,21.302482,-157.869673,-17573971.61,2427983.098,1,NA,7,1261,1.805,NA
CT670,A10,0,OA02,10/19/2022,2022,Oʻahu,Oʻahu,Puʻuloa,0,NA,21.359793,-157.958856,-17583899.42,2434832.132,2.4,NA,7,1261,1.805,NA
CT671,A11,0,OA02,10/19/2022,2022,Oʻahu,Oʻahu,Puʻuloa,0,NA,21.359793,-157.958856,-17583899.42,2434832.132,2.4,NA,7,1261,1.805,NA
CT672,A12,0,OA02,10/19/2022,2022,Oʻahu,Oʻahu,Puʻuloa,0,NA,21.359793,-157.958856,-17583899.42,2434832.132,2.4,NA,7,1261,1.805,NA
CT673,B1,0,OA02,10/19/2022,2022,Oʻahu,Oʻahu,Puʻuloa,0,NA,21.359793,-157.958856,-17583899.42,2434832.132,2.4,NA,7,1261,1.805,NA
CT674,B2,0,OA02,10/19/2022,2022,Oʻahu,Oʻahu,Puʻuloa,0,NA,21.359793,-157.958856,-17583899.42,2434832.132,2.4,NA,7,1261,1.805,NA
CT675,B3,0,OA02,10/19/2022,2022,Oʻahu,Oʻahu,Puʻuloa,0,NA,21.359793,-157.958856,-17583899.42,2434832.132,2.4,NA,7,1261,1.805,NA
CT676,B4,0,OA06,11/3/2022,2022,Oʻahu,Oʻahu,Heʻeia Kea,0,NA,21.444034,-157.809659,-17567290.88,2444904.341,1.8,NA,7,1261,1.805,NA
CT677,B5,0,OA06,11/3/2022,2022,Oʻahu,Oʻahu,Heʻeia Kea,0,NA,21.444034,-157.809659,-17567290.88,2444904.341,1.8,NA,7,1261,1.805,NA
CT678,B6,0,OA06,11/3/2022,2022,Oʻahu,Oʻahu,Heʻeia Kea,0,NA,21.444034,-157.809659,-17567290.88,2444904.341,1.8,NA,7,1261,1.805,NA
CT679,B7,0,OA06,11/3/2022,2022,Oʻahu,Oʻahu,Heʻeia Kea,0,NA,21.444034,-157.809659,-17567290.88,2444904.341,1.8,NA,7,1261,1.805,NA
CT680,B8,0,OA06,11/3/2022,2022,Oʻahu,Oʻahu,Heʻeia Kea,0,NA,21.444034,-157.809659,-17567290.88,2444904.341,1.8,NA,7,1261,1.805,NA
CT681,B9,0,OA06,11/3/2022,2022,Oʻahu,Oʻahu,Heʻeia Kea,0,NA,21.444034,-157.809659,-17567290.88,2444904.341,1.8,NA,7,1261,1.805,NA
CT682,B10,0,OA07,11/3/2022,2022,Oʻahu,Oʻahu,Heʻeia Kea,0,NA,21.444101,-157.810017,-17567330.73,2444912.354,3,NA,7,1261,1.805,NA
CT683,B11,0,OA07,11/3/2022,2022,Oʻahu,Oʻahu,Heʻeia Kea,0,NA,21.444101,-157.810017,-17567330.73,2444912.354,3,NA,7,1261,1.805,NA
CT684,B12,0,OA07,11/3/2022,2022,Oʻahu,Oʻahu,Heʻeia Kea,0,NA,21.444101,-157.810017,-17567330.73,2444912.354,3,NA,7,1261,1.805,NA
CT685,C1,0,OA07,11/3/2022,2022,Oʻahu,Oʻahu,Heʻeia Kea,0,NA,21.444101,-157.810017,-17567330.73,2444912.354,3,NA,7,1261,1.805,NA
CT686,C2,0,OA07,11/3/2022,2022,Oʻahu,Oʻahu,Heʻeia Kea,0,NA,21.444101,-157.810017,-17567330.73,2444912.354,3,NA,7,1261,1.805,NA
CT687,C3,0,OA07,11/3/2022,2022,Oʻahu,Oʻahu,Heʻeia Kea,0,NA,21.444101,-157.810017,-17567330.73,2444912.354,3,NA,7,1261,1.805,NA
CT688,C4,0,OA08,11/3/2022,2022,Oʻahu,Oʻahu,Heʻeia Kea,0,NA,21.44322,-157.809822,-17567309.03,2444806.988,2,NA,7,1261,1.805,NA
CT689,C5,0,OA08,11/3/2022,2022,Oʻahu,Oʻahu,Heʻeia Kea,0,NA,21.44322,-157.809822,-17567309.03,2444806.988,2,NA,7,1261,1.805,NA
CT690,C6,0,OA08,11/3/2022,2022,Oʻahu,Oʻahu,Heʻeia Kea,0,NA,21.44322,-157.809822,-17567309.03,2444806.988,2,NA,7,1261,1.805,NA
CT691,C7,0,OA08,11/3/2022,2022,Oʻahu,Oʻahu,Heʻeia Kea,0,NA,21.44322,-157.809822,-17567309.03,2444806.988,2,NA,7,1261,1.805,NA
CT692,C8,0,OA08,11/3/2022,2022,Oʻahu,Oʻahu,Heʻeia Kea,0,NA,21.44322,-157.809822,-17567309.03,2444806.988,2,NA,7,1261,1.805,NA
CT693,C9,0,OA08,11/3/2022,2022,Oʻahu,Oʻahu,Heʻeia Kea,0,NA,21.44322,-157.809822,-17567309.03,2444806.988,2,NA,7,1261,1.805,NA
