1.0515e-17,8.0843e-16,1.1445e-15,9.9006e-16,1.2028e-15,9.3303e-16,1.6522e-15,8.0397e-16,4.1452e-16,1.3941e-15,1.1413e-15,1.3875e-15,1.3559e-15,1.1271e-15,1.0894e-15,1.0475e-15,9.348e-16,1.3809e-15,1.4066e-15,1.2176e-15,1.2675e-15,-5.4941e-15,1.7187e-13,1.049e-13,6.7501e-14,5.441e-14,8.1139e-15,3.4154e-15,1.8941e-15,1.1458e-15,1.5883e-15,-3.4694e-16,-1.9366e-16,2.3729e-15,3.6659e-16,1.6532e-16,5.782e-15,8.0697e-15,8.7839e-14,-9.6297e-15,3.6963e-14,5.9384e-14,1.2943e-14,8.0205e-15,5.626e-15,2.9483e-15,-1.6946e-15,-7.3778e-14,-7.6328e-15,-2.9512e-15,-4.2632e-15,7.6158e-16,9.8942e-16,9.7821e-16,8.5838e-16,2.119e-15,1.0156e-15,5.0705e-16,3.131e-16,1.4215e-15,-7.9747e-16,-3.8259e-15,1.6843e-14,4.0774e-14,1.5339e-14,6.1368e-15,1.9884e-15,5.096e-15,2.1258e-15,2.6595e-15,1.4876e-15,1.3018e-15,1.8572e-15,2.1995e-15,1.6079e-15,1.2453e-15,1.1233e-15,1.1948e-15,5.3681e-16,1.0158e-15,1.2003e-15,2.2549e-15,-1.1702e-15,1.3368e-15,1.5689e-15,-2.116e-16,1.4623e-15,9.9682e-16,3.1327e-16,5.3209e-16,1.7683e-17
-8.9197e-17,-0.86827,-0.83547,-0.84678,-0.77687,-0.80445,-0.87348,-0.82049,-0.81488,-0.82462,-0.80174,-0.91109,-0.92923,-0.85253,-0.83008,-0.81918,-0.81792,-0.78663,-0.79164,-0.80268,-0.82625,-0.8336,-154.27,-115.82,-64.678,-39.825,-8.5114,4.7778,6.0651,6.89,6.5704,7.3834,7.302,7.2042,7.0741,6.6846,7.2929,154.06,345.32,172.92,-23.442,-36.708,-5.5598,0.83178,3.9562,4.9876,6.5223,239.35,42.76,18.273,19.595,8.2295,7.5754,6.5292,6.6316,6.146,6.8873,6.8247,6.6011,6.4193,57.621,74.684,51.749,159.35,87.718,56.729,46.371,25.135,14.903,13.034,9.3671,8.182,8.8034,8.7567,7.4851,7.4064,7.2614,7.1583,6.5623,6.3433,6.4741,7.2538,7.1861,6.5055,7.033,6.4732,6.5585,6.8915,6.6845,7.113,2.0599e-15
-1.661e-16,4.2492,4.1064,4.167,3.8281,3.9432,4.2636,4.0164,3.9956,4.0563,3.9377,4.4579,4.5496,4.1832,4.0876,4.0246,4.0184,3.8441,3.8817,3.941,4.0504,4.0868,747.4,565.75,318.28,194.48,42.991,21.526,13.588,11.387,12.682,10.562,10.668,11.48,11.026,11.015,11.147,146.29,322.48,160.89,190.67,228.01,74.007,42.256,26.231,19.614,27.933,244.02,48.217,23.24,22.672,12.867,11.677,10.314,10.913,10.339,10.941,11.059,10.839,10.361,57.886,73.143,74.456,303.47,171.34,109.32,78.815,49.157,29.782,26.878,18.93,17.571,16.505,14.551,13.191,12.751,13.775,12.771,11.772,14.542,13.835,13.013,12.16,11.491,11.777,10.998,10.858,11.14,10.601,11.441,6.6705e-16
1.6858e-16,10.56,10.485,10.717,9.9267,9.9005,10.423,9.998,10.052,10.407,10.009,11.065,11.339,10.57,10.558,10.249,10.232,9.4684,9.766,9.9948,10.175,10.272,1737.3,1389.4,818.86,477.01,128.03,30.149,16.333,11.892,15.652,5.7403,7.8319,9.2042,9.4122,9.5478,8.5402,-9.9171,-34.83,-5.1809,475.88,501.58,164.96,83.593,43.544,32.251,46.988,20.987,11.73,10.862,7.4043,9.6891,9.0682,8.6677,9.3953,9.3813,9.0163,9.3103,9.2133,8.8158,2.7646,-0.2655,38.429,259.24,199.88,104.88,63.136,50.019,30.388,28.681,22.291,20.919,18.248,14.285,14.107,13.643,15.662,13.663,13.387,20.741,18.767,14.997,12.005,11.257,10.776,10.85,9.9213,9.8003,9.1071,9.592,2.1589e-16
3.7164e-16,9.2464,9.8373,10.266,9.7239,9.2068,9.0455,8.9652,9.2479,9.8163,9.2831,9.6905,9.967,9.7392,10.174,9.6685,9.5426,8.4512,8.9867,9.1525,9.1825,9.4239,1156.5,1223.4,813.76,435.23,183.39,34.521,22.372,18.277,21.332,6.0703,8.8064,8.8497,11.069,9.7675,8.9059,3.7532,-5.5307,18.57,507.73,344.96,148.51,72.974,33.83,36.082,44.744,40.021,11.842,10.798,8.951,8.8575,9.3717,9.521,9.5695,9.91,9.4296,9.4612,9.1473,9.2451,7.0116,5.87,14.871,130.41,229.2,90.945,48.406,42.854,27.184,25.6,25.199,21.669,21.981,19.037,18.321,17.839,18.497,16.74,19.462,27.668,25.11,20.004,14.607,12.481,11.882,12.735,11.117,10.902,10.268,9.9682,6.326e-16
6.7813e-16,8.2375,9.0405,9.6571,9.3214,9.5023,9.169,8.6979,8.9911,8.7941,8.4676,8.7731,8.7613,9.1371,9.4025,9.2997,8.7821,8.8944,8.7669,8.1055,8.3661,9.1179,539.45,1317.5,911.3,514.11,271.84,102.73,46.486,27.13,25.848,17.581,9.242,8.6421,11.499,9.8927,9.5075,15.945,22.818,-17.904,540.26,291.85,140.88,79.646,33.119,48.137,31.89,48.291,16.729,11.382,10.893,9.2104,9.8315,9.7675,9.9274,10.185,9.8384,9.5966,9.2877,9.3754,11.283,11.999,11.286,54.132,202.67,113.96,50.534,33.238,31.001,25.262,25.327,21.022,25.288,25.123,22.064,18.833,18.279,17.96,27.089,32.125,28.319,20.406,15.753,14.3,13.012,12.493,11.661,11.164,10.541,10.415,6.9047e-16
6.7946e-16,8.6123,9.2075,10.04,9.4976,10.033,9.7841,9.2568,9.3592,8.6417,8.579,9.3458,9.071,9.3289,9.3728,9.4996,9.1028,9.6806,9.3767,8.5901,8.6963,9.3565,202.61,1968.1,1256.5,592.54,297.58,148.19,55.121,28.912,30.848,26.623,10.549,8.9151,10.687,9.3486,9.4195,7.8926,4.2176,130.07,561.12,294.45,128.99,81.606,34.301,59.586,26.761,23.264,17.179,11.089,10.186,9.773,9.7448,9.2377,9.9577,9.7564,9.6767,9.3763,9.518,9.3605,8.5826,8.2962,12.007,39.857,156.36,135.78,49.558,32.853,37.179,27.616,25.773,21.71,26.149,28.002,24.03,18.358,18.571,19.83,25.455,32.049,26.089,17.742,14.628,14.395,13.441,11.49,11.523,10.711,10.121,10.308,7.1451e-16
5.6477e-16,8.9196,9.1956,9.9039,9.0012,9.0523,9.0707,9.1933,9.0657,8.6882,8.6163,9.6868,9.552,9.0704,9.2408,9.1913,9.2294,9.0509,9.3631,9.3956,8.8956,8.8446,4.4068,2178.3,1390.9,578.6,252.34,118.26,46.193,21.225,42.091,23.352,11.003,9.7467,10.115,8.9095,8.9843,10.378,10.523,498.3,464.14,211.32,92.823,58.684,29.206,61.487,31.189,19.092,15.861,11.7,9.6794,10.048,9.6246,9.0005,9.9219,9.2387,9.524,9.4566,9.9686,9.6861,9.6091,9.1277,9.3,51.433,150.83,119.53,40.26,40.798,39.873,29.387,27.196,24.428,26.008,28.577,26.037,19.933,21.209,23.28,22.56,28.205,21.392,15.999,13.34,12.856,13.068,11.404,11.347,10.498,10.1,10.148,8.0208e-16
8.6412e-16,9.1634,9.1013,8.9491,8.105,8.3836,9.2473,9.5481,9.2334,9.1442,8.8126,9.5455,10.044,9.1778,9.3178,9.361,8.9498,9.1136,9.4731,9.5637,9.1161,8.9563,-2.526,938.74,936.57,669.59,269.45,78.059,58.072,14.541,62.195,20.773,8.7163,9.8704,9.8629,9.3001,8.5462,10.516,14.361,687.3,261.61,125.47,70.032,40.31,29.234,57.652,33.257,23.062,13.235,11.862,9.451,9.689,9.4728,9.177,9.9083,9.0921,9.6217,9.99,10.065,9.6019,10.196,9.5897,9.2961,63.202,192.29,83.645,40.944,43.587,39.512,28.48,26.182,26.717,28.032,30.97,29.331,22.97,22.318,23.894,35.635,23.367,19.324,15.684,13.616,11.996,11.684,11.147,10.804,10.233,10.146,10.105,1.4409e-15
1.2422e-15,9.3486,9.254,8.6441,8.3201,8.5933,9.1677,9.6466,9.1773,9.2642,8.9777,8.6709,9.8115,9.7267,9.582,9.4337,8.6213,9.0648,9.9182,9.3125,9.4346,9.3083,15.567,93.286,1032.4,809.67,324.35,81.371,62.821,25.41,77.962,56.709,22.703,10.117,9.6669,9.8,8.9516,9.6589,-0.37574,613.18,156.15,77.487,56.716,38.448,32.335,47.999,43.853,29.602,15.612,12.252,10.053,9.6656,8.9359,9.1265,9.962,9.0284,9.7984,10.275,9.8528,9.0599,10.09,9.1524,9.6545,52.028,191.43,83.095,41.158,46.508,37.081,26.991,25.743,26.866,30.342,30.836,28.064,22.916,20.302,19.174,31.56,19.037,17.052,14.341,12.796,11.392,10.581,10.581,10.342,10.202,10.205,9.7293,1.5688e-15
8.9878e-16,9.231,9.1503,8.8476,9.2081,9.2725,9.0087,9.4511,9.0921,9.0747,8.948,8.5447,9.4655,9.9377,9.7454,9.3905,8.6186,8.6944,10.003,9.5924,9.8699,9.3835,7.975,12.617,1527.1,851.54,357.46,101.01,57.193,46.029,73.863,91.125,30.573,10.404,9.4059,10.062,9.4578,9.9657,59.434,430.72,147.28,61.094,44.899,45.3,32.925,35.482,49.086,33.101,17.876,13.006,10.672,9.8749,8.7161,9.2515,9.8745,9.024,9.8545,10.133,9.6017,8.7767,9.9018,9.0522,9.5858,39.675,147.97,98.445,49.044,48.175,35.609,29.07,27.203,26.948,29.889,27.298,22.735,18.911,16.535,13.358,16.033,15.363,13.96,12.014,11.166,10.72,10.038,9.9713,10.077,10.414,10.254,9.2678,8.8168e-16
1.3321e-15,8.8309,8.5199,8.7192,9.5493,9.6376,9.246,9.2,9.3106,9.0835,9.0434,9.7721,9.8044,9.4097,9.5981,9.5007,9.0059,8.6495,9.4904,10.465,10.157,9.1811,9.0482,9.3224,1490.9,860.09,401.16,138.81,62.997,61.358,52.879,74.184,15.386,10.491,9.0712,9.902,9.1617,9.8923,236.85,312.48,133.54,55.125,36.541,49.642,31.244,26.709,38.599,31.539,17.766,13.437,10.471,10.047,9.4491,9.8812,9.616,9.0516,9.6928,9.9373,9.4752,9.1743,9.6083,9.3019,9.4069,41.12,102.99,94.11,63.535,47.936,36.67,33.782,29.86,28.78,26.888,24.946,20.081,16.941,14.433,11.963,12.509,12.764,11.923,10.542,10.643,10.126,9.9343,9.7417,10.005,10.664,10.31,9.3089,1.5007e-15
9.5642e-16,8.8066,8.4175,8.5359,9.404,9.2111,8.7465,8.5693,9.0585,9.3576,9.9046,9.8164,10.169,9.1649,9.332,9.5187,9.3917,9.3246,9.6063,10.244,9.8093,9.2196,9.5849,9.9606,726.39,1174.7,597.21,282.11,85.438,71.352,42.666,39.216,17.059,11.336,8.998,9.2564,8.9165,7.4383,377.94,260.52,121.93,53.222,41.747,51.936,36.591,27.918,38.617,32.312,28.372,12.982,10.353,10.907,10.291,9.9926,9.6373,8.7155,9.3808,10.074,9.3427,9.4742,8.8628,8.5476,8.2279,20.26,53.87,97.452,48.452,55.485,36.986,32.165,32.565,29.783,26.277,29.092,25.852,25.617,17.114,14.567,15.587,12.757,11.946,10.783,11.209,9.7587,10.62,10.176,10.375,10.842,10.47,9.9373,1.0461e-15
6.0485e-16,9.1294,9.0533,8.5795,9.1142,8.6301,8.5388,8.3107,8.7579,9.3089,10.003,9.3018,9.9139,9.7812,9.3576,9.5879,9.3758,9.6208,9.9562,9.7401,9.7938,9.5578,9.1836,8.5873,127.55,1303.1,776.15,292.96,58.68,63.344,29.382,24.766,28.776,13.394,11.924,11.615,9.554,15.045,449.3,246.92,114.41,49.346,53.632,49.716,46.784,33.079,41.912,41.869,34.056,13.237,10.995,11.327,10.421,9.8297,9.6142,8.4672,9.2582,10.19,9.0361,9.2221,10.599,13.706,11.026,22.672,66.675,101.82,34.578,57.672,34.595,29.941,31.401,29.639,25.915,29.709,30.1,29.304,21.384,16.805,14.865,13.206,11.723,10.78,11.684,9.9094,10.224,10.28,10.541,10.757,10.515,10.552,7.3039e-16
6.5737e-16,9.4057,9.6978,8.8889,9.0445,8.5249,9.002,8.781,8.9153,9.1497,9.3054,9.0978,9.3522,10.186,9.466,9.4992,8.9067,9.4054,9.847,9.5963,10.217,9.8445,9.4062,10.221,13.77,1192.6,908.68,279.8,161.61,70.476,41.013,43.495,58.556,29.561,26.192,16.756,10.867,6.2211,472.16,225.95,105.98,43.021,63.651,42.811,48.065,32.149,35.502,48.636,31.585,14.647,12.127,11.027,10.039,9.8647,9.7149,8.4642,9.5598,10.145,8.7976,8.885,13.552,20.849,15.578,45.476,151.08,110.38,42.586,55.285,32.302,32.359,31.258,29.973,25.483,24.768,27.336,27.283,26.254,19.459,14.375,14.248,12.066,10.898,11.926,10.565,9.5992,10.321,10.593,10.697,10.529,10.696,6.8439e-16
7.1722e-16,9.2782,9.5227,9.2869,9.3142,8.9591,9.3053,9.4506,9.3779,9.541,9.368,9.0438,9.2894,9.0776,9.0722,9.0023,8.4982,9.6242,9.2358,9.3931,10.086,9.7358,9.2771,14.503,-23.263,1295.7,1065.5,664.09,583.42,162.05,116.12,87.098,116.33,73.6,56.951,21.06,12.899,-5.5059,451.83,168.61,90.565,41.131,66.076,38.211,35.067,23.551,21.404,36.857,33.5,15.634,12.716,10.776,9.9224,10.153,10.306,8.5144,10.076,10.062,8.9129,9.2451,13.115,18.026,14.174,42.711,238.71,143.73,71.229,77.382,52.307,44.964,43.761,35.194,29.015,24.594,24.996,34.465,33.388,26.523,24.652,18.12,16.113,13.591,12.929,11.664,11.591,11.406,11.313,11.154,10.829,10.682,1.0218e-15
3.4739e-16,8.8284,9.1395,9.5748,9.4695,9.5068,9.5582,9.7093,9.3657,9.4988,9.5363,9.0658,9.3414,8.5968,8.5693,9.1012,9.1267,9.8948,8.8686,9.054,9.4584,9.5555,9.3545,-12.477,252.23,1300.1,886.83,1311,822.92,341.99,158.99,150.36,123.9,122.25,84.868,25.638,17.497,200.09,350.63,129.69,63.34,52.379,52.578,49.066,43.052,26.723,19.302,29.119,29.369,14.736,12.06,9.8833,9.7347,10.385,10.126,9.1547,9.9897,9.4752,8.6924,9.7449,11.105,11.567,11.081,71.371,282.3,193.76,152.71,160.52,144.62,87.515,68.661,51.891,38.379,33.222,34.98,40.186,38.354,32.073,30.924,22.276,20.883,17.439,14.842,13.985,14.33,12.179,12.33,11.793,11.267,11.777,1.2986e-15
6.5225e-16,8.76,9.0588,9.6218,9.6264,9.4592,9.7259,9.825,9.2319,9.0537,9.4717,9.2687,9.5487,9.1384,8.6251,9.1588,9.9426,9.9136,8.8123,8.893,9.0246,9.4209,9.5965,54.005,567.39,995.68,496.45,1410.4,1235.8,436.73,155.65,140.63,85.204,136.64,81.825,28.501,9.6188,424.02,256.76,105.53,39.615,69.716,50.357,55.784,57.89,36.939,22.713,35.048,20.464,12.787,10.895,9.1542,9.7294,10.2,9.5315,9.9566,9.4315,9.1024,8.7813,9.8682,9.5359,8.2755,9.8345,78.166,235.37,196.02,222.24,269.16,196.66,130.34,84.138,56.347,43.796,38.26,40.37,35.192,32.909,27.611,27.691,24.1,22.704,20.17,17.521,17.313,16.89,13.763,13.889,13.34,12.622,13.438,1.9678e-15
8.5386e-16,9.3614,9.4582,9.6345,9.92,9.1827,9.87,9.9709,9.4751,8.8597,9.388,9.5841,9.7842,9.7112,9.3037,8.721,9.6243,9.6079,8.9523,9.0197,9.0964,9.3721,9.2135,269.05,586.32,547.13,218.4,704.84,1766.3,483.3,232.95,90.998,51.8,115.01,55.315,27.718,41.72,430.99,236.75,79.661,36.364,81.312,70.137,48.635,55.593,39.903,24.714,43.516,15.047,12.017,10.363,9.4233,10.123,9.6799,9.3862,10.119,9.1583,9.4019,9.4591,9.77,9.1389,9.4088,11.17,28.918,120.69,128.01,199.02,325.04,152.64,130.24,84.697,53.237,44.959,36.416,32.223,26.193,24.241,21.573,21.572,23.713,21.54,20.926,19.841,19.732,18.561,16.082,15.405,15.269,14.418,14.008,1.7721e-15
1.6706e-15,9.8172,10.087,9.9812,9.9828,10.215,10.232,9.5919,9.6901,9.1415,9.5327,9.5985,9.3232,9.5371,9.6972,8.9932,8.319,9.092,9.4522,9.0183,9.0852,9.5163,8.3017,452.6,468.45,363.48,129.33,181.78,1212.3,797.57,552.8,227.6,58.294,105.33,57.892,27.472,238.02,348.82,212.7,73.267,50.275,79.695,69.341,50.818,47.846,34.474,37.539,34.927,15.147,12.84,10.618,9.9385,10.348,9.492,9.4704,9.5451,9.6412,9.4233,9.4254,10.104,9.4507,10.484,12.954,16.953,52.129,70.47,96.252,268.11,164.4,96.345,102.29,98.743,61.629,46.301,34.802,31.563,35.428,37.989,22.203,23.716,21.217,20.596,19.47,18.45,17.588,15.385,14.769,14.696,13.949,12.507,1.5505e-15
9.7094e-16,9.6263,9.6165,9.594,9.888,10.676,9.7864,9.2838,9.5732,9.2,9.4213,9.2754,8.7505,8.8565,9.3028,9.4167,8.2603,9.074,9.5934,8.9399,8.9006,9.4218,12.003,561.01,403.66,269.87,95.153,37.481,402.73,718.59,839.49,359.63,127.05,75.946,67.777,40.931,471.1,291.32,174.46,58.865,59.428,48.433,39.016,23.895,40.46,30.726,39.221,18.83,11.902,7.5079,10.226,10.037,9.9879,9.8145,9.1198,9.4168,9.9201,9.1765,9.3282,10.12,9.485,8.8514,8.6271,23.813,32.594,51.757,38.124,131.97,199.1,153.35,137.01,141.52,86.608,55.072,39.687,33.1,37.603,44.159,23.511,21.505,18.502,17.367,15.467,14.463,13.901,12.616,12.662,12.472,12.044,10.855,1.1948e-15
8.1642e-16,9.1652,8.6802,8.8111,9.7001,10.129,9.1617,9.3365,9.1782,8.8761,9.2487,8.9765,8.512,8.5361,8.9538,9.6133,9.2244,9.3132,9.6583,9.1264,8.8445,9.1302,7.2033,568.52,401.49,163.15,54.987,70.886,51.873,267.57,819.74,541.04,194.56,72.617,80.841,38.021,584.91,282.31,129.6,46.741,111.42,63.799,36.831,53.203,42.299,23.74,28.806,15.215,13.435,13.011,10.624,10.078,9.4331,9.8458,8.7959,9.8021,9.5918,8.9336,9.5465,9.5328,9.3296,10.801,19.75,28.192,32.078,52.189,42.027,25.127,187.03,250.69,168.51,117.64,93.762,56.657,43.986,43.214,39.84,35.837,20.803,16.44,13.42,12.691,11.007,10.866,10.118,10.378,10.43,10.155,10.19,9.8114,1.8509e-15
7.9956e-16,9.1604,8.8751,8.8368,9.4055,9.7254,9.6189,9.4707,8.8066,8.6073,9.4744,8.9862,8.5617,9.0797,9.5363,9.7842,9.3411,9.0202,10.169,9.7243,9.0823,9.0346,8.3698,489.99,377.58,121.18,44.328,70.704,55.947,76.501,484.85,818.34,237.79,134.51,97.095,57.117,565.34,281.46,90.175,60.72,218.26,166.38,92.027,241.29,94.538,37.951,54.147,35.016,32.264,42.49,13.541,10.577,9.377,9.1057,9.193,9.8102,9.2029,8.8065,9.6353,8.9602,9.2848,22.35,62.474,34.239,30.429,42.565,34.745,24.293,115.49,220.55,185.87,75.442,76.045,60.29,56.157,80.282,72.562,41.205,18.021,11.838,10.333,10.551,10.091,9.8518,9.0006,9.9939,8.9525,8.7352,9.2289,8.8617,1.0321e-15
6.0385e-16,9.4672,9.0734,8.8873,9.1519,8.9596,9.5458,9.5312,8.6915,8.4765,9.3003,8.8554,8.8739,9.446,9.5638,9.8076,9.4704,8.6248,9.57,10.105,9.0591,8.9872,122.97,488.95,395.71,95.702,43.71,58.604,70.226,44.416,157.33,492.61,455.12,123.94,71.98,340.92,596.58,260.7,91.607,58.288,179.59,136.17,87.354,412.72,278.91,181.45,189.18,66.846,47.574,44.328,14.37,10.455,9.5885,9.4278,9.0473,9.5601,9.3331,8.7256,9.3043,9.1495,8.2274,33.034,78.357,30.82,23.629,34.084,29.706,30.31,49.875,91.491,214.3,231.39,89.573,80.028,79.537,90.236,97.198,60.329,23.849,11.452,10.801,11.155,10.451,9.5566,8.9142,9.5651,8.4293,8.7779,9.384,8.8071,1.3271e-15
1.2738e-17,9.5388,8.6752,8.7593,9.0292,8.4786,9.1025,9.3061,8.9886,8.5833,9.1605,8.7912,9.1571,9.3154,9.1455,9.5489,9.5145,8.7944,8.3571,9.7651,9.1037,9.1774,274.28,512.99,388.95,148.96,60.078,50.534,50.612,51.226,19.398,56.657,473.58,526.49,296.79,524.23,524.81,215.64,123.48,183.31,193.43,153.79,312.45,454.43,447.53,297.95,311.5,123.28,52.817,26.693,13.169,10.019,9.7941,9.7845,9.3137,9.3282,9.7982,8.9409,9.2959,10.417,11.483,56.558,61.362,25.259,19.288,30.397,28.775,22.303,17.844,3.3509,205.21,271.24,125.85,173.32,152.62,97.261,92.125,64.842,26.547,9.2871,8.1177,9.1017,9.6338,10.039,9.1592,8.8428,8.4895,9.2509,9.4921,9.0918,1.2339e-15
-7.663e-16,9.3836,8.387,8.9458,9.1876,8.6649,8.9221,8.951,9.4297,9.0741,9.1052,8.9318,9.2635,8.9882,8.9149,9.1436,9.1732,9.2916,7.7403,8.8249,9.4252,9.3771,300.89,591.36,355.23,234.13,91.623,45.948,58.268,56.853,34.94,13.093,161.12,1118.9,665.06,378.32,280.67,150.16,140.81,374.52,321.11,507.45,678.01,370.88,452.47,294.48,298.32,175.97,48.929,15.903,11.852,9.7267,9.8676,9.2715,10.302,9.3514,10.017,9.3889,9.8973,10.07,18.754,98.673,40.085,25.774,21.862,26.972,26.615,18.026,11.251,9.8858,126.99,62.064,146.77,268.06,258,176.37,110.18,68.553,28.838,12.796,10.441,9.8086,9.6162,10.002,9.5715,9.1502,9.1831,9.3488,9.059,9.3549,2.0176e-15
2.2049e-16,9.5997,9.2966,9.8237,9.7272,8.7787,8.8038,9.0038,9.4126,9.8611,8.4183,8.9513,9.3647,8.8848,8.8648,9.0154,8.9584,9.137,8.0885,8.1386,9.4928,9.1527,164.69,880.82,422.63,148.91,101.1,47.692,66.246,58.859,38.003,16.832,21.358,738.04,531.29,244.27,120.03,75.09,103.83,283.56,243.23,1100.1,518.99,250.32,339.44,312.33,187.76,147.87,35.6,12.506,10.768,9.2855,9.8172,9.1292,10.182,9.717,9.6129,9.4995,10.082,7.0411,25.516,127.81,36.749,27.457,24.73,20.497,24.8,14.523,10.671,12.015,34.106,3.5248,128.36,169.47,292.98,336.36,215.85,143.18,64.021,38.139,27.67,20.395,13.287,8.3211,9.8665,10.64,10.361,9.5551,9.1407,10.014,7.0997e-16
1.01e-15,9.3084,9.4667,9.9893,9.9811,9.1273,8.9217,9.2219,9.2296,9.9119,9.4411,9.2508,9.3324,9.1365,9.0882,9.2894,9.6719,9.5398,9.1458,8.6102,9.3552,10.488,216.83,911.1,431.2,61.809,65.068,42.318,58.907,49.028,26.104,12.817,7.7486,322.89,318.85,148.84,66.255,41.273,51.976,137.37,122.49,981.48,239.53,158.94,252.62,282.63,93.93,79.355,21.722,11.606,9.7792,9.2403,9.685,9.274,9.4675,10.062,9.1363,9.4591,9.1782,20.658,58.449,89.409,36.297,27.994,21.196,18.195,19.176,12.13,10.785,8.9288,0.5017,13.354,61.634,47.758,234.85,300.33,189.88,276.45,146.6,44.78,-14.558,-10.085,7.1561,17.154,10.863,7.1724,8.0681,9.8255,9.534,9.3346,6.6967e-16
1.1292e-15,8.6812,8.8594,9.3193,10.066,9.5977,9.2197,9.335,9.3845,9.4354,10.977,9.8104,9.1296,9.1377,9.2546,9.3606,10.262,10.115,10.037,9.4793,9.3596,8.9263,338.54,616.4,302.4,50.812,34.415,37.181,50.604,34.089,18.267,12.78,11.022,269.29,232.96,80.984,54.934,40.004,64.473,83.95,44.76,336.21,96.573,97.363,153.99,178.01,50.533,26.834,13.417,11.297,10.13,9.7256,9.664,9.7905,8.9598,9.7149,9.2402,9.5806,9.8443,30.207,87.119,39.584,33.208,29.073,18.399,19.128,13.476,11.189,10.246,9.7497,11.471,9.4647,3.9341,6.2213,120.42,112.02,95.092,305.47,297.54,213.87,90.176,62.874,26.59,3.746,11.35,13.521,11.464,9.3846,9.8951,11.761,1.2806e-15
8.6967e-16,8.6587,8.7495,8.8281,10.216,9.6794,9.3289,9.2877,9.8421,9.3208,10.269,10.014,8.9348,8.72,9.0215,8.9337,9.553,9.639,10.001,9.4562,9.5426,11.446,246.31,330.52,130.66,58.009,54.555,47.748,57.07,27.068,13.6,10.453,18.159,224.79,142.94,56.718,38.507,31.063,96.012,62.797,15.57,43.159,43.636,66.751,47.244,73.976,27.642,12.289,10.71,11.912,10.849,10.339,9.8608,10.369,8.9681,8.9998,9.8486,9.8118,13.51,28.086,70.039,54.416,32.686,30.076,23.383,17.223,13.198,11.006,8.9817,10.015,10.527,10.431,7.5226,8.6159,20.437,16.772,106.29,140.88,412.58,554.41,423.52,312.54,104.81,14.443,16.42,21.593,15.417,11.621,12.858,12.759,3.7886e-15
1.2802e-17,9.2317,8.6429,8.836,9.444,9.2945,8.9508,9.1771,9.6689,9.3434,8.8813,9.3513,9.0312,9.3922,8.8193,9.2206,9.2791,8.9245,9.3674,9.05,9.2321,67.425,255.78,221.44,78.311,66.536,50.825,63.779,55.823,24.356,11.532,9.7459,47.546,170.62,81.887,50.168,34.347,26.171,-59.709,8.4867,178.92,92.199,122.5,140.99,268.8,67.042,24.691,12.816,10.549,12.05,7.0458,10.674,9.9786,9.3988,9.3619,10.08,9.7872,9.5915,14.258,91.022,53.098,60.156,30.261,23.027,21.6,14.275,11.962,10.985,9.3433,9.9201,9.0361,10.364,11.753,10.993,0.77539,3.6438,51.763,41.491,186.19,418.1,375.08,345.3,173.2,272.84,76.877,-19.73,-12.946,22.661,21.112,-6.5665,-1.3535e-15
-6.4082e-17,9.7728,8.7431,8.7931,8.5801,8.6606,8.822,9.1883,9.4733,9.2456,9.0669,9.5567,9.3168,9.6765,8.9872,9.3463,9.9846,9.0154,8.6182,9.1519,9.1172,252.82,409.31,192.18,98.35,68.325,46.037,79.038,43.001,20.053,11.068,9.9216,64.638,128.79,66.924,44.296,31.962,26.914,382.9,89.911,261.45,163.34,188.39,186.37,343.37,76.357,32.255,16.594,17.385,11.751,17.401,10.614,9.9917,9.1423,9.6738,10.411,9.6942,9.345,12.905,127.63,61.075,47.386,26.817,20.776,15.584,11.955,10.239,11.109,10.051,10.13,9.9702,9.7047,9.0212,9.2612,12.409,11.192,-1.2942,19.5,-19.808,110.96,128.29,183.43,137.47,432.81,425.09,156.25,87.224,0.52989,-2.3348,53.984,-4.8676e-15
2.5677e-16,9.8201,9.041,8.7036,8.6849,8.4773,9.1015,9.2245,9.4671,8.8851,10.268,10.546,9.7311,9.1955,9.1633,8.9122,10.551,9.685,8.4517,9.5282,9.3519,363.93,625.25,213.69,97.1,61.373,59.013,81.15,29.225,14.364,11.049,9.6988,37.505,162.42,82.344,41.709,27.981,29.482,1114.8,280.99,162.73,114.45,152.04,135.48,167.81,51.199,39.56,20.699,26.717,12.49,10.654,10.913,10.404,10.3,9.9264,9.2894,10.169,9.5765,11.689,69.219,86.976,38.56,25.874,27.342,12.929,10.795,9.9603,10.851,9.7894,10.346,10.359,10.294,9.5933,9.8405,9.9696,9.1799,10.209,9.5502,10.682,7.9814,7.7044,32.447,33.246,276.55,775.92,410.65,253.63,46.881,20.818,213.22,-6.4045e-15
1.6352e-16,9.5158,9.0715,9.2076,9.5708,9.2797,8.979,9.0232,8.9652,8.4882,9.7529,9.9351,10.267,9.7336,8.7303,8.8351,9.5942,9.6545,9.3094,9.1615,9.0743,145.21,771.05,355.07,72.597,53.89,55.603,56.985,24.299,12.566,10.669,9.9553,-0.030497,294.94,94.23,50.955,37.18,31.786,663.99,282.33,138.06,83.928,93.393,93.996,283.31,50.193,40.696,23.163,24.54,14.71,-25.199,12.262,11.469,10.37,10.476,9.6788,10.65,10.365,10.626,7.8907,107.44,42.501,28.547,27.645,14.154,10.434,10.332,9.5475,9.2705,9.6856,9.9364,10.452,9.7066,10.509,9.6938,9.62,11.321,9.069,14.701,4.5386,2.3487,5.0375,7.1998,58.847,471.17,213.79,180.98,292.85,198.81,317.99,1.0423e-14
3.5015e-16,9.4343,9.4473,9.3637,9.5724,9.4683,8.7116,9.0532,8.9751,9.1726,9.416,9.3412,10.234,9.8414,8.7659,8.3183,8.9082,9.3671,9.8476,9.3206,8.9296,363.01,455.41,301.21,118.06,66.067,50.299,31.713,18.777,11.463,10.113,9.8547,92.564,243.2,74.984,46.429,38.164,28.532,135.54,139.6,110.59,70.974,61.103,70.352,263.89,42.961,29.356,20.234,17.747,12.939,188.81,12.105,11.087,10.155,10.334,10.006,10.509,11.84,10.586,131.94,115.49,45.701,29.444,20.584,12.132,10.106,10.883,9.203,8.9179,8.9889,9.4722,9.4642,10.053,10.592,10.25,10.259,8.9499,9.6567,6.7912,11.559,12.631,11.894,10.622,-12.234,111.73,27.271,55.394,287.81,192.37,215.58,8.6699e-15
1.1825e-15,9.3336,9.9728,9.2553,9.0767,9.0398,8.634,9.2103,9.4428,10.029,9.6428,9.3438,10.067,9.6243,9.1456,8.27,8.8925,9.289,9.8184,9.8119,8.9464,955,204.48,148.73,143.84,77.412,45.12,20.817,14.764,10.564,9.6182,9.3314,365.29,132.98,52.363,33.286,30.594,23.419,19.836,31.601,63.522,59.293,50.124,46.477,86.139,25.485,21.723,16.36,15.244,12.37,354.68,11.548,10.113,10.534,10.551,9.7762,10.585,12.499,11.833,240.1,101.69,51.497,30.932,18.437,11.777,11.342,11.175,9.4616,8.8793,8.7797,9.2549,8.6051,10.382,10.261,9.7961,9.7403,9.9135,9.0531,9.5951,9.2196,8.9873,9.2941,9.4917,14.628,-1.2922,9.3799,4.3148,89.419,51.019,48.383,1.8522e-15
1.9273e-16,8.7713,9.9855,9.4758,9.2167,8.9582,8.7777,9.173,9.576,9.762,9.7409,9.4872,10.289,9.8204,9.2436,9.4633,8.8441,9.3613,9.6446,9.6936,9.0522,1218.9,517.33,132.56,63.786,63.451,34.454,21.048,16.952,10.832,9.5207,9.1354,585.66,184.64,66.723,34.439,30.318,22.558,24.337,42.011,44.088,44.635,37.445,28.24,27.507,23.021,29.206,17.259,17.792,17.502,154.42,12.534,10.437,11.256,11.741,9.7949,11.322,11.393,13.794,123.69,93.934,62.923,35.245,25.608,17.719,13.739,10.95,9.3254,9.234,9.0546,9.2265,9.0668,9.9157,9.75,9.4069,9.585,9.621,9.3615,9.8189,10.025,9.7027,9.4696,9.4538,10.557,6.8088,9.6077,8.3306,13.059,10.695,9.9835,6.4512e-16
6.9488e-16,8.1949,9.5063,9.7281,9.3951,9.1709,8.9144,9.1848,9.224,9.241,10.212,9.8862,10.043,9.4972,9.4481,9.9038,8.8368,9.1943,9.1539,9.2725,9.8715,840.4,656.34,116.05,40.65,47.486,28.894,20.102,15.588,10.277,10.281,9.6752,290.96,195.2,102.84,49.468,40.706,23.472,22.981,31.644,34.348,23.201,25.752,53.026,70.681,43.579,28.016,19.359,16.371,17.51,27.496,12.898,11.185,11.148,11.231,10.264,10.939,10.594,15.259,60.255,167.68,59.402,34.336,22.872,18.162,11.78,10.623,10.102,10.043,9.6632,9.5448,9.7282,9.6445,9.1049,9.6223,10.095,9.5705,9.8165,9.6309,10.384,10.452,10.035,9.6988,7.9742,12.491,9.9849,11.197,5.7676,8.9993,9.5644,7.2786e-16
1.0313e-15,8.3723,9.4478,9.7611,9.1624,9.187,9.2526,9.3927,8.8106,8.8667,10.131,9.9256,9.4961,9.1791,9.1836,9.612,9.1341,9.2808,8.9846,8.8679,9.5575,611.22,623.73,171.92,53.548,37.262,26.89,17.528,13.132,10.457,10.655,9.6142,-30.575,184.99,99.61,46.254,42.968,22.911,18.295,12.472,31.563,22.196,24.648,61.548,82.977,46.204,20.251,18.103,13.086,14.22,10.629,11.759,11.174,10.674,10.508,10.333,10.559,10.571,14.255,40.687,203.33,57.154,34.027,18.822,16.175,10.517,11.874,10.398,10.614,9.829,10.14,10.315,9.7343,9.3409,9.9902,9.8845,9.5875,9.7231,9.3606,9.8513,9.7641,9.423,9.6565,9.8174,8.4568,9.9926,9.4333,10.557,10.21,10.102,1.2891e-15
9.5255e-16,9.0199,9.8426,9.7549,8.7879,9.0307,9.7488,9.7464,8.9012,8.8692,9.3594,9.4959,9.3059,9.2794,8.6243,9.2277,9.5531,9.6048,9.3164,8.735,8.3039,762.37,546.76,239.05,61.402,32.66,23.918,15.6,12.359,11.294,10.065,9.3509,53.345,169.35,59.81,29.874,32.081,22.477,22.517,12.95,30.422,35.27,28.412,33.645,35.61,23.832,14.036,14.041,10.69,11.801,11.643,10.54,10.672,10.801,10.606,10.246,10.821,10.877,12.16,63.176,140.71,61.529,35.11,19.065,15.74,12.408,13.41,10.17,10.449,9.6288,10.412,10.529,10.107,10.307,10.098,9.1764,9.3593,9.2461,9.0427,9.353,8.951,8.6581,9.4604,9.5012,9.64,9.8394,10.159,9.7147,9.512,9.9458,5.6593e-16
7.2074e-16,9.1104,9.7997,9.9384,8.9737,9.2802,10.05,10.005,9.5991,9.4189,9.0173,9.1274,9.6358,9.3981,8.7751,9.0743,9.6261,9.4849,9.627,8.9394,8.7487,746.29,426.74,139.91,75.128,33.267,19.435,14.161,11.56,10.571,9.3294,10.421,354.19,98.862,49.865,35.543,23.593,25.609,19.963,13.131,20.128,25.805,21.483,17.34,14.755,13.021,10.939,11.755,9.5169,10.992,10.566,11.063,10.982,11.718,10.666,11.107,10.822,11.04,12.532,185.54,95.055,58.574,30.866,17.669,14.956,13.305,12.153,10.953,9.787,9.9767,9.984,10.067,10.598,10.567,10.017,9.5084,9.2871,9.2008,9.4742,9.2688,9.2954,9.324,9.5144,9.48,9.6301,9.8426,9.8786,9.5077,9.1822,9.5142,1.0744e-15
5.9204e-17,9.0916,9.5508,9.5571,9.7162,9.998,10.24,9.8417,9.8509,10.11,9.3743,8.6739,9.2088,9.1908,9.2986,9.3528,9.5803,9.1088,9.881,9.0776,10.451,829.96,543.41,92.323,65.269,36.562,16.899,12.985,11.774,9.8505,9.0791,10.198,293.99,84.554,66.922,33.438,23.055,26.008,14.442,14.991,11.035,14.591,13.793,11.709,11.309,11.421,10.496,11.228,14.717,12.385,10.511,11.146,11.671,11.825,11.181,11.813,10.574,11.009,13.141,201.37,230.08,61.11,27.436,21.294,12.837,11.966,10.797,10.972,9.4977,10.675,10.393,9.9937,10.389,9.9755,9.971,9.294,9.357,9.9278,10.011,10.072,9.8576,9.621,10.013,9.7735,9.4872,9.9541,9.6515,9.7,9.4179,9.1647,9.6163e-16
9.2543e-16,9.2883,9.3052,9.0172,10.031,10.185,9.9138,9.5022,9.7318,10.2,9.6028,8.5943,9.0119,9.1441,9.6681,9.4712,9.2118,9.1643,9.983,9.534,7.3988,1153.9,656.43,138.68,48.217,36.38,17.847,12.099,12.223,9.9057,9.4992,9.3187,241.48,165.99,82.938,27.352,24.486,22.796,12.714,15.856,14.324,13.095,12.428,11.518,10.794,11.92,10.994,10.705,18.174,13.76,11.424,10.64,11.325,10.362,11.406,11.546,10.124,10.491,7.1573,82.185,304.64,75.03,30.489,26.829,15.316,10.721,10.32,9.984,9.7681,10.805,10.642,10.099,9.8592,9.2967,9.8879,8.8498,9.6324,10.236,9.9234,10.394,9.7049,9.2681,10.264,9.8543,9.7469,10.137,9.9567,9.7439,9.3871,9.1474,8.9646e-16
1.5462e-15,9.4429,8.9699,8.9503,9.4626,9.5201,9.2371,9.3727,9.6503,9.5705,9.2166,9.0277,9.6275,9.3536,9.5286,9.1009,8.6034,9.6115,9.7044,10.254,8.1413,1414.8,565.22,171.85,45.573,29.098,19.564,11.645,11.573,10.184,10.171,9.3253,525.7,247.78,80.42,34.265,23.811,18.923,14.723,12.472,24.305,15.962,14.827,13.221,10.426,11.565,10.8,9.5806,13.697,13.118,11.194,10.435,10.555,9.3145,11.094,10.684,10.097,10.237,7.5226,22.293,150.07,81.463,33.461,25.419,21.235,11.097,10.177,9.1298,9.9296,9.9775,9.8575,9.8497,9.7293,9.3315,9.6217,8.9338,10.024,9.5832,9.2974,9.5007,8.9384,9.0469,9.9811,9.7871,9.8067,10.294,10.292,9.7884,8.9988,9.4023,6.9661e-16
6.2747e-16,9.0493,8.4586,9.0352,9.0844,9.4208,9.458,9.419,9.3127,9.1652,9.0537,9.0999,9.0823,8.8287,8.9247,9.0357,8.6204,9.2831,9.0295,9.9365,35.895,1054.4,632.81,133.04,37.755,20.311,17.027,11.665,10.246,9.8749,10.247,9.299,497.43,187.94,73.742,44.8,27.409,16.103,12.721,9.8687,18.164,13.938,12.79,11.427,11.129,10.826,9.7415,9.5293,11.025,11.716,11.2,10.211,12.487,12.064,11.712,10.616,11.517,11.961,43.432,219.81,76.261,51.917,21.045,15.62,16.117,10.971,10.293,9.3502,9.2198,9.1454,9.8121,9.7254,9.8381,9.9905,9.3725,8.7788,10.153,9.6245,9.2311,9.2372,8.692,9.1443,10.113,10.281,9.6054,10.213,10.251,9.842,9.5025,9.5263,2.9007e-16
2.4598e-17,9.0573,8.9073,9.2645,8.8735,9.3972,9.3973,9.3555,9.0803,8.8244,8.9704,9.3802,9.1154,8.609,8.8771,9.4439,8.6761,9.1497,9.2453,9.3229,39.671,471.21,722.83,145.24,35.641,23.003,15.611,11.925,9.742,9.9557,9.821,9.4877,214.47,208.53,91.345,48.336,29.798,15.593,11.668,10.305,12.003,11.449,9.915,9.1473,10.367,10.126,9.5873,9.9369,9.8684,10.718,11.189,9.5204,12.699,12.08,11.268,11.36,11.672,11.8,42.252,212.76,48.789,52.849,20.79,17.087,13.064,11.708,10.831,10.208,9.4582,8.9275,9.4819,9.9505,9.6592,9.7855,9.9482,9.3161,10.335,10.143,10.016,9.3796,8.8582,9.1445,9.9864,10.423,9.8456,10.102,9.9784,9.6646,9.7926,9.6197,1.3733e-16
6.6987e-16,9.4495,9.7749,9.3177,8.8416,9.2062,8.8806,9.1274,9.0677,8.7532,8.7891,9.4242,9.4807,8.7281,9.1395,9.6248,8.7172,9.4129,10.001,9.4646,15.774,156.63,564.03,176.62,41.913,27.508,15.567,11.715,10.004,10.193,9.4601,9.8893,79.551,291.89,113.18,42.811,28.348,16.45,13.016,11.875,12.593,11.044,9.9773,8.6909,8.3882,9.6216,9.7274,9.9988,8.7876,10.11,10.886,9.2422,11.445,9.6701,10.076,11.938,10.376,9.8148,7.5959,5.6119,37.599,72.644,30.171,25.308,15.414,12.366,10.996,10.611,10.206,9.1359,8.8308,9.803,9.3599,9.1041,10.385,10.016,10.207,10.219,10.608,9.3574,8.9707,8.783,9.3255,9.8253,9.85,9.8519,9.8339,9.2766,9.3918,9.5178,8.8379e-16
7.9989e-16,9.3022,9.531,8.903,9.1652,9.2945,8.9334,8.9313,8.9836,9.2781,8.6327,8.5471,8.512,8.4745,8.8803,8.9728,9.2033,9.3252,9.8119,10.309,8.8949,353.44,233.66,101.39,43.073,18.713,13.112,10.669,9.81,9.6352,9.6342,9.7821,332.6,227,96.527,36.691,26.075,16.167,13.434,11.714,10.49,10.291,11.688,9.1433,8.1978,9.4703,8.6147,9.6744,8.6023,9.4053,10.629,10.202,12.587,10.71,10.167,11.415,9.9946,9.7144,8.6589,16.602,94.076,47.9,25.125,21.589,13.845,11.786,10.07,10.094,9.6426,9.3746,8.9565,8.8597,9.4615,9.5062,9.4065,9.5641,9.3527,9.5157,9.9124,9.1759,8.9822,8.4904,8.8349,9.2326,8.8338,9.3944,10.048,9.1974,9.1586,9.1508,3.228e-16
6.9058e-16,9.0182,9.2273,8.8551,9.3832,9.5439,9.1144,8.884,8.7537,9.2786,8.5749,8.9249,8.7836,9.2317,9.461,8.6288,9.3786,9.4032,9.4167,10.139,9.2388,1082.5,466.59,73.978,35.722,25.013,14.546,10.364,9.5585,9.7807,10.064,8.6597,584.35,189.21,71.362,42.711,23.228,13.937,16.129,11.685,10.32,10.001,10.861,9.9295,9.6275,10.011,9.2867,9.3458,9.1962,9.3675,10.658,10.06,11.775,10.658,9.5993,10.345,10.089,10.209,11.706,43.523,148.33,47.641,32.679,24.739,13.656,15.808,9.8825,10.209,9.8939,10.137,9.0011,9.2463,9.4735,9.9058,9.5401,9.5835,9.327,9.1681,9.2643,9.2295,9.604,9.4146,9.1961,9.5223,9.3938,9.7259,10.379,10.158,9.6672,9.6179,1.8546e-15
9.5196e-16,9.3534,9.3159,9.2094,9.5999,9.622,9.1727,9.1803,8.8752,9.1713,8.6912,9.3688,9.6483,9.9305,9.9789,8.8623,9.0442,9.7074,9.5434,9.452,9.4105,1045.7,678.14,142.1,46.036,30.463,16.019,12.629,9.7927,9.9978,9.5601,8.7679,490.99,197.51,73.856,44.58,22.322,13.902,15.77,11.417,11.324,10.46,9.3727,9.8955,10.284,9.9486,10.545,9.523,9.6779,9.7522,10.111,9.514,10.365,10.189,9.4277,10.056,10.109,10.128,9.3202,35.246,155.77,63.729,37.931,25.029,13.342,16.438,9.9677,10.81,10.567,10.025,9.0312,9.9143,9.2567,10.052,10.17,9.5774,9.5243,9.1503,9.4156,9.3226,10.282,10.055,9.7231,10.345,10.204,10.009,10.312,10.569,10.076,10.111,1.2637e-15
1.1157e-15,9.9361,9.3258,9.4574,9.8579,9.3901,9.1075,9.4783,9.3092,9.2469,8.9655,9.0066,9.7864,9.6872,9.6316,9.2275,8.8643,9.8852,9.9606,9.2499,9.2546,38.94,453.71,237.49,70.963,21.452,14.393,15.89,10.504,9.7585,9.2063,10.609,285.49,203.84,94.504,37.62,22.2,16.587,11.324,10.458,11.02,10.733,9.6225,9.2574,9.6297,9.1162,10.626,10.191,9.5149,9.9595,8.7945,9.9218,10.425,10.69,10.385,10.5,10.062,9.6008,9.6989,34.986,124.91,61.102,26.652,15.901,11.374,11.418,9.7796,10.925,10.46,8.8475,9.2808,9.7504,9.1875,9.9221,9.8492,9.0034,9.1003,9.1525,9.7795,9.3939,10.327,9.5508,9.8684,10.673,9.6732,9.7684,9.9356,9.7595,9.8053,9.9849,6.1522e-16
1.2426e-15,9.3549,8.7344,9.2626,9.6944,9.1368,9.0341,9.0857,9.2859,8.7502,9.2414,9.6658,9.8212,9.698,9.5896,9.3383,9.5967,9.6429,9.7711,9.3472,9.4628,-84.144,495.81,282.52,70.244,22.556,15.089,15.112,11.23,10.263,12.053,10.903,579.86,220.97,80.324,46.188,17.833,15.608,12.287,10.202,10.481,9.7165,9.9183,9.9021,10.202,9.5726,10.597,10.607,9.2394,9.7914,8.2653,10.616,10.054,10.038,10.371,9.8737,10.226,9.5036,9.7644,26.506,99.981,47.622,21.709,16.754,12.128,13.695,10.278,10.187,9.8642,9.1103,9.3998,9.993,9.6656,9.136,9.0898,9.0444,8.7843,9.3785,9.2429,9.7938,9.9661,9.6454,10.09,9.9293,9.2411,10.221,10.067,9.7,9.6487,10.211,7.0763e-16
6.389e-16,9.2632,9.0189,9.1044,9.2118,9.3439,9.4477,9.4658,10.027,9.2171,9.3833,9.7097,9.5736,9.39,9.8546,9.6077,9.588,9.2771,9.9161,9.6947,9.4386,49.42,378.3,368.06,121.41,31.973,15.756,12.162,12.524,10.811,12.61,10.451,498.3,192.6,61.235,45.389,19.778,13.66,13.2,10.185,10.164,9.485,9.8674,10.004,10.349,10.099,10.196,10.483,9.5854,8.9495,9.5804,10.291,9.9899,10.284,9.7653,9.3494,9.8581,9.0951,9.7211,23.168,98.618,45.339,27.392,18.98,13.419,14.137,10.165,9.2045,9.7299,10.216,9.7384,10.131,9.7298,8.7664,9.1177,9.5917,9.0417,9.2996,9.4638,9.5973,9.5174,9.7933,9.7262,9.5348,9.6737,10.652,10.157,9.8774,9.9589,10.499,6.3472e-16
9.5224e-16,9.6661,9.5558,9.0163,9.1028,9.665,9.5887,10.069,10.627,9.8854,9.3524,9.3189,9.3719,9.2743,10.062,9.8155,9.129,9.2547,10.033,9.6705,9.0311,2.1041,86.105,527.17,222.03,58.607,22.16,14.143,13.586,11.412,10.586,10.221,191.14,157.02,70.305,34.72,23.348,12.156,11.683,11.239,10.315,10.031,9.905,9.5304,10.001,9.5751,9.7315,10.262,9.8456,8.4937,11.06,9.6454,10.465,10.519,9.4141,9.6418,9.385,8.7933,9.7252,26.838,106.47,50.693,30.505,16.189,12.789,11.139,9.55,9.2478,10.319,10.655,9.9074,9.9157,9.3435,9.3658,9.5358,9.6213,9.2716,9.1916,9.8885,8.8484,9.3659,9.671,9.157,9.7499,10.176,10.345,9.9666,9.8956,10.054,10.175,6.6668e-16
6.6842e-16,9.4384,9.0381,8.85,9.5945,9.4804,8.7143,9.4127,9.6228,9.2555,9.3463,9.7612,9.6163,10.053,9.9852,9.4612,9.4845,9.6243,9.2483,8.9494,8.8623,6.2755,9.0492,592.02,283.26,92.29,38.691,28.559,14.959,12.792,10.461,10.532,365.17,176.92,96.432,34.487,19.462,12.394,10.834,13.312,10.894,10.145,10.172,10.062,10.224,8.7982,9.6457,10.321,9.3205,9.4269,10.542,10.117,10.567,8.939,9.4939,10.039,9.5486,9.4807,9.3938,27.652,110.81,51.928,24.107,14.986,13.054,11.156,9.7217,10.452,10.901,10.012,9.5978,9.7116,9.1652,10.199,9.5416,8.901,8.8338,9.5077,9.0932,8.6522,9.5986,9.5819,9.2056,9.6866,9.9166,9.5869,9.7505,9.9055,9.3436,9.3416,9.0995e-16
7.0925e-16,9.5876,9.3709,9.2035,9.3611,9.2306,8.528,8.8776,9.2375,9.4987,9.7753,9.5397,9.5127,9.9821,9.7203,9.1161,9.3552,9.6205,8.908,8.9446,9.5129,12.009,8.0117,241.85,270.81,85.89,50.414,47.301,20.041,14.377,12.138,11.929,306.68,163.01,80.12,37.031,23.672,20.848,11.462,11.797,11.147,11.252,9.7072,11.132,9.5528,10.191,8.9695,9.9083,9.7995,10.062,9.6437,10.679,9.6316,9.1833,9.4008,9.4284,9.2574,10.002,9.4463,29.1,137.77,69.219,32.399,26.671,22.622,11.846,10.418,10.081,10.358,10.038,10.155,9.6832,8.9864,9.6866,10.438,9.5152,8.7428,9.3134,9.1665,9.6678,9.6148,9.5196,9.14,9.207,10.206,9.6095,9.5231,9.6673,9.0356,9.5428,1.2231e-15
4.3363e-17,9.6378,9.4943,9.5975,9.568,9.3196,8.9463,9.1314,9.4502,9.7553,9.8175,9.36,9.4551,9.5428,9.6368,9.6824,9.6636,9.6903,8.9317,9.5834,9.9328,8.8285,9.1076,-43.257,388.53,315.99,80.644,-7.7548,8.0511,12.781,10.667,12.101,249.22,149.04,53.472,33.919,24.531,25.813,12.836,10.55,10.619,11.761,9.6282,11.11,9.394,10.932,8.6952,9.5852,10.134,9.9112,9.5452,10.13,9.0286,9.5838,9.8233,8.8555,9.4744,9.7344,9.9304,27.86,136.2,87.172,39.87,29.849,25.426,11.594,9.8633,9.4585,9.7171,10.216,10.067,9.7925,9.1357,8.6177,10.441,9.777,9.1797,9.1248,9.7056,10.305,9.7645,9.9057,9.0991,8.7171,10.155,9.8327,9.4076,9.4905,9.3663,9.8673,1.1496e-15
3.4964e-16,9.1856,8.8899,9.5035,10.337,9.4681,9.0806,9.538,9.3819,9.2945,9.5025,9.7735,9.8104,9.5471,9.6076,10.397,10.573,9.919,8.795,10.043,9.6574,9.7925,9.3151,10.168,491.4,576.53,365.87,97.905,37.219,19.162,16.128,12.111,366.78,166.04,53.676,29.836,20.543,22.482,14.319,12.864,10.369,10.941,10.203,9.969,10.34,9.529,9.235,9.6318,9.8619,9.4761,10.05,9.2988,9.3663,9.0749,10.269,9.4577,10.173,9.4083,10.386,33.362,145.03,90.468,36.976,19.366,16.742,10.946,9.3522,10.042,9.8477,9.9132,8.9451,9.8432,9.5153,8.5198,9.243,9.0066,9.5762,9.2117,9.5981,9.9248,10.002,10.26,9.5888,9.2029,9.6879,9.7756,9.6365,9.8069,9.8631,9.4744,6.4398e-16
3.6132e-16,8.9262,9.1999,9.1793,9.7067,9.0496,8.7021,9.1461,9.0238,9.3167,10.006,9.8679,10.093,9.7286,9.2384,9.4447,10.38,9.53,8.6376,9.9029,9.6439,9.4566,9.5499,18.452,136.49,215.62,1002,690.17,226.27,52.578,37.605,15.892,243.53,164.62,62.576,35.74,29.638,21.756,15.847,15.254,11.748,10.616,9.9769,9.8116,10.611,8.9203,9.3191,9.3732,10.54,9.4204,10.108,10.197,9.5079,9.9237,9.0988,10.667,9.6014,10.129,10.27,59.309,272.22,86.603,40.998,21.271,15.341,11.57,12.229,10.694,10.079,9.7434,8.9286,9.6174,9.3848,9.6632,9.452,9.3619,9.4557,9.0117,8.971,9.8928,9.5702,9.4142,10.47,11.005,10.288,9.9806,10.185,10.47,10.007,9.144,7.8263e-16
-9.2284e-17,9.1759,9.7139,9.32,9.1193,8.9582,8.9876,9.4412,9.3719,9.5094,9.8826,9.89,9.8926,10.017,9.8971,9.394,9.9529,9.262,9.1788,9.9218,9.6664,8.823,9.4268,6.3007,-46.719,-24.506,720.99,811.67,463.69,93.648,14.882,18.514,166.36,141.54,56.176,31.958,26.443,17.619,16.386,12.89,11.06,10.323,10.165,10.855,10.813,9.6347,9.1644,9.2476,10.551,9.7596,9.9071,10.005,9.9323,10.171,9.1094,10.294,9.5162,9.843,9.3955,56.488,270.81,77.795,40.921,24.086,15.583,13.309,12.123,10.216,9.805,9.6806,9.1513,9.2415,9.1787,9.8157,9.7369,9.4757,9.7899,9.6649,9.1249,9.5797,9.3382,9.0177,10.066,10.504,9.8214,9.964,9.9348,10.089,9.7986,9.3019,7.6389e-16
1.1968e-15,9.4497,9.7089,9.7278,9.1243,9.0485,9.2356,9.6198,9.814,9.4585,9.2599,9.6237,9.4072,10.03,10.474,9.8417,9.6785,9.2385,9.6507,10.131,9.7209,9.2228,9.2152,10.528,19.71,18.096,11.689,398.83,433.18,247.7,136.34,62.781,287.35,150.16,55.523,30.166,16.434,15.101,15.352,10.039,9.4984,10.187,10.6,11.456,10.858,10.332,9.662,9.3735,10.09,9.7612,10.044,9.0062,9.9749,9.4684,9.7444,9.2869,9.6889,8.6806,8.9432,30.253,126.8,79.221,36.734,20.406,13.434,13.505,10.55,9.8331,9.5916,9.7394,9.1551,9.4687,9.1473,9.4878,9.4679,9.1517,9.9965,10.232,9.7752,9.3786,9.6429,9.3686,9.3058,9.1544,9.3509,9.8726,9.0419,9.4383,9.8133,9.717,6.5164e-16
1.967e-15,9.2399,9.3063,9.7911,9.4032,9.0362,8.6048,8.5353,9.2888,9.327,9.2862,9.0117,9.042,9.4493,9.5457,9.2705,9.3821,9.0621,9.236,9.9507,9.7991,9.9816,9.3515,9.2633,12.306,12.263,-7.526,74.084,78.574,445.57,402.58,209.11,459.47,201.15,77.714,44.011,21.346,19.963,13.852,11.698,9.8872,10.433,10.659,10.456,10.25,10.108,10.884,9.6544,10.406,8.9522,10.604,9.2858,9.1396,9.1266,9.2441,9.4575,9.03,8.413,9.6082,19.536,40.293,97.236,38.644,18.124,11.685,11.627,11.548,10.542,9.9767,9.8837,9.1769,10.464,9.2699,9.9904,9.2083,9.1677,9.365,9.5032,9.7713,9.8219,9.8969,9.6182,9.7499,9.8717,10.504,10.123,8.7174,9.7211,10.118,9.8221,8.8252e-16
1.3298e-15,9.001,9.2393,9.5571,10.238,10.027,8.8976,8.322,8.5933,9.7345,9.7458,9.1593,8.7858,8.7017,9.1127,9.5455,9.3862,8.8617,9.2499,9.2551,9.2998,9.2817,9.2351,8.9744,6.5064,8.0926,25.767,-3.6291,-19.737,209.16,203.23,424.08,458.51,182.48,73.71,39.998,32.578,19.042,14.306,11.563,9.7145,9.9808,11.34,9.565,9.6806,10.323,11.147,10.289,10.875,8.286,10.671,10.097,9.1895,9.5982,9.5865,9.3971,8.8632,9.3603,9.5727,23.664,113.27,102.64,47.903,30.082,14.335,13.177,10.256,9.998,10.055,9.7235,9.1464,10.674,9.6393,9.7076,9.2956,9.2172,9.4342,9.1893,9.1554,9.6937,9.3845,9.6993,9.9513,9.9818,10.477,10.335,9.6617,9.6201,9.4907,9.358,9.8726e-16
1.0723e-15,9.0646,8.9806,9.2438,10.229,10.337,9.5486,8.9432,8.6542,9.6599,9.7546,9.2086,8.8236,8.529,9.3459,9.8524,9.4824,9.2781,9.8384,9.0951,8.9963,8.9713,9.3059,9.3482,10.46,10.958,3.7655,13.887,20.675,-21.979,-23.658,335.21,410.19,166.07,56.806,28.869,35.695,16.115,12.501,10.269,9.6443,9.4976,10.315,9.5943,10.025,9.7858,10.815,10.359,10.26,8.8483,10.282,10.449,9.2365,10.092,9.7468,9.4081,9.6427,9.6886,9.3737,22.307,114.92,92.77,51.784,34.848,20.973,15.369,10.379,10.234,10.782,9.3572,9.3529,10.324,9.9531,9.6937,9.5607,9.3161,9.6259,9.2289,9.1304,9.5219,9.5208,9.8158,9.4143,9.6912,9.9991,10.128,10.291,9.5737,9.2385,9.2138,1.1626e-15
8.0127e-16,9.4921,8.6945,9.0217,9.3618,9.4951,9.6132,9.3648,8.9683,8.8763,9.1746,8.7538,9.2348,9.148,9.5291,9.5724,9.5249,9.8188,10.074,9.3153,9.1989,9.7592,9.5738,8.9587,8.647,8.9027,10.034,8.7912,8.9217,11.858,12.744,20.207,374.99,173.1,53.516,25.467,26.859,15.309,11.89,10.057,10.429,9.5002,8.1979,9.9295,10.671,8.779,10.259,9.8402,8.9985,9.8328,9.899,10.111,9.3097,9.9224,9.2886,9.6996,10.248,9.2699,9.1253,15.156,28.417,79.997,45.459,25.471,25.308,15.283,12.749,11.363,11.304,9.074,9.5197,9.8328,9.9498,10.049,9.7571,9.6228,9.5203,9.2934,9.4621,9.6083,10.224,9.9047,8.9292,9.7752,10.089,9.7008,9.8994,10.094,9.9283,9.5503,2.1407e-15
1.9393e-16,9.8753,9.2363,9.0372,9.3321,9.2036,9.1846,9.0814,8.4416,8.6312,8.8655,8.7418,9.6866,9.8328,9.2021,9.3874,9.6738,9.3185,9.2681,8.7825,9.2886,9.9014,9.5137,9.3188,9.5086,9.847,10.666,8.6559,8.2975,14.784,14.707,-8.3339,257.54,128.17,63.574,26.465,16.262,13.613,19.604,10.645,10.94,9.5412,8.624,9.5268,10.114,9.4064,9.2582,9.6634,8.8605,9.2793,9.627,9.7674,10.521,9.3785,9.5505,9.5993,9.3873,9.7153,8.3671,24.372,102.99,74.013,39.605,23.467,21.926,13.761,12.476,10.74,9.7374,9.1439,9.1774,9.2396,9.6512,9.3676,9.891,10.164,9.7611,9.6052,8.8953,9.4376,9.7789,9.7847,9.4958,9.9012,10.161,9.6337,9.5666,10.556,10.297,9.6081,8.2703e-16
3.4599e-16,9.1217,9.2677,9.5628,9.5832,9.2417,9.0379,9.0397,8.9673,9.3311,9.2934,9.5255,9.4068,9.2695,8.6616,8.9005,9.9046,9.193,9.19,9.1544,9.4865,9.6517,10.061,9.8281,9.643,9.9942,10.19,10.183,11.316,7.5986,7.5121,23.44,224.42,121.75,59.635,29.698,16.136,12.495,17.867,10.382,9.6869,9.5032,8.9926,9.2978,9.5058,10.031,8.9773,8.9521,9.1895,8.4453,8.6456,10.255,10.038,9.6524,10.169,9.1445,9.1515,9.254,9.6548,45.548,184.93,67.479,44.626,34.397,22.026,11.185,11.338,10.832,10.144,9.7819,9.7268,9.4931,9.2866,9.3112,10.273,10.668,10.22,9.9449,9.4389,9.5563,9.7801,10.035,10.047,9.4833,9.5445,9.7363,9.5289,9.6724,9.9883,9.9051,7.8266e-16
1.2452e-15,8.6049,9.1,9.6872,9.5827,9.1924,9.4221,9.1564,9.5619,9.7358,9.4192,9.793,9.2822,8.5919,8.5852,8.7216,9.5998,9.5575,9.7752,9.7897,9.6101,9.53,10.268,9.7121,9.3172,9.0682,10.243,9.8001,10.393,10.557,11.37,3.9784,279.39,145.88,48.814,33.019,22.682,12.82,11.157,10.354,8.5804,9.7304,8.7037,9.5158,9.9648,9.8118,9.8061,8.5664,9.3985,8.7305,8.3203,10.531,9.3009,9.7984,10.064,8.8738,9.8282,9.1334,7.4751,36.068,209.26,62.984,45.519,35.438,21.987,13.044,11.41,11.103,10.671,10.179,10.145,9.8706,9.6716,9.8539,10.171,10.436,10.399,9.9951,9.9378,9.6453,10.037,10.04,9.8,8.7613,8.7455,9.6807,9.4599,8.6275,9.3684,9.8245,6.2777e-16
1.8368e-15,9.4552,9.5729,9.1403,9.4732,9.0584,9.7876,9.2004,9.0839,9.2522,8.8963,8.8993,9.7699,8.9836,9.0614,9.3405,8.9084,9.7815,9.9792,9.5501,9.5437,9.7546,9.3907,9.0256,10.099,9.2663,8.6946,9.1947,9.1503,8.7564,9.5268,5.6634,270.36,139.8,47.573,31.352,24.852,14.096,10.553,11.296,9.3946,10.183,8.8742,9.9423,10.791,9.3372,10.905,9.4712,9.4857,9.9103,9.4144,9.9953,10.24,9.1946,9.1667,9.1838,10.114,10.232,7.9134,31.865,189.96,60.041,32.41,18.721,15.71,17.746,12.25,10.463,9.0199,9.6738,9.472,9.5648,10.513,10.162,9.493,9.5949,10.064,9.7564,9.0713,9.3996,9.6212,9.3445,9.0784,8.5891,8.6199,9.364,9.2272,8.8575,8.9624,9.1089,6.6883e-16
1.9825e-15,9.7607,10.012,9.5931,9.7683,9.2484,9.3272,9.8304,9.571,9.5932,9.5565,8.7385,9.1984,9.0887,9.0991,9.7023,9.5134,10.042,9.7553,9.521,9.7781,10.086,9.1992,8.8297,9.3223,9.9659,9.6578,9.7825,9.7301,8.4686,9.8675,75.595,138.38,122.51,51.081,21.133,19.414,15.17,9.3785,10.729,10.029,10.009,9.6277,10.496,9.7212,9.5891,10.819,10.416,9.7238,10.02,9.4371,10.436,10.296,9.7684,9.117,9.7131,9.2516,9.5222,33.62,167.14,106.36,45.841,28.625,21.626,12.85,11.71,11.313,10.789,9.2661,9.0124,9.5971,9.5971,9.7566,10.443,9.893,9.6482,9.6066,9.6202,9.1242,9.5463,9.1414,9.0971,9.0321,9.4206,9.122,9.1127,9.3873,9.3904,8.9513,9.316,1.2492e-15
1.2655e-15,9.6169,9.6545,9.6164,9.7611,9.7915,9.3941,9.754,10.032,9.7807,9.6845,9.1006,9.2626,9.1771,8.9164,9.3376,10.607,10.531,9.3389,9.6319,9.7783,9.6097,9.4899,9.5302,8.8804,10.179,10.422,10.347,9.4951,8.8458,10.52,74.39,425.05,210.8,93.634,31.256,14.469,14.453,11.977,10.575,10.178,10,10.055,10.356,9.6669,9.9359,9.9282,10.396,9.9738,9.8158,8.8188,10.511,9.5685,9.8491,9.0696,9.5102,9.0379,9.5532,33.238,162.68,86.169,52.602,32.05,30.176,18.422,15.99,11.521,9.9353,9.8737,8.8877,9.8018,10.101,9.7676,9.7495,9.5729,9.4798,9.118,9.0966,9.5453,9.4865,9.0298,9.251,9.198,9.1052,9.2305,9.569,10.077,9.8193,9.2613,9.618,1.1668e-15
1.1157e-15,9.5899,9.1377,9.0529,9.3313,10.14,10.145,9.3285,9.8573,9.3884,8.89,9.2511,9.9866,9.3418,9.1639,9.1147,10.812,10.738,9.4749,9.6131,9.2335,9.0355,9.6139,10.12,9.3471,9.8816,9.9375,10.301,9.1323,9.0817,9.9349,5.1051,670.33,338.97,133.28,56.675,24.527,15.582,15.958,11.291,10.304,10.289,10.095,9.9479,10.601,9.7149,9.2457,10.091,10.162,9.6196,8.7164,9.7192,9.0098,9.2277,9.0821,8.9947,9.4184,10.488,7.7504,21.477,129.82,70.073,34.922,28.812,28.615,25.738,13.561,10.92,10.456,9.4354,9.8346,10.488,10.68,8.9383,8.7245,9.2832,9.0287,8.8199,9.7872,9.3849,9.3374,9.3971,9.1691,8.3263,9.2019,10.275,10.509,9.9935,9.7125,9.4079,9.0839e-16
3.1367e-16,9.6907,9.5347,9.2823,9.1651,9.7089,10.18,10.033,9.8348,9.3158,8.8096,9.1129,9.678,9.2449,9.8534,9.8226,9.8283,10.114,10.365,9.5494,8.782,9.7819,9.4915,9.4543,9.2248,9.8127,10.125,10.147,11.27,10.346,10.119,5.6033,117.09,332.21,98.788,61.297,48.497,20.865,13.295,11.119,10.462,10.197,10.216,10.26,9.6787,9.2325,9.2642,10.399,10.221,8.9929,9.4079,9.4593,8.9545,9.4696,9.9406,9.3363,8.9651,9.602,8.5204,23.813,125.21,56.635,33.699,21.629,32.64,15.813,14.503,17.018,12.257,10.283,10.431,10.133,10.253,9.7804,9.3793,10.196,9.6667,9.8217,10.102,9.9006,9.7295,9.4219,9.3279,9.544,9.8828,10.204,9.9836,9.7798,9.938,9.2055,7.85e-16
6.3462e-16,9.4688,9.45,9.2465,9.2698,9.0303,9.38,9.9922,10.174,9.6794,9.2691,9.4518,9.8632,9.5999,9.5388,9.3198,9.2075,9.7782,9.7844,9.646,9.6831,10.161,9.604,9.1178,9.6702,10.034,9.4358,9.2556,10.735,10.241,9.9364,13.196,373.5,306.54,84.05,50.838,40.262,16.338,11.344,10.864,9.7923,10.213,9.3234,9.7844,9.4737,9.7372,9.2147,9.0259,9.6163,9.2793,9.9234,10.461,8.8177,9.3441,9.5984,9.5194,9.7119,8.6617,9.0669,30.403,141.36,45.631,25.251,16.363,21.274,10.458,13.389,15.176,12.016,10.949,10.859,9.3393,10.22,10.381,9.676,9.9215,9.882,10.304,9.8914,9.6814,9.638,9.6568,10.218,9.944,9.5459,10.017,9.9938,9.2541,9.3262,9.447,1.0253e-15
1.2535e-15,9.5973,9.2658,8.9662,9.2381,8.7265,8.7253,9.168,10.072,10.171,9.8378,9.741,9.7954,9.9797,9.2261,8.7141,9.1573,9.4275,9.1541,9.5148,9.9172,9.6597,9.6892,9.5178,9.8092,10.195,9.2557,8.6606,9.2735,9.6772,9.3479,9.6372,922.35,313.62,93.433,43.043,19.098,13.891,11.483,10.699,9.4046,9.6397,8.9641,9.2134,10.199,10.174,9.4601,8.4674,9.0724,9.8323,9.7247,10.558,9.2007,9.3683,9.1102,9.3531,9.9389,8.8434,15.708,71.665,125.7,43.389,19.586,16.028,10.458,11.259,11.253,10.451,10.5,10.587,10.113,9.1961,10.246,10.056,9.4068,9.6442,9.9245,9.9334,9.6243,9.1804,9.605,9.9239,10.295,9.4295,8.9434,9.5935,10.129,9.1465,9.2163,9.8233,5.5382e-16
9.3709e-16,10.118,9.4579,8.9333,9.0677,9.0171,9.0381,8.8643,9.4814,10.469,10.193,9.3952,8.9013,9.8087,9.6979,9.2835,9.2088,8.9984,9.7116,9.1981,8.6024,9.0919,9.4979,10.016,9.3933,10.137,10.222,9.1213,9.3897,9.9141,9.1066,10.126,912.47,326.37,87.852,44.429,21.779,21.262,11.762,10.292,9.9423,8.756,9.7625,9.7134,10.695,9.6684,10.148,9.9636,9.1542,9.7466,9.5204,9.1684,9.9604,10.046,9.4835,9.0184,8.6636,9.541,32.803,164.99,63.227,41.025,23.374,18.244,13.133,10.218,9.7508,10.402,9.6031,9.5854,9.0038,9.7814,9.6309,9.5882,9.3114,10.276,10.108,9.2764,9.6984,9.2797,9.7936,9.9095,9.2939,9.3079,9.3424,9.2872,9.7122,9.4668,9.9352,9.8942,9.6891e-16
9.6728e-16,9.5356,9.0044,9.0802,9.4386,9.5227,9.9767,9.8018,9.7832,10.454,10.189,9.0496,8.9338,9.532,9.5449,9.5227,9.3131,9.705,9.4671,9.5552,8.7657,9.3887,9.4413,10.005,10.385,10.113,9.6469,9.5203,8.4424,9.6819,9.4373,10.546,1038,321.47,71.768,46.004,41.105,20.59,12.746,9.7377,9.9215,9.6698,9.2268,10.607,10.619,9.5073,10.1,9.4576,9.1787,9.6347,10.566,9.457,9.4122,10.066,9.1165,8.5145,8.9696,9.3528,30.678,148.61,82.449,40.697,27.788,17.856,16.876,11.041,9.7268,9.5146,8.9567,9.8213,10.023,9.5997,9.4601,9.9455,9.4349,9.5858,9.6825,8.7102,9.5519,9.6333,9.2747,9.6589,9.7988,9.6218,10.038,10.315,9.5075,9.0794,9.369,9.7513,6.6867e-16
8.0539e-16,8.6991,8.3757,9.5581,10.075,9.5365,10.448,10.345,9.9319,9.9547,10.058,9.4892,9.4568,9.9038,9.7915,9.2429,9.435,9.9411,9.3783,9.6723,9.5569,9.5765,9.4648,9.7448,10.298,9.7436,9.371,9.6821,8.4087,9.6152,9.3383,10.331,1153.5,370.75,76.815,62.933,40.548,21.951,14.565,10.133,10.028,10.279,8.9742,10.144,9.6426,9.5988,9.1484,9.2148,9.281,9.5684,10.44,9.3704,9.4821,9.1083,9.3341,9.2095,9.5978,10.077,28.426,132.44,77.554,38.748,29.507,14.744,14.724,11.341,10.332,9.3101,9.3005,9.7803,10.491,9.6114,10.175,10.079,9.4534,9.395,9.2774,9.2208,9.6574,9.9692,9.409,9.4634,9.8628,9.5252,9.6014,10.127,9.5184,9.1825,9.4203,9.9252,6.3029e-16
4.5453e-16,8.7196,8.3687,9.7611,10.064,8.8844,9.8019,9.8318,9.5631,9.1142,9.474,10.068,9.7462,10.431,10.112,9.2738,9.7883,9.2418,9.4659,9.5442,9.6921,9.4314,9.3266,9.5482,9.3058,9.2408,9.7812,9.6918,9.2344,9.5752,8.9968,9.9776,1187.4,369.19,127.64,73.496,24.23,23.556,14.553,11.067,10.339,9.7962,9.7061,9.0077,9.0276,9.2633,8.5092,10.092,9.2464,9.7199,9.6241,8.7219,9.7015,8.3779,10.007,10.154,9.7124,10.741,31.484,147.43,38.242,32.007,28.113,14.518,11.914,10.628,10.903,9.9415,10.124,9.5321,10.038,9.837,10.668,9.7024,9.2204,9.7901,9.117,10.029,10.018,10.173,10.072,9.4485,9.4257,9.6239,9.1031,8.971,9.3991,9.7163,10.153,10.15,1.4195e-15
5.0932e-16,9.6124,9.0913,9.1329,9.0634,8.1608,8.6964,9.2184,9.4274,8.5446,8.5747,9.7618,9.6137,10.032,9.3215,9.8997,10.258,8.7005,8.9694,9.8389,9.2404,9.5858,9.1933,9.4884,9.5887,9.2161,9.6769,9.7374,9.2216,9.1686,9.3365,9.6032,1123.1,255.36,196.57,52.462,24.272,17.745,11.492,11.153,10.495,9.5796,10.226,9.0989,10.01,8.5883,9.2747,10.317,8.9073,10.017,10.24,9.3178,8.7279,9.0495,9.7119,9.6625,9.891,9.6878,29.159,124.8,49.059,25.06,24.601,20.838,14.624,10.802,11.39,9.831,10.31,10.39,10.335,9.513,9.9927,9.5502,9.156,9.5107,9.113,9.7153,10.11,10.141,9.9324,9.5376,10.041,10.563,10.132,9.2475,9.2,9.6673,9.9326,9.9059,1.3922e-15
6.8434e-16,9.9578,9.459,8.8861,8.6275,8.3251,9.1492,9.5011,9.6623,9.0153,9.538,9.6497,9.2807,9.1188,8.7077,9.3064,9.6603,8.727,9.1372,9.7949,9.5019,9.8626,10.013,9.5289,9.6733,9.4814,10.033,10.237,10.013,10.034,9.7906,9.5063,438.76,415.44,180.96,56.303,35.303,23.87,12.261,10.865,11.318,10.458,9.7592,9.496,10.511,9.3586,10.027,9.4699,9.3133,9.4444,10.037,10.117,9.9238,9.8073,9.0895,9.842,10.125,10.628,31.66,108.42,62.707,32.716,21.676,24.83,12.533,10.94,11.737,11.002,10.615,11.03,9.8536,9.567,10.074,9.7901,10.113,10.16,9.9681,9.4241,9.9023,9.7039,9.5412,9.6601,10.204,9.9396,10.151,10.02,9.8709,9.8881,9.6716,9.9252,1.2232e-15
9.7244e-16,9.8586,9.4837,8.9002,8.5838,8.8222,9.4808,9.1568,8.9119,9.2064,10.044,10.014,9.3389,8.9206,9.0747,9.0198,9.1724,8.8267,9.4289,9.4234,9.7601,9.8512,10.498,9.897,10.054,9.4288,9.9461,10.104,10.426,10.479,10.195,9.5235,-88.339,409.17,164.21,90.526,39.428,28.608,15.135,13.674,8.9098,12.479,9.3162,9.6905,10.293,9.935,9.751,9.4827,9.3978,9.5209,9.3115,9.653,10.341,10.365,8.8895,10.147,10.03,8.6826,25.526,122.21,66.242,43.021,21.838,27.007,15.27,10.917,11.418,11.5,10.19,10.539,9.4336,9.9235,10.133,9.9357,9.988,9.8922,10.086,9.5075,9.5824,9.7232,9.8738,9.7807,10.07,9.3951,9.5716,10.076,10.403,10.296,9.9924,10.119,4.2402e-16
9.9647e-16,9.777,9.5222,9.033,8.7644,9.1563,8.9235,10.149,11.858,11.277,9.3794,10.523,9.9468,9.6367,9.8461,9.8515,9.5552,9.0669,9.5552,9.3665,9.4908,9.5396,9.992,10.148,10.681,9.0358,9.1684,9.275,9.744,9.6754,10.41,9.3855,7.9972,351.8,213.37,116.21,43.927,21.479,16.838,18.482,11.664,13.598,9.7866,9.7128,10.137,9.5693,9.1155,10.448,9.1,10.312,8.8552,8.6974,8.8237,10.521,9.3271,9.9596,9.7952,8.765,49.529,141.84,60.746,39.197,23.013,26.505,22.767,10.753,10.48,10.355,9.3531,9.5676,9.8074,10.018,9.5358,9.7586,8.7289,8.4299,9.1191,9.6101,9.4904,10.267,10.611,9.8538,10.011,10.191,9.4171,9.2084,10.001,10.22,10.208,10.024,1.338e-17
8.1348e-16,9.5857,9.5236,9.7736,9.7849,9.7226,9.6389,16.463,25.193,19.838,11.273,10.908,10.431,9.9566,9.6851,9.8058,9.6749,10.188,10.318,9.9724,9.5724,9.383,9.8841,9.3731,9.9108,9.0057,9.3302,9.5069,9.6779,9.6827,10.134,9.1657,26.293,1050.6,249.56,109.02,73.099,21.008,18.172,18.962,23.492,11.201,10.526,9.6989,10.246,10.31,9.6585,9.7285,10.283,9.3579,8.3879,9.7658,9.6546,9.7143,9.9788,10.328,10.128,25.916,168.47,119.87,39.81,22.239,19.804,17.727,15.83,10.21,9.8854,10.14,10.16,9.72,9.8816,9.6927,9.4516,9.5586,9.5973,8.9398,9.2932,9.5573,9.8729,10.039,10.215,9.8433,9.6398,10.5,9.2638,8.4801,9.5906,9.4649,9.1743,9.5647,4.3192e-16
2.6601e-16,9.4994,9.3655,9.9782,10.023,9.9541,10.066,15.257,27.992,24.792,15.162,11.413,10.058,9.7446,9.3764,9.4503,9.8637,10.517,9.9892,9.7619,9.5561,9.2816,9.9288,9.1576,9.4472,8.9709,9.9244,10.134,10.071,9.6329,9.9348,9.4811,3.3437,760.86,251.64,166.05,69.524,44.124,18.374,19.788,-28.74,9.6921,10.146,9.6773,9.5721,10.704,9.513,9.4547,10.91,9.1295,9.2038,10.324,10.181,9.2965,10.232,10.617,10.021,37.002,202.34,78.601,37.702,13.579,17.198,13.636,11.659,10.532,9.811,10.04,10.285,10.157,9.639,9.5938,9.0479,8.9067,9.8945,9.3797,9.7612,10.401,10.177,9.4205,9.6705,9.8982,9.987,10.407,9.2284,9.1128,10.022,9.5221,9.0581,9.4855,9.1927e-16
1.0282e-15,9.2881,8.9623,9.5264,9.5546,9.6305,9.7077,9.5099,18.614,20.331,15.605,11.112,9.3863,9.3193,9.3646,9.5931,9.9985,10.015,9.3686,9.1028,9.7078,9.6657,9.5849,9.7594,9.5009,8.8221,9.724,10.345,10.154,9.6804,9.5729,9.5883,11.637,-88.14,509.54,252.95,62.505,65.067,20.261,20.462,111.93,9.3232,9.5907,11.042,10.443,10.964,9.9795,10.112,10.757,9.9565,10.161,9.9317,9.6839,9.7132,10.118,10.517,9.94,26.154,137.5,59.137,49.644,19.475,18.679,17.052,13.792,11.181,9.7592,9.8431,9.7894,10.455,9.6353,9.3507,8.5857,8.6276,9.4624,9.617,9.812,10.865,10.221,9.2157,9.7238,10.093,10.613,10.128,9.3178,9.8053,10.205,9.8136,9.8208,9.746,1.2273e-15
2.2857e-16,8.876,8.6613,9.3956,9.578,9.146,9.46,9.7799,11.168,11.026,10.473,9.5862,9.2461,9.0516,9.4327,10.078,9.7038,9.7713,10.178,9.2962,10.133,10.301,8.8944,10.081,9.2488,8.9563,8.8216,9.9792,9.7008,10.156,8.6751,8.9613,9.7277,-24.594,1011,256.88,112.93,57.815,24.59,19.236,478.92,11.228,10.226,13.348,13.377,11.675,12.096,10.538,10.841,10.318,10.467,9.9037,9.6901,10.311,10.184,10.265,10.714,29.485,96.233,66.969,47.272,28.217,22.01,19.309,13.137,10.906,9.6658,10.029,10.216,10.716,10.099,8.6215,9.01,9.5695,9.939,10.507,9.6384,9.7674,10.24,9.6187,10.004,10.189,10.439,9.8523,9.4373,9.091,9.2186,9.2243,9.8273,9.6732,1.2483e-15
-2.2869e-16,9.1952,9.3378,10.201,9.8631,9.103,9.6185,10.046,8.6808,8.0678,9.1232,9.2285,9.0333,9.1487,9.4669,9.7568,9.4467,9.5054,10.829,9.7625,9.2631,9.1194,8.7316,9.6801,9.4854,9.759,9.6837,9.4182,9.6074,9.2258,8.2105,9.5079,9.0959,41.834,806.67,239.01,179.02,61.082,24.321,23.003,248.29,23.747,10.559,11.37,10.935,10.482,10.818,10.805,10.256,10.427,13.444,9.6858,9.9834,10.461,10.685,9.8993,10.92,125.01,101.98,45.905,35.998,26.417,21.032,14.619,12.267,10.552,10.644,10.046,10.445,10.486,10.239,8.8912,9.9117,10.279,10.11,10.006,9.6639,9.9307,10.301,9.7335,9.5324,9.6621,10.072,10.195,9.6704,9.0473,9.2508,9.3594,9.3066,9.0894,9.5223e-16
-1.1079e-15,9.65,9.71,10.614,9.9536,9.504,9.7724,9.6125,8.8135,8.8511,9.5416,9.5363,9.0065,9.2678,9.4224,9.2964,9.2424,8.8767,10.03,9.7023,8.7314,8.9161,9.0736,9.8361,9.9537,10.401,10.347,9.2272,9.6899,8.522,8.5029,9.6951,10.689,-0.67533,277.26,721.52,279.7,87.152,34.905,23.92,-42.016,24.255,11.684,9.7907,9.3944,9.3764,9.4284,10.162,9.3241,10.035,13.098,9.4014,9.2828,9.8285,10.115,9.1407,10.304,121.2,129.7,38.518,32.513,23.356,17.898,13.784,11.492,11.116,10.479,9.8392,10.015,9.929,9.9753,9.8657,10.352,9.7278,10.135,9.6096,9.877,10.138,9.8992,9.5886,9.0604,9.2395,9.8968,10.225,9.6597,9.6408,9.7774,9.9771,9.6229,9.2042,8.9804e-16
-8.0827e-16,9.9226,9.5864,10.22,9.8341,9.9002,9.8346,9.8016,9.2812,9.0708,9.034,9.6881,9.5088,9.4659,9.4654,9.3342,9.134,8.6324,8.8792,9.1817,9.4392,10.221,9.4189,10.384,10.089,10.344,9.7533,9.6542,9.5315,8.9707,9.2594,9.1429,10.885,10.461,5.0796,1144.2,339.72,116.96,61.441,22.29,14.741,11.278,13.337,10.478,11.633,9.202,10.071,9.3942,9.1416,9.5609,9.1121,9.22,8.1893,8.7874,9.3572,9.6097,10.885,32.861,148.42,63.23,36.142,25.97,18.874,19.657,11.269,12.143,9.9334,9.8017,9.5371,9.6058,9.5229,10.204,10.076,8.8836,10.07,10.004,10.015,9.46,9.1926,9.5454,9.3455,9.5501,9.8866,9.6541,9.5579,10.106,9.8802,10.142,10.318,9.9216,1.1395e-15
5.9859e-16,10.386,10.298,10.223,9.8252,9.7968,10.05,10.16,9.7015,9.5015,9.6204,9.8848,10.134,10.011,9.7661,9.4604,9.2555,9.8171,9.6732,9.0786,9.8935,9.8693,9.5231,9.6832,9.8398,10.001,9.6824,10.286,9.3304,9.1119,9.8268,9.7613,10.034,11.145,-5.3849,296.49,287.89,142.95,89.321,30.774,27.357,13.161,14.166,9.5102,11.723,8.7757,10.196,10.377,10.13,9.9448,9.3713,9.5393,9.2484,8.777,10.388,11.597,16.903,100.08,145.66,68.671,31.444,26.941,25.327,20.31,12.812,11.983,12.448,10.256,9.7957,9.9212,9.2462,9.3295,9.7183,9.5637,9.3967,9.6788,9.9494,9.3225,9.0552,9.702,9.9529,10.212,9.874,9.5143,9.955,10.185,9.7346,9.5205,9.4856,9.7049,1.307e-15
1.9151e-15,9.8719,10.138,10.283,9.5933,9.3438,9.511,9.4254,9.3509,9.5065,9.6193,9.4788,9.606,9.4805,9.8032,9.3248,9.0208,10.337,10.379,9.4796,9.5733,10.191,10.102,9.7094,9.8658,9.7097,9.61,10.068,10.015,8.8967,9.5,9.9721,9.1711,8.6138,18.197,-127.27,536.94,247.51,118.9,43.602,19.55,17.465,19.213,12.126,12.913,12.04,11.532,10.818,10.093,10.063,9.5669,12.253,12.001,11.685,7.6649,11.272,40.141,43.253,135.16,54.893,34.295,21.37,22.049,15.239,12.752,10.846,12.638,10.556,9.6708,10.33,10.12,9.7734,9.5288,9.723,9.111,9.7475,10.151,9.8761,9.1507,9.7688,9.6804,10.172,10.059,9.8294,10.072,9.8627,9.4005,8.81,9.2042,9.7009,1.5443e-15
9.6515e-16,9.5319,9.8026,10.2,9.6507,9.2931,9.1772,8.9968,9.1624,9.5194,9.2936,9.2847,9.111,8.7482,10.018,9.6576,9.0213,9.7413,10.128,9.6462,9.412,10.71,10.339,10.098,9.9851,9.7835,9.8221,9.6168,10.298,8.8873,8.9559,9.3037,9.2751,9.3622,8.5486,39.798,805.15,291.27,129.88,66.667,36.465,20.242,23.852,7.8104,9.331,9.5381,10.181,11.082,10.278,10.652,12.577,10.101,10.668,9.5991,16.689,113.24,172.34,172.34,129.46,50.146,39.944,20.92,16.409,13.369,12.227,11.511,11.104,10.226,9.5276,10.363,10.835,10.44,9.4525,9.3342,9.5439,9.9326,10.091,10.232,9.4258,9.52,9.3601,9.9144,10.073,10.032,9.9678,9.7386,9.3805,8.9052,9.6573,9.8003,7.9063e-16
-2.4318e-16,10.279,10.376,10.1,10.301,9.9011,9.9696,9.9724,9.8935,9.9785,9.6366,9.8608,9.706,9.0864,10.588,10.591,9.7075,9.1762,9.5946,9.3541,9.9437,10.049,9.6957,9.7659,9.7769,10.053,10.302,9.8346,9.4802,9.3808,9.196,8.9218,10.11,9.2108,8.8874,16.497,615.35,194.68,128.58,87.633,57.288,23.572,23.835,46.032,41.457,42.108,26.729,18.808,14.672,16.017,22.676,34.623,33.607,41.609,61.924,274,335.14,575.6,126.07,70.911,37.357,30.967,21.459,18.27,13.257,13.885,11.361,9.6355,10.032,9.9291,10.152,9.6307,9.5017,9.5873,10.192,9.6417,9.4634,9.9651,9.9851,9.2532,9.9365,10.226,9.6562,9.6958,9.993,10.094,9.7349,9.6621,9.7024,9.3475,8.5868e-16
4.1707e-16,9.7852,10.126,10.019,10.356,10.072,10.318,9.9078,10.03,9.8101,9.5842,9.5673,9.3485,9.3338,10.157,10.306,9.8216,9.4705,9.4405,9.7711,9.7758,9.969,9.9105,9.9822,9.6571,9.6832,9.2773,10.008,10.213,9.8485,9.9106,9.9838,9.8537,9.1519,9.7719,2.1287,184.21,245.87,185,96.641,96.573,41.454,41.428,233.13,188.02,196.83,103.56,45.572,31.339,32.333,34.438,152.34,135.93,185.51,134.17,143.65,158.03,301.93,114.01,91.678,36.554,30.155,27.396,17.694,13.179,11.844,12.196,10.021,10.185,9.3562,9.7699,9.5708,9.9581,10.116,10.448,10.006,9.5266,10.138,10.475,9.6977,9.9972,10.356,9.4907,9.2003,9.7386,10.063,9.4357,9.5087,9.4029,9.0517,1.3199e-15
7.2909e-16,9.2204,9.6729,9.6875,9.6183,9.6081,10.373,9.8108,9.7596,9.8121,9.1836,9.0816,8.9293,9.6288,9.5724,9.8905,9.6116,9.7016,9.4643,9.917,9.5221,9.9679,10.136,10.074,10.102,9.2889,8.1653,10.261,10.765,9.7911,9.9418,10.095,9.4491,9.3815,9.5333,12.385,-54.066,429.98,268.92,390.16,452.42,212.49,158.46,234.17,173.53,186.18,99.754,72.898,88.391,54.271,44.645,149.29,130.27,170.8,104.84,2.4112,-9.2914,-5.6661,143.25,87.971,32.947,26.767,24.089,14.771,13.415,10.878,12.463,11.337,10.232,9.3968,9.8734,9.9282,10.438,9.7766,10.621,10.694,9.8424,10.157,10.347,9.5373,9.4067,9.8165,9.6753,9.4372,9.7313,9.729,9.457,9.5962,9.4546,9.5579,1.2969e-15
7.2724e-16,9.1919,9.5381,9.3858,9.0317,8.9581,10.261,10.375,9.5834,10.026,9.1929,9.2398,9.1287,9.7609,9.5189,9.9535,9.5583,9.6229,9.4881,9.6376,9.4845,9.5487,9.8944,9.7941,10.494,9.3853,8.3708,10.356,10.225,9.4424,9.3131,9.1942,9.4702,9.7236,9.9016,9.4881,63.383,593.66,295.01,623.31,707.17,335.34,234.41,41.286,9.4876,16.255,16.858,67.062,117.97,55.574,40.932,24.029,18.999,8.6658,6.6526,13.19,14.239,47.624,201.25,85.641,35.406,29.78,16.64,14.723,13.812,12.295,11.793,11.884,11.132,10.254,10.028,9.7774,10.522,9.4185,10.433,10.543,9.9008,9.7127,9.6153,8.8168,8.9876,9.3694,9.9515,10.172,10.009,9.3917,9.7541,10.066,9.7801,10.113,5.8841e-16
1.5442e-15,8.7858,9.3869,9.5555,9.4356,8.7857,9.7218,10.652,9.5372,9.5045,9.9078,9.8053,9.2884,9.2712,9.6275,9.7099,9.6918,9.9424,9.649,9.9067,9.1884,9.266,9.848,9.8148,9.8855,9.6805,9.4574,9.7573,9.9531,9.5183,9.2566,9.6517,9.3635,10.126,10.447,9.6141,331.24,615.31,215.07,189.17,188.26,91.159,64.904,7.9624,1.5873,1.9004,7.1771,20.579,32.801,19.651,16.097,5.8122,5.7331,-0.18435,3.6923,12.04,13.81,60.511,216.93,124.5,56.825,36.457,19.798,17.225,13.154,11.843,10.79,10.225,12.62,11.049,10.03,9.123,10.178,10.688,9.3731,9.1949,9.8633,9.4268,8.9737,9.0344,9.3907,9.9736,10.021,10.263,10.044,9.2694,9.3396,9.6826,9.531,9.407,7.9672e-16
1.3055e-15,8.7851,9.6781,9.2049,9.3286,9.4719,9.6688,10.366,9.5601,9.0985,9.8048,9.9442,9.3001,9.6694,9.7218,9.3991,9.9449,10.119,9.9121,9.8464,9.353,9.6117,9.6132,9.6899,9.6205,9.6576,9.6922,9.3044,9.9179,9.943,9.9348,9.7564,9.7147,10.42,10.128,10.727,507.52,514.58,136.34,-2.5957,-46.677,-18.103,-8.7505,16.327,16.667,16.014,10.539,7.562,-2.1549,5.3755,7.3298,13.501,13.134,15.256,13.457,8.6634,7.5876,46.901,213.57,141.47,64.974,44.803,30.836,19.089,16.537,15.232,10.966,9.1739,10.837,10.144,10.123,8.9975,9.783,10.9,9.013,9.0798,9.8959,9.596,9.1005,9.3455,9.6414,9.9404,9.8239,9.9058,10.257,9.7922,9.856,9.5761,8.7138,8.614,5.5254e-16
9.2825e-16,9.1265,9.8572,9.2264,9.2967,10.01,9.896,9.9197,9.5134,9.2779,9.6948,9.814,9.3299,9.9297,9.9924,9.36,10.118,10.079,9.9999,9.5677,9.8456,9.9598,9.4789,9.6069,9.5985,9.64,9.3346,9.1972,9.955,9.9817,10.112,9.5726,9.8822,10.326,9.7564,10.869,827.36,458.65,126.51,74.889,56.899,27.21,21.893,11.1,9.4387,9.7968,15.144,12.296,13.467,10.708,11.111,10.389,9.1846,8.5353,9.1081,10.447,9.4329,31.081,209.08,151.6,82.77,48.656,37.408,18.913,19.363,16.71,10.977,9.8666,8.8198,9.0503,10.279,9.35,9.4093,10.346,9.2532,9.4358,9.8751,9.8368,9.3662,9.6209,9.807,9.6316,9.6991,9.3146,10.047,10.056,10.2,9.81,8.7454,8.7325,5.3934e-16
8.0466e-16,9.3409,9.5627,10.105,9.9721,9.7035,9.8141,9.6544,9.3966,9.7298,10.272,9.7982,9.5958,9.358,10.437,9.7718,10.246,9.8832,9.7742,9.5054,10.015,9.8505,9.5865,9.7181,9.4052,9.7817,9.2247,9.2965,9.8448,9.4999,9.4278,9.8616,9.2405,9.9745,10.101,10.556,1328.9,484.63,162.37,55.004,62.001,23.645,16.511,12.274,11.544,10.841,248.68,493.51,11.128,10.759,11.01,11.704,10.051,9.9078,10.577,9.6643,9.5111,10.632,172.58,206.42,121.16,47.682,42.266,19.176,17.113,12.982,10.299,11.282,9.6811,9.1027,10.307,9.753,9.0465,10.134,9.3384,9.1305,9.7053,9.874,9.3726,10.059,10.019,9.7475,9.9976,9.1239,9.3029,9.6247,9.4548,9.8558,9.8868,9.6357,6.0823e-16
7.555e-16,9.4617,9.6693,10.088,9.9705,9.4941,9.6096,9.4507,9.4675,9.7812,9.9522,9.6714,10.074,9.9355,10.527,10.5,10.616,9.3432,9.5481,9.3906,9.5868,9.9391,9.2487,9.4991,9.7046,9.3831,9.0576,9.6799,9.3342,9.5207,9.5863,10.01,8.5903,9.9849,10.181,10.234,1346.5,384.93,163.46,54.425,33.036,19.806,12.57,11.64,11.559,10.833,921.91,2033.7,12.48,13.866,14.465,13.538,11.781,11.761,12.597,10.514,10.229,7.9232,55.317,285.45,131.25,59.6,68.711,27.964,15.946,14.799,11.729,11.726,10.047,8.733,10.356,10.237,8.897,9.38,9.4248,9.5993,9.6296,10.052,9.985,10.261,9.5207,9.3598,10.513,10.281,9.4673,9.7605,9.587,9.7481,9.976,10.213,1.3332e-15
7.3786e-16,9.5408,9.9287,10.054,9.8094,9.4796,9.8753,9.8941,9.8061,9.7506,9.7406,9.6432,9.9246,10.147,10.255,10.642,10.33,9.3669,9.7093,9.3982,9.1018,9.7754,9.1256,9.4996,9.9233,9.1167,8.9181,9.8586,9.1993,9.5367,9.778,9.5006,8.5963,9.7008,10.144,9.8236,686.65,367.83,167.33,76.266,24.799,17.899,12.25,10.922,9.7343,10.143,725.39,1621.6,12.504,13.918,14.124,11.967,11.326,11.228,11.799,10.587,10.28,10.637,-5.5405,202.21,171.97,119.56,90.393,58.883,21.318,17.731,13.269,11.577,10.361,9.289,11.716,10.053,9.0086,9.1317,9.4698,10.023,9.9382,10,10.212,9.9836,9.1764,9.1081,9.9485,10.71,9.835,9.7475,9.6007,9.6977,10.155,10.422,1.5295e-15
3.7768e-16,9.4377,9.8992,10.16,9.8111,9.4496,10.257,10.575,9.7962,9.7049,9.7899,9.6513,9.4722,9.6289,10.096,10.103,9.6897,9.8569,9.877,9.4633,9.3008,9.4216,9.3611,9.9928,9.9592,9.4343,9.1351,9.6248,9.5633,9.4351,9.8923,8.7893,9.2281,9.145,9.882,9.031,-13.757,435.21,185.01,93.149,51.799,14.626,11.383,11.532,9.2514,10.197,-53.703,-132.57,9.3338,10.122,9.8619,9.0124,10.014,9.8916,9.8587,9.5754,9.4673,9.9489,12.016,46.989,257.35,186.33,97.866,87.51,34.277,18.917,13.854,11.284,10.976,10.449,12.84,9.6201,9.2889,9.643,9.5107,9.8553,10.195,10.095,9.9187,9.827,9.4176,9.2973,9.0491,9.8699,9.73,9.2858,9.1905,9.8818,10.646,10.386,1.7888e-15
8.721e-16,9.1361,9.5407,9.6924,9.725,9.3783,9.9319,10.432,9.0932,9.4358,9.3399,9.4521,9.5987,9.6837,10.282,9.6051,9.6734,9.7809,9.528,9.3909,10.153,9.4409,9.3623,10.383,10.158,9.9578,9.6204,9.3389,9.8659,9.8061,10.485,8.8632,9.846,9.0612,9.2289,8.4379,-0.14159,403.74,194.42,104.48,85.73,17.117,13.062,11.534,10.169,10.286,-35.324,-90.579,10.095,9.4105,9.3687,9.2321,10.402,9.8364,9.8019,9.9386,9.3999,9.7652,11.251,52.199,296.51,197.4,113.34,79.378,46.727,20.86,14.516,11.333,11.309,10.647,11.396,9.9353,9.5923,9.9671,9.6425,9.5396,9.8589,10.757,9.8255,10.348,9.8724,9.5635,9.4971,9.2338,9.3762,9.0959,9.2486,10.2,10.482,10.112,1.1476e-15
6.4578e-16,9.2541,9.3141,9.5077,9.8447,9.6273,9.4427,9.7595,9.3139,9.3764,9.3275,9.342,9.4008,10.187,9.8922,9.435,9.3269,9.1077,9.5294,9.5531,10.025,9.5591,9.0557,9.6319,9.9824,9.9565,9.2411,9.582,10.107,10.667,10.289,9.7573,9.8243,9.3823,9.3029,10.104,250.15,425.43,235.16,121.59,54.285,18.472,14.139,10.975,10.16,10.872,41.064,79.048,11.223,12.836,11.432,11.078,10.412,10.328,9.7446,10.476,9.8409,9.8226,8.8282,48.087,163.11,226.37,150.73,66.777,39.693,22.991,15.44,13.251,11.862,11.33,10.473,10.149,9.8415,9.7356,9.6976,9.4512,9.7844,10.437,9.4579,10.265,10.393,9.9135,9.8327,9.3193,9.4009,9.6999,9.5832,10.097,10.43,9.8992,1.3255e-15
1.2568e-15,9.2906,9.2916,9.5993,9.9199,10.038,9.7033,9.4719,9.7946,9.5515,9.289,9.3669,9.6371,10.335,9.5561,9.5539,8.9418,8.9577,9.7768,9.7206,9.6546,9.8009,9.0586,9.0234,10.021,9.9282,8.9405,9.8679,9.9721,10.574,10.072,10.163,9.7009,9.8788,9.5965,8.5321,621.33,466.93,246.14,97.202,14.569,15.56,13.47,10.312,10.971,10.815,9.5897,-2.0704,17.337,25.785,26.844,14.403,12.085,11.139,10.7,11.888,10.096,9.8279,10.739,26.717,80.282,304.68,141.48,59.311,25.409,21.542,16.001,13.871,11.711,11.802,10.942,10.313,9.9999,9.7201,9.5461,9.543,10.06,10.223,9.9094,9.6187,10.401,10.056,9.8624,9.6306,9.724,10.049,9.8692,9.7975,10.278,10.657,6.3106e-16
8.3445e-16,9.0322,9.2817,9.6105,9.643,10.062,10.291,9.6568,9.5647,9.6311,9.032,9.7154,10.44,9.9676,9.8442,9.7398,9.1626,9.5372,9.7937,9.6587,9.9229,9.99,9.4312,9.4178,10.523,10.215,9.5744,9.8871,9.4745,9.3281,10.353,9.7485,9.9146,10.32,9.4488,8.4221,976.08,538.5,218.85,37.636,20.838,12.998,12.661,10.013,12.712,9.9202,23.202,21.154,23.923,36.107,42.286,16.36,14.403,11.522,12.081,13.14,9.8986,9.6163,11.155,30.213,153.12,366.99,100.68,55.698,22.097,18.613,17.49,13.434,11.544,11.458,11.778,10.705,10.197,10.06,9.5589,10.043,10.279,10.577,10.935,9.3082,10.042,9.8079,9.7863,9.831,10.08,9.6661,9.8477,9.701,9.879,10.365,8.5776e-16
7.0568e-16,9.2827,9.184,9.5629,9.2243,9.3521,9.5067,9.3864,9.1587,9.3548,9.6012,10.613,10.132,9.8777,9.981,9.756,9.888,9.5197,9.5828,9.576,10.048,9.5533,9.3779,9.5942,10.509,10.183,10.279,10.1,9.2419,9.0028,9.9979,9.9174,9.9689,10.4,9.4074,17.818,891.28,741.8,254.36,38.564,38.443,18.105,14.198,10.359,11.459,10.105,15.489,17.563,14.425,17.546,19.83,11.706,11.376,10.138,10.177,10.75,9.6699,8.967,10.195,16.193,134.2,327.12,161.16,65.329,30.245,22.983,21.971,17.781,13.729,11.528,12.073,11.114,10.63,9.6981,10.273,10.979,10.035,9.8048,10.107,9.8241,10.309,9.4383,9.3104,10.208,10.414,9.7164,9.5102,9.683,9.8492,7.5619,8.3731e-16
3.1742e-16,9.5229,9.3648,9.6102,9.3519,8.9483,8.8258,9.6363,9.0759,9.2549,10.268,10.586,9.4173,9.629,9.4617,9.6385,10.668,9.7238,9.5943,9.407,9.7288,8.9071,9.7147,9.6811,9.9621,10.08,10.578,9.7507,9.1853,9.3935,9.7722,9.7499,9.7017,9.5224,10.096,-16.972,671.46,569.92,249.41,56.31,99.653,22.078,17.187,10.969,10.238,10.721,8.113,7.7956,8.1295,6.6981,5.6199,8.8934,9.8408,9.3209,9.4194,9.3161,9.6671,8.9428,9.235,7.0938,121.33,375.9,194.28,99.556,43.087,27.601,21.813,20.126,13.302,12.009,12.79,11.63,10.834,9.6184,10.278,9.1562,8.998,10.161,9.4936,9.9243,10.013,9.3022,9.3227,10.103,10.296,9.9742,9.6407,9.1833,9.7005,19.266,7.4891e-16
6.0932e-16,9.4677,9.5926,9.6681,9.8766,9.2554,9.0155,9.8548,9.3879,9.3896,10.371,10.056,9.1365,9.2859,9.0344,9.6112,10.809,10.174,9.7009,9.4607,9.6554,9.0473,10.105,10.099,9.5578,10.038,10.269,9.665,9.1606,9.7276,9.7696,9.0984,9.3363,8.6707,9.5641,42.045,650.37,259.76,193.48,64.717,123.4,19.191,17.841,10.944,9.9696,11.035,11.485,10.741,9.8343,10.817,10.457,9.836,10.559,9.8367,10.22,9.5281,9.8857,9.5592,9.2832,9.7851,108.23,361.92,200.36,133.31,53.481,28.365,23.991,12.514,14.658,12.107,10.818,10.587,9.9541,10.041,10.797,11.837,10.691,10.549,10.386,9.6454,9.74,9.8354,10.149,9.8782,10.015,10.446,10.208,10.151,11.242,1.686,-6.5565e-16
7.9836e-16,9.3365,9.3871,9.6395,10.074,9.7864,9.4073,9.0621,9.7165,9.4529,9.9132,10.174,9.4045,9.4186,9.4459,9.7361,10.2,10.102,9.4586,9.8155,10.26,9.987,9.6484,10.565,9.6873,10.017,9.6598,10.566,9.3566,9.6278,9.4627,9.0484,9.1965,9.0972,8.3785,434.11,816.65,327.05,155.62,69.658,37.168,12.797,14.181,9.9839,9.6939,10.939,11.066,9.9787,9.6133,10.028,10.109,10.081,9.3652,10.348,9.7997,8.984,10.067,9.8879,10.133,9.8049,22,96.319,262.7,148.84,66.912,31.083,45.425,36.605,44.833,31.209,25.583,17.73,13.715,14.023,12.557,24.754,22.119,10.903,11.427,9.9246,10.164,10.659,10.361,9.6587,9.8158,10.679,10.05,10.613,11.731,-13.562,-2.3738e-15
6.2749e-16,9.3215,9.1137,9.8359,9.7916,9.9753,9.2828,8.9236,9.5358,9.5539,9.3203,9.6643,9.7471,10.024,9.5372,9.6051,10.128,9.6517,9.0199,9.4611,10.142,9.4789,9.1543,9.8063,9.5311,10.228,9.7362,9.9156,10.171,9.4214,9.2205,10.367,9.3103,9.9651,19.941,1133.2,780.22,308.52,113.32,49.722,8.9082,11.298,11.333,9.5254,11.202,10.517,10.392,9.6716,9.558,9.4521,9.7371,9.9293,8.7024,9.8361,9.6771,9.4108,9.8614,9.5997,10.173,9.6116,-0.4819,11.217,284.47,203.1,115.61,55.064,90.339,200.27,156.66,124.99,120.6,66.721,38.298,28.966,14.258,33.27,46.371,18.789,10.754,10.662,9.2229,10.256,8.2082,8.3174,9.1057,9.2011,8.514,2.2855,1.737,237.76,8.7506e-15
5.9585e-16,9.4824,9.61,10.186,9.6342,9.785,9.4846,9.5123,9.4906,9.5293,9.1362,9.2535,9.707,10.183,9.6745,9.5544,10.152,9.5438,8.8156,9.4139,9.7316,8.943,9.4183,9.1936,9.5039,10.433,9.753,9.0985,10.208,9.6193,9.5224,10.766,9.5585,12.904,72.977,1333.1,663.07,294.9,105.35,38.519,20.39,12.703,10.553,9.3108,11.923,9.9568,10.336,10.446,9.9569,10.241,9.9211,9.4723,9.2662,9.2263,9.9695,10.202,9.7171,9.4065,9.6928,10.183,13.376,45.36,232.57,282.49,231.53,151.68,138.07,311.36,365.25,271.93,245.24,150.49,64.827,30.316,50.673,52.681,54.96,21.348,18.225,12.983,15.326,12.898,15.537,16.117,12.819,12.929,12.965,27.855,31.259,584.3,8.7027e-14
5.6186e-16,9.6342,10.413,10.3,9.7003,9.6139,10.044,9.9197,9.7604,9.5008,9.2904,9.4838,9.4175,9.6404,9.9253,9.6366,9.8261,9.7176,9.1709,10.084,9.8716,9.6581,9.8937,9.4814,9.7604,10.418,9.472,9.5242,9.4245,9.9791,9.9636,9.7136,10.318,15.973,112.24,914.07,588.76,369.27,124.59,47.81,17.525,13.198,10.661,9.3435,10.692,9.4024,10.241,11.445,10.205,10.71,9.5036,9.2147,10.237,9.3346,10.134,10.045,9.84,9.6291,9.4197,10.495,9.9696,35.16,144.51,298.83,294.66,225.27,135.25,225.53,445.51,308.34,256.25,177.44,65.965,44.501,149.71,133.7,125.93,53.144,34.89,21.486,20.775,15.117,14.342,12.07,10.699,10.776,10.92,29.307,74.143,690.94,6.552e-14
-4.3205e-16,9.4267,9.9638,9.8614,9.3882,9.8975,9.6681,9.5507,9.6368,9.8371,9.1514,9.5286,9.5021,9.3121,9.4872,9.4363,9.6608,9.3179,9.8412,10.147,10.428,10.434,9.2267,9.4723,9.6801,10.276,9.817,10.112,9.6929,9.7183,9.6594,9.6831,11.129,12.891,38.184,769.39,441.77,306.21,102.07,42.025,20.292,13.269,10.773,10.352,10.146,9.0952,10.397,12.806,10.396,10.384,9.768,10.063,10.598,9.6844,10.045,8.9323,9.7935,9.7054,9.4416,9.8808,8.7006,20.112,99.125,183.83,130.25,98.468,48.404,59.226,127.41,86.551,70.916,58.107,36.904,118.02,257.02,267.86,353.65,189.08,94.651,56.828,25.751,22.397,1.1543,-8.4007,2.4845,-1.526,-2.8056,-33.75,104.83,444.91,2.491e-14
3.5618e-16,8.8367,9.4091,9.3645,9.25,10.284,9.2131,9.3145,9.7587,9.8535,8.9901,9.379,9.8281,9.5379,9.4835,9.7627,9.6714,9.0972,9.5407,9.4001,10.296,10.173,8.7254,9.4964,9.8832,10.043,9.8578,9.8558,9.888,9.694,9.9006,9.7979,7.3355,5.5081,-2.1324,803.05,402.61,240.02,106.9,37.434,23.606,14.483,12.212,10.686,10.366,9.8133,10.501,11.63,9.9155,10.272,10.289,10.647,10.034,9.6258,9.8936,8.6492,9.6347,9.6556,9.8162,9.8107,9.1951,31.15,174.4,108.48,41.055,24.653,11.351,-0.20764,-31.651,-19.856,-14.047,-2.5301,15.99,82.375,151.42,166,360.22,371.35,377.3,177.17,145.75,115.62,173.07,158.9,99.588,91.104,89.903,368.21,519.87,296.34,7.3212e-14
7.648e-16,8.6619,9.2933,9.2815,9.3306,10.012,9.0518,9.4592,10.027,9.705,8.9574,9.4242,9.9139,9.9397,10.309,10.331,9.7607,9.5388,9.1789,8.9459,9.9611,9.4557,8.9323,9.6167,9.9756,9.4014,9.6465,9.0526,9.9392,10.052,10.292,9.7969,13.129,17.581,13.712,1327.8,539.94,229.62,136.56,50.188,32.066,20.553,17.282,12.138,11.611,9.7986,10.366,9.7755,9.5814,10.453,10.513,10.528,9.4079,9.5517,9.7127,9.9193,9.6753,9.5419,9.8168,10.355,10.669,48.976,252.23,118.82,70,46.003,28.007,23.768,22.598,18.35,17.051,14.872,12.186,-0.65952,-9.9832,-12.82,158.16,339.62,511.16,325.08,337.52,289.88,444.05,424.2,305.22,298.19,234.03,777.35,882.32,299.82,9.5032e-14
8.9065e-16,9.3628,9.347,9.6606,9.4801,9.2329,9.005,9.5538,10.006,9.8611,9.2751,9.7376,9.6269,9.9698,10.93,10.23,9.7985,10.232,9.9125,9.5041,10.113,9.3737,9.2862,9.6519,9.4873,8.5874,9.6252,8.7434,10.238,10.207,9.7521,10.013,15.271,20.715,12.161,2297.5,719.1,220.69,159.4,81.927,54.736,35.147,26.708,17.185,14.134,10.007,10.64,10.157,10.157,10.445,10.19,10.196,9.5376,9.8238,9.4516,11.675,9.994,9.4844,9.3392,10.225,11.214,47.798,216.69,142.94,74.61,46.549,27.729,20.082,16.325,14.353,12.742,10.787,11.581,7.7549,5.1464,4.156,20.524,42.035,198.72,343.67,395.5,379.14,505.13,479.84,422.06,421.94,257.71,537.3,621.45,253.6,6.3377e-14
1.3095e-15,9.8055,9.4713,10.013,10.07,9.7185,9.1748,9.3467,10.017,9.8994,10.374,9.6436,9.6232,9.6414,9.8402,9.5715,9.6529,10.129,10.164,9.8109,9.6172,9.7026,9.2356,9.7945,9.4572,9.014,9.1542,9.399,9.8472,10.029,9.2131,10.049,-31.456,-59.616,14.822,2391.7,750.14,189.58,215,121.9,83.556,56.159,36.534,23.251,16.787,18.77,12.689,10.38,10.268,10.434,9.3407,9.8348,9.796,9.5095,9.2576,11.8,10.118,9.7362,10.01,8.9953,5.0772,49.616,203.25,140.37,75.157,42.823,29.039,17.249,11.357,11.328,10.311,9.2428,11.204,13.99,15.869,17.04,0.65191,-22.665,24.807,124.22,147,146.48,182.6,173.66,164.7,164.9,94.729,160.45,216.6,199.48,1.74e-14
1.2975e-15,9.5945,9.4903,9.8317,10.16,10.287,9.2265,9.1028,9.7766,9.63,10.187,9.2715,9.7835,9.5883,9.4657,10.19,9.7401,9.3355,9.7169,9.8085,9.2352,9.9435,9.3725,9.7579,9.6177,9.6536,8.7645,9.8333,9.6783,11.187,10.803,11.844,142.09,210.43,186.14,2528.7,940.03,227.29,219.26,144.08,97.228,63.791,37.361,23.469,17.323,33.239,14.472,10.372,10.095,10.421,8.8056,9.4854,10.077,9.3335,9.4858,10.675,10.126,9.7244,9.7892,11.114,22.647,59.411,172.97,116.46,84.526,42.864,30.005,21.435,16.177,14.57,13.419,11.505,10.886,9.6536,8.1704,8.2906,14.87,21.45,8.8624,-22.851,-30.011,-29.521,-40.229,-36.957,-34.971,-36.263,-14.798,-9.1048,99.638,208.36,6.3492e-15
1.9471e-15,9.2245,9.722,9.4416,9.4525,9.9681,9.3974,9.1864,9.4642,9.5094,9.0061,9.1023,9.7284,9.8411,10.379,11.365,9.9152,8.8647,9.2606,9.8463,9.5372,9.9655,9.6631,9.6124,9.3801,9.4787,8.9433,9.6995,9.9563,9.6405,9.1009,54.189,894.66,759.44,497.5,2770.6,1205.3,327.95,186.17,133.76,83.521,53.447,30.924,19.068,15.756,37.468,13.978,10.736,10.1,10.584,9.1184,9.1903,10.28,9.5164,9.7778,9.5277,10.347,9.8367,9.438,8.9963,48.693,116.56,162.98,137.69,95.019,46.418,32.657,27.482,17.243,14.892,14.109,11.902,10.854,10.263,10.863,10.346,10.708,9.5307,10.2,12.586,11.728,12.967,13.492,13.29,13.11,12.758,12.238,11.833,185.82,314.49,1.4184e-14
1.4879e-15,9.3138,10.417,9.5882,8.9655,9.6032,10.132,9.5544,9.6126,9.9884,9.4413,9.3236,9.359,9.7976,10.303,10.441,9.537,9.4564,9.3721,9.8888,9.8727,9.9445,9.433,9.7214,8.8258,8.8241,9.4041,9.8353,9.8652,5.7705,4.2778,310.74,1973.8,900.87,640.64,1847.5,1190,378.15,214.64,102.95,54.151,40.816,27.719,17.803,14.348,21.127,11.927,11.565,10.175,11.143,9.9006,9.1445,10.162,9.2985,9.5155,9.1754,10.526,10.393,10.576,2.1519,46.094,248.94,289.43,263.03,98.552,57.44,50.136,35.069,18.461,16.284,15.519,12.759,11.052,10.186,10.48,10.561,10.367,9.0652,10.576,14.1,14.626,14.443,16.165,15.791,15.522,15.435,13.625,12.847,85.791,440.45,-1.4684e-14
4.7514e-16,9.1469,9.957,9.5475,9.5632,10.4,9.9913,9.327,9.3652,9.8382,9.7684,9.2813,9.1528,9.7152,9.9694,9.6884,9.1241,9.6568,9.493,9.359,9.4639,9.6277,9.6501,9.4967,9.0623,8.6593,9.4381,9.7336,10.321,33.043,64.952,1127.5,1548.6,539.39,343.24,612.09,1610.3,422.59,164.31,85.983,45.449,29.319,21.076,15.037,13.21,17.53,12.183,12.91,9.9638,11.493,10.169,9.7789,9.9852,9.1304,9.8293,9.7919,9.1114,8.0888,5.2031,56.543,110.28,305.14,373.31,372.46,116.4,84.666,72.052,43.596,24.261,22.656,17.682,13.457,11.223,10.338,10.197,10.526,10.513,10.79,9.8628,7.6396,7.4803,7.4815,7.1935,6.3459,6.4396,6.9187,8.5875,8.1814,7.2323,324.81,-7.8039e-15
9.4289e-16,9.2443,9.2169,9.233,10.305,10.812,9.0507,9.0016,8.9579,9.4271,9.7028,9.2488,9.3355,9.5948,9.8039,9.7356,9.1124,9.6757,9.5708,8.831,8.9332,9.3229,10.012,9.5067,9.3955,8.8512,9.1317,9.5279,10.171,84.858,504.37,1419.3,443.61,133.54,20.43,-34.889,1649.4,552.84,127.63,80.966,48.518,27.774,15.696,11.941,11.848,19.564,12.276,12.904,9.5809,11.194,10.192,10.44,10.057,9.6848,9.7146,11.297,11.19,12.405,17.669,178.79,227.73,251.99,316.99,375.46,128.49,101.48,75.491,44.422,29.846,28.094,17.833,13.786,12.226,11.702,10.794,11.091,9.98,9.4563,9.4216,10.398,10.672,11.637,11.398,9.9645,9.9066,10.699,10.131,10.444,16.293,185.29,7.5945e-15
7.1719e-16,9.9356,9.424,9.0908,10.19,9.7891,8.4625,9.2981,9.0288,9.5487,9.6777,9.4627,9.6122,9.4307,9.8501,9.9608,9.5352,10.083,9.8157,9.0156,9.021,9.3457,9.8613,10.143,9.2197,9.0966,9.0248,9.5763,10.13,104.6,1252.5,677.06,153.07,47.35,43.326,9.2322,687.14,830.84,221.49,91.765,51.642,44.175,18.218,12.07,10.453,11.16,10.042,11.04,9.5137,10.417,10.712,10.479,10.607,9.3524,9.7085,11.364,11.088,35.526,85.138,282.69,300.14,158.5,173.39,267.41,128.82,93.811,58.872,36.843,31.541,28.255,16.392,14.335,14.172,14.146,10.801,11.171,10.585,9.8481,9.5695,10.064,10.13,10.539,9.6463,9.7344,9.8093,9.8439,9.5159,9.6723,31.485,211.14,1.5131e-14
1.2333e-15,9.9028,9.5124,9.333,9.8873,9.6177,8.859,9.6693,9.3682,9.6495,9.1147,9.1974,9.429,9.5879,10.297,10.366,10,10.012,10.092,9.4714,9.1708,9.3447,9.6261,10.18,9.7441,9.8578,9.334,9.6795,12.722,68.075,1477,561.5,148.51,48.639,42.894,35.196,104.6,1226.8,324.47,153.99,81.377,70.562,22.51,13.831,10.19,9.9687,10.156,10.502,10.106,9.8666,11.562,10.62,11.152,6.3575,12.323,7.8235,-3.5296,85.932,206.32,243.38,258.28,89.971,76.85,125.82,167.4,100.17,56.847,38.481,35.001,29.792,19.086,15.381,14.937,16.613,11.314,10.888,10.681,10.125,9.7961,10.081,9.564,9.3606,9.1712,9.7726,9.8538,9.2917,9.8419,10.089,18.879,81.243,8.6419e-15
4.4648e-16,9.5342,9.5887,9.5085,9.3925,9.5698,9.2284,9.7129,9.5475,9.343,9.0214,9.2413,9.4728,9.9306,10.159,10.297,9.7085,9.8317,10.274,9.6447,9.021,9.1394,9.4465,9.3098,9.5577,10.263,9.48,9.9609,1.5378,294.57,1151,566.59,151.54,52.597,17.403,10.378,-9.2851,1561.9,449.51,187.71,105.72,70.256,23.421,15.086,10.459,10.928,10.847,10.579,10.497,9.395,11.333,12.077,8.2744,16.429,4.5845,20.095,53.276,199.08,258.82,159.19,177.26,48.446,36.811,55.092,193.38,114.68,58.091,45.821,33.021,27.914,19.108,14.72,14.081,15.003,11.536,10.624,10.273,9.8249,9.5027,10.018,9.8342,9.5077,9.7658,10.294,10.347,9.8321,10.306,10.468,7.3855,-13.239,4.1789e-15
-2.1817e-16,9.4873,9.8049,9.6342,8.9141,9.1321,9.1642,9.524,9.4877,9.1246,9.7016,9.7726,9.8333,10.334,9.3435,9.7349,9.202,9.8604,10.217,9.5492,8.9892,9.1289,9.5383,8.8753,9.3218,10.636,9.9521,10.369,16.663,711.53,696.4,304.14,111.01,45.909,17.575,16.822,15.955,1497.9,516.83,160.4,97.329,45.804,22.685,15.501,10.953,9.9582,10.595,10.363,10.337,9.1303,10.965,9.8456,11.148,4.7618,29.071,87.478,165.64,267.27,190.26,101.6,107.45,25.449,22.45,62.537,222.77,118.41,57.619,49.319,26.649,22.323,15.028,12.693,12.514,11.418,11.409,10.427,9.8319,9.4108,9.0811,9.4964,10.185,10.021,9.9305,10.28,10.443,10.325,9.929,9.7104,9.5529,12.329,2.6124e-16
4.9898e-16,9.8312,9.8918,10.014,9.0281,9.0028,9.1077,9.4162,9.4354,9.5696,10.22,9.9596,9.8301,10.616,8.9447,9.3662,9.7229,10.007,9.9732,9.6099,9.63,9.7506,10.119,10.034,10.124,11.381,10.992,10.366,108.21,935.73,528.46,166.72,56.641,27.227,13.48,15.758,14.363,1013.3,433.88,130.4,67.922,35.678,25.364,16.681,12.213,10.803,10.367,10.117,10.063,9.5025,11.381,6.0696,17.306,-17.522,171.26,214.12,212.07,165.26,76.558,52.055,43.188,18.582,14.672,76.21,290.74,109.68,65.551,45.957,27.52,18.987,13.331,11.824,11.669,11.658,11.545,10.229,9.6095,9.3868,9.3295,9.4846,10.084,9.9944,10.015,9.8761,10.211,10.275,9.3724,9.057,9.3907,12.047,7.2051e-16
6.4515e-16,10.056,9.6563,9.9915,9.8549,9.4402,8.8687,9.2888,9.4534,9.5427,9.8333,9.445,9.4965,10.098,9.6387,9.4198,10.465,10.352,10.095,9.8369,10.111,10.229,10.796,10.456,8.0251,10.005,9.8107,9.5191,183.48,1100.7,615.64,165.46,41.525,23.321,16.542,21.13,15.029,1116.9,441.98,164.33,62.96,44.024,28.98,20.072,14.335,12.085,10.642,9.9287,9.8188,10.167,8.0049,26.272,-20.006,205.44,442.06,282.83,157.47,108.77,35.93,23.581,16.325,14.207,12.312,82.681,231.71,116.06,72.248,45.192,39.4,18.073,15.292,11.765,12.388,12.55,10.691,10.501,9.7883,9.7306,9.557,9.4967,9.6761,9.5426,9.6678,9.9955,10.202,10.172,9.4532,9.2878,9.239,8.4332,1.5138e-15
1.2628e-15,10.032,9.5255,9.7142,10.388,9.6016,9.3409,9.639,9.4412,9.3848,9.3191,9.1036,9.4508,9.8608,10.226,9.7215,10.256,10.143,9.9482,9.9591,9.8523,9.9833,10.76,12.112,16.667,16.685,14.667,12.883,140.77,1403.7,615.66,125.46,40.272,25.883,15.797,13.686,8.9673,1483.7,543.97,277.49,91.932,47.952,28.409,21.253,15.032,12.595,10.911,9.8388,9.7305,10.526,13.43,-22.666,75.066,615.37,585.15,260.15,86.246,123.46,47.265,15.217,15.442,12.82,12.595,58.041,101.58,98.961,80.275,51.462,46.363,25.023,17.257,13.682,14.063,12.783,10.114,10.503,10.046,9.938,9.6062,9.6355,9.5013,9.0951,9.3974,10.286,10.153,9.8803,9.8332,9.5946,9.7718,10.348,1.8704e-15
6.3693e-16,9.8561,9.8112,9.6319,10.064,9.2364,10.161,10.027,9.4309,9.6361,9.4259,9.4592,9.8168,10.367,9.8542,9.9392,9.2898,9.3189,9.2665,9.8005,9.0302,9.296,9.8195,10.54,31.259,26.812,20.63,15.966,16.404,1674,715.24,119.04,48.736,36.672,19.463,13.873,14.143,1252,696.15,384.44,134.8,62.627,33.988,21.786,14.487,13.438,11.778,10.522,10.166,10.781,11.399,-3.4306,459.59,843.57,452.35,186.3,63.671,115.93,45.895,16.258,15.983,16.779,12.496,12.84,25.576,50.964,98.582,62.843,46.258,41.79,21.547,17.32,16.286,13.757,11.034,10.299,10.01,9.9088,9.7295,9.9238,9.7934,9.0067,9.4394,10.21,9.9481,9.5005,9.9278,9.4087,9.8277,9.7208,1.0619e-15
8.661e-16,9.6691,10.142,9.7961,9.7555,9.5306,9.2183,8.9533,9.6192,9.7475,9.6728,9.7231,9.8498,10.18,9.5386,9.9242,9.3419,9.213,9.1268,9.5798,8.5497,9.1562,9.1558,1.5525,27.055,24.737,14.359,9.9693,-4.3188,1412.4,1725.2,525.04,141.74,84.475,68.255,98.125,84.647,407.03,998.73,353.85,162.27,146.41,66.56,31.909,17.033,16.837,14.99,12.872,11.42,11.335,11.432,494.28,964.58,534.98,252.16,115.93,47.811,49.683,28.807,18.731,15.827,18.73,12.363,7.6938,9.273,47.885,130.37,74.889,62.638,59.508,36.28,19.788,19.308,16.737,12.204,11.536,10.005,10.206,9.9647,9.7575,10.146,9.3503,9.1438,10.076,10.209,9.7789,9.7903,9.5802,9.7819,9.6634,7.4633e-16
7.3491e-16,9.9822,10.118,10.051,9.8151,10.248,9.4382,8.9282,9.5823,9.5806,9.7563,9.8346,9.9357,10.329,9.5681,10.181,9.9828,9.4966,9.3132,9.817,9.2017,9.3617,10.44,40.841,79.6,90.423,72.964,49.237,54.139,1043.1,2768.3,982.54,292.3,105.83,108.72,162.43,15.715,632.5,1375.8,333.05,151.27,213.88,84.84,38.473,20.049,18.599,16.569,14.413,11.969,8.3941,377.5,1060.4,972.49,174.3,107.97,59.937,32.523,14.634,19.793,17.935,14.984,15.82,11.849,13.618,11.34,60.599,168.65,87.353,72.777,67.962,40.774,23.333,20.063,17.217,12.307,12.683,11.818,10.198,9.642,9.468,10.406,9.9246,9.4324,10.002,10.45,9.8454,9.6495,10.119,10.256,9.9982,1.2576e-15
1.4554e-15,10.099,9.4582,9.7492,9.7608,10.313,10.284,9.7435,9.4646,9.2669,9.3768,9.3019,9.92,10.146,9.3219,9.9622,9.818,9.3488,9.2709,9.7933,9.7422,9.2231,9.223,105.11,161.77,197.2,166.16,119.97,159.72,1044.9,2781.4,1031,394.68,133.04,170.75,144.85,180.16,1461,1307.6,317.86,135.01,181.54,72.071,34.636,18.938,16.665,14.752,13.269,10.714,13.454,921.92,1072.1,524.15,100.7,52.534,27.093,23.387,22.833,19.728,15.413,13.074,11.407,10.797,11.201,10.229,66.095,207.84,82.885,62.757,56.661,30.525,23.805,18.622,16.236,11.314,12.576,13.439,9.9134,9.3223,9.3835,10.028,10.099,9.8303,9.7247,10.06,9.7332,9.7119,10.933,11.547,10.807,1.434e-15
1.6584e-15,9.7659,9.0381,9.2372,9.675,9.7547,9.7386,9.7951,10.089,9.5964,9.2093,8.6402,9.7736,9.042,8.9398,9.117,9.1605,9.2301,9.4026,9.3924,9.4423,9.0861,7.8549,120.31,183.84,232.71,186.66,150.65,265.64,1230.3,1609.3,620.77,376.18,240.64,321.91,103.73,1056.8,1917.6,840,324.61,208.23,102.21,62.729,34.513,19.314,16.119,13.414,11.323,9.351,37.043,1137.3,469.42,186.61,236.13,58.325,23.932,21.508,18.865,15.591,15.517,11.064,10.544,10.312,10.029,9.9742,75.07,245.28,72.37,51.241,33.88,25.219,18.955,18.421,18.643,11.805,12.674,12.691,10.566,10.357,9.8679,9.3787,10.125,9.9049,9.8191,9.6269,10.588,10.661,12.724,13.803,13.042,2.4322e-15
1.4329e-15,11.192,10.916,10.806,11.126,10.81,11.069,11.035,11.44,11.505,11.1,10.668,10.621,10.269,10.459,10.488,11.335,11.22,11.065,11.209,11.367,10.765,28.715,90.911,170.56,167.76,126.63,116.39,203.67,544.32,505.18,341.94,318.89,334.1,462.13,149.52,1924.1,4244.6,1641.7,727.41,430.21,194.58,103.6,62.203,41.31,25.971,18.687,13.892,12.253,52.845,1065.6,287.09,125.96,321.51,70.445,28.344,20.124,16.655,17.878,17.105,12.377,11.892,12.132,11.275,11.661,90.32,263.13,138.39,72.847,41.294,42.488,22.936,20.603,22.05,17.431,15.921,13.914,12.814,12.124,11.08,10.703,11.804,11.811,12.082,10.95,12.335,13.145,16.145,16.365,15.542,2.4796e-15
4.8618e-16,6.805,6.8392,6.6785,6.7137,6.4731,6.789,6.5891,6.6684,7.0202,6.9025,6.8378,6.1774,6.3751,6.4422,6.4972,7.2858,7.0156,6.7283,7.003,7.1467,6.6296,25.459,35.747,85.767,58.571,41.294,44.078,62.913,-64.128,29.175,151.64,155.74,200.65,283.51,110.3,1249.9,3320.6,1363.4,578.34,317.87,164.3,76.328,46.273,32.394,18.629,12.755,9.0874,8.2178,30.765,524.57,208.66,91.256,179.93,39.945,16.475,10.231,9.6604,11.765,9.8254,7.6692,7.0137,7.4657,6.7655,7.0701,54.135,144.17,107.66,51.472,30.37,31.594,15.406,12.121,12.895,11.871,10.09,8.364,7.8119,7.1259,6.446,6.5364,7.1709,7.2847,7.5528,6.6187,7.2824,8.0529,9.9574,9.5994,9.1005,1.8348e-15
-4.041e-17,6.2702e-16,8.524e-16,8.5112e-16,8.6557e-16,6.8924e-16,1.3283e-15,1.5465e-15,2.1986e-15,-1.038e-15,1.0693e-16,9.3814e-16,1.5393e-15,2.1594e-16,6.6124e-16,8.4731e-16,5.3161e-16,6.4379e-16,7.8542e-16,1.9265e-15,1.5687e-15,-5.9121e-16,-6.6006e-15,8.2518e-15,1.371e-14,2.6437e-14,1.8669e-14,1.0474e-14,2.5692e-14,1.3748e-13,9.4728e-14,3.9635e-14,3.8563e-14,3.4108e-14,6.2487e-14,1.6853e-14,1.7157e-13,6.3607e-13,-1.2297e-13,1.051e-13,-3.0008e-15,1.0083e-14,4.3154e-15,9.44e-15,-2.5317e-15,1.4595e-15,-1.1881e-16,4.1297e-16,5.6595e-15,2.6845e-14,1.4958e-13,7.3371e-15,9.6728e-15,2.3017e-15,5.5727e-15,5.6588e-15,2.9445e-15,1.1229e-15,3.8379e-16,1.0113e-15,6.768e-16,4.8688e-16,1.6853e-15,7.9591e-16,7.2834e-16,4.8498e-15,2.7268e-14,2.8036e-15,1.1399e-14,5.3472e-15,4.3894e-16,-9.0465e-16,2.1028e-15,2.4652e-15,2.8149e-15,1.5299e-15,1.1236e-15,2.2651e-15,1.9298e-15,7.1573e-16,5.9446e-16,1.8902e-15,9.8817e-16,7.2743e-16,7.8799e-16,1.1847e-15,-1.5756e-15,1.9941e-15,3.4799e-15,2.0829e-15,9.3055e-17
