-4.4454e-17,1.2348e-16,8.2644e-17,1.6245e-17,4.6205e-18,-1.0782e-18,2.5036e-18,3.0267e-18,-8.3165e-18,4.6514e-18,1.0812e-17,5.5509e-16,6.9883e-17,8.6261e-17,4.0062e-17,-2.4492e-17,6.1355e-18,2.7215e-19,-3.3944e-18,7.0636e-18,7.0387e-18,6.6152e-18,1.0196e-18,4.3139e-18,2.3723e-18,7.3221e-19,1.0676e-18,-5.2617e-18,-5.8742e-18,3.0836e-18,5.6706e-18,4.7427e-18,1.7193e-18,2.5495e-19,-2.408e-19,4.6948e-18,5.0664e-18,1.4441e-18,4.5477e-19,2.5122e-17,1.9933e-16,7.4687e-17,-1.8803e-16,-6.2514e-17,5.9107e-16,2.3878e-16,4.023e-16,2.0346e-16,1.638e-16,-2.0623e-17,-4.0738e-17,-2.6251e-17,2.815e-17,1.8955e-17,-7.7416e-18,-6.1269e-19
-6.8069e-18,0.31037,0.269,-0.0098532,-0.0028885,0.050681,0.010295,-0.0018863,0.0023705,-0.00047371,0.46537,1.7533,0.76348,0.49324,0.33114,0.13709,0.023085,-0.00081167,0.02786,-0.0041089,-0.0038071,0.0077283,0.01425,0.022986,-0.0018104,0.021682,0.026075,0.026086,0.026761,0.0030706,0.0013069,0.042999,0.01519,-0.00021602,3.1194e-05,0.022981,0.047991,0.0083329,-0.00078512,0.062614,-0.11081,-0.005817,0.22032,0.095851,-0.34112,0.39772,0.22163,0.26314,0.369,0.17612,0.03616,0.079346,0.18067,0.17861,0.084886,1.4695e-17
-1.0845e-18,0.52864,0.55632,0.07577,0.01188,0.058786,0.019374,0.0079399,-0.0084613,0.0062754,0.15626,3.7721,1.2175,0.89656,0.58271,0.1067,0.045703,0.0046666,0.01993,0.017802,0.017168,0.035308,0.023418,0.039608,0.0077496,0.022089,0.026285,0.026243,0.023832,0.0226,0.017018,0.062929,0.02895,0.00077105,-0.00011135,0.039599,0.074645,0.0078313,0.0050935,0.10919,0.47298,0.2781,-0.43434,-0.056543,2.1231,1.9194,2.4656,1.2284,1.1587,0.14857,-0.11304,-0.044614,0.2899,0.32967,0.097021,3.2528e-17
2.7409e-17,0.38525,0.47211,0.19903,0.02413,0.0095729,0.012137,0.01956,0.0070971,0.094519,0.56811,5.2532,2.2648,1.0947,1.0867,0.1889,0.07845,0.034584,0.0031626,0.0532,0.063379,0.051022,0.021288,0.036386,0.021471,-0.0020107,-0.0022305,-0.002195,-0.00014787,0.04293,0.028322,0.029086,0.021608,-0.00064554,9.3221e-05,0.036378,0.042354,-0.00033092,0.045583,0.089346,0.81091,0.16778,0.73031,0.92517,5.8065,5.145,6.206,3.8327,2.8201,0.62611,0.4451,0.077908,0.17036,0.2698,0.085494,2.9521e-17
-2.5935e-17,0.22288,0.12122,0.18899,0.0033261,0.0069673,-0.00070519,0.015307,0.040885,0.27386,3.9855,6.124,5.6931,1.6618,2.4842,0.90716,0.17747,0.088074,0.063517,0.053567,0.090833,0.023473,0.023328,0.036298,0.017674,-0.0016977,-0.0011769,-0.00068227,0.025544,0.040584,0.022231,0.0039459,0.0035489,-0.0030516,0.00044067,0.03629,0.016108,0.0013845,0.12172,0.07757,0.49612,-0.12445,6.4559,4.2629,7.2161,9.0742,8.449,7.9997,5.7908,2.5012,2.3437,0.95963,0.083148,0.17085,0.14372,1.0368e-17
-3.6461e-17,0.17987,-0.016068,0.097658,0.0083797,0.019338,0.015103,0.026574,-0.10528,0.32837,5.9641,3.5905,8.1705,1.777,3.1374,1.375,0.32666,0.10614,0.085335,0.022043,0.055699,0.0034111,0.008127,0.016917,0.004265,0.0010697,-0.0023621,-0.0010394,0.040739,0.038032,0.069103,-0.0034688,-0.0015997,0.017468,-0.001868,0.016911,0.01707,-0.0081828,0.13707,0.096992,4.9115,3.7934,9.6926,6.4541,12.072,8.9482,6.8282,9.798,8.3325,3.8462,2.9672,1.2555,0.24864,0.2241,-0.2058,-2.5341e-17
-9.6335e-18,0.13878,0.0092891,0.025671,0.028744,0.036897,0.044653,0.03858,0.20607,0.86495,4.6,38.792,13.564,2.0573,2.7734,1.271,0.39122,0.088294,0.055578,-0.0036214,0.0078707,-0.00098776,0.0026234,-0.0029312,0.0016496,-0.00024637,0.0054187,0.011008,0.026997,0.027154,0.10477,0.0027345,-0.00039218,0.042612,0.0029455,-0.0029274,0.02498,0.013428,0.075914,-0.0095061,11.595,9.1768,8.5108,6.5897,16.023,5.8887,5.4045,8.4168,8.0261,4.1729,2.61,1.5612,0.47818,0.28641,0.89169,1.7274e-16
-1.5483e-18,0.022422,-0.0023791,0.027427,0.027036,0.056579,0.053244,0.032543,1.1395,1.8882,1.5435,111.1,22.159,2.988,2.2759,0.91324,0.30901,0.065047,0.029101,-0.00097441,7.0631e-05,-0.0011335,0.029869,-0.00089031,0.01185,-7.1479e-05,0.029779,0.03665,0.003341,0.0025703,0.076042,0.021544,-0.001117,0.048898,0.017043,-0.00088562,0.019603,0.076432,0.031676,0.036358,14.601,10.821,6.2213,5.8896,13.471,3.7254,6.7047,5.5188,4.9315,4.2881,3.3151,2.3659,0.53407,0.31747,3.3056,3.4199e-16
7.91e-18,0.01484,0.065613,0.061841,0.0090962,0.046889,0.032661,0.034775,1.3127,1.7353,0.34598,115.53,21.444,3.1976,2.654,0.81699,0.23798,0.054532,0.035853,0.0014878,-0.00203,0.011467,0.052767,0.0051987,0.0055016,0.0001447,0.021471,0.011233,-0.009523,-0.0027724,0.080897,0.05465,0.013472,0.049924,0.019746,0.0067333,0.014482,0.079589,0.15474,1.0958,12.063,8.2377,7.3852,5.6664,8.5204,3.7199,5.0714,3.027,3.131,4.8167,5.3696,2.1458,0.56492,0.68904,2.0898,4.5485e-16
8.7259e-18,0.042328,0.091803,0.081313,-0.0024237,0.019893,0.014649,0.040417,0.71208,0.77274,0.55562,57.809,12.352,2.2258,4.1406,0.80676,0.19489,0.095281,0.083046,-0.0013994,0.0055359,0.019879,0.060911,0.028108,0.012709,-0.00019179,0.00055559,0.0099159,0.017599,0.00090508,0.063651,0.061446,0.027469,0.047046,0.018763,0.043999,0.013487,0.049852,0.35281,1.6557,8.8931,6.6417,9.8444,6.0791,3.722,3.3583,2.4577,1.3857,1.9061,3.3347,1.5922,2.7736,1.0448,0.98568,0.5097,1.4296e-16
-3.3125e-18,0.030709,0.031312,0.061795,-6.4476e-05,0.00018667,0.010923,0.030969,0.061072,0.019359,0.77527,0.79724,3.305,0.84983,5.3696,0.73877,0.14551,0.14881,0.11681,-0.0001455,0.023329,0.018431,0.049507,0.053973,0.039166,-2.2254e-05,-0.00024291,0.066417,0.066822,2.3373e-05,0.0045348,0.031138,0.023803,0.031036,0.018559,0.093119,0.026206,0.039397,0.2648,1.1777,7.9386,7.7713,11.87,6.3264,2.6746,1.7035,1.3467,0.74613,1.1551,1.6766,6.6209,4.5662,1.7932,1.1309,1.0957,1.678e-16
-3.0969e-19,0.033385,0.02555,0.016039,0.0011203,-0.0014899,0.00061267,0.0035271,-0.01798,-0.046339,0.64938,-4.4321,1.5588,0.46061,4.2117,0.76369,0.085033,0.11393,0.068768,0.015535,0.029869,0.021043,0.017066,0.037112,0.039244,0.0010805,0.021714,0.099396,0.072548,-0.00037762,-0.0086404,0.0054327,0.006444,0.0019989,0.0076598,0.081997,0.059906,0.056499,-0.16308,1.6631,6.9189,7.4997,13.512,5.0585,8.3273,0.94847,0.75876,1.1819,2.6143,5.3023,46.016,4.9046,1.9528,1.5612,1.3228,1.0204e-16
4.9763e-18,0.041179,0.0267,-0.0072569,-0.0022518,0.00051857,0.0073296,0.012262,0.048644,0.033024,0.30772,2.3014,1.6577,0.84283,2.0601,0.62614,0.052062,0.072762,0.078276,0.04194,0.029029,0.0089747,0.013357,0.010635,0.014023,-0.0031519,0.036152,0.074798,0.035443,0.0012632,0.015656,-0.0010868,-0.0028519,0.015474,-0.0087911,0.028086,0.058819,0.085364,1.0249,5.223,6.2363,6.2715,6.9709,1.6044,10.439,0.7801,0.30001,0.97739,1.9494,6.6189,63.964,4.6055,1.8549,1.4028,-0.052327,2.8828e-17
5.7525e-18,0.057488,0.03564,0.0017162,0.001532,2.2693e-05,0.021466,0.042564,0.0090017,-0.0034016,0.018414,-0.16001,0.98534,1.2436,0.61356,0.42605,0.068611,0.064876,0.13288,0.056438,0.023825,0.0012499,0.043262,-0.00057647,0.00094381,0.0022956,0.026956,0.024271,-0.0025733,0.011661,0.027249,-0.00045967,0.00062452,0.040341,0.005145,0.033549,0.043143,0.060841,3.0138,8.4662,5.9844,5.1428,8.332,2.3601,6.1514,0.69879,0.29145,1.1136,2.5108,4.7488,41.913,4.6868,1.9034,0.8391,0.65536,3.8387e-16
1.6625e-17,0.089823,0.083845,0.013367,0.020387,0.00047478,0.012777,0.035421,-0.0030403,-0.0033862,-0.016551,-0.2367,1.2214,1.0991,0.38434,0.45909,0.10824,0.057146,0.10214,0.038014,0.014522,0.028615,0.060923,-0.00055447,0.030215,0.032654,0.0048547,0.0019989,-0.0033916,0.028476,0.0025186,-0.0037033,0.0023133,0.013011,0.060846,0.1518,0.071828,0.034957,3.5571,6.8279,5.6305,4.4158,15.922,5.7176,1.3899,0.62588,0.94148,3.4833,9.5468,5.0176,12.56,5.2471,2.2652,0.81829,2.8966,5.8577e-16
1.142e-17,0.085797,0.054548,0.0084938,0.025767,-0.0021714,0.0034461,0.012808,0.092059,0.0017246,0.14219,0.1734,0.93484,0.61941,0.26977,0.4387,0.087816,0.042628,0.03543,0.0083292,0.012298,0.044061,0.030107,0.00019965,0.057081,0.049496,-0.002694,-0.00045796,0.0061904,0.01525,0.016282,0.020386,-0.0083967,0.017905,0.052718,0.17404,0.087384,0.33635,4.228,5.4733,5.5616,4.0907,-51.079,-17.2,-0.43307,0.38632,1.0705,4.9006,11.677,5.0224,3.0776,5.6816,2.9512,0.96668,-9.9478,-9.0543e-16
-2.8513e-19,0.050797,0.0083918,-0.00054416,0.012909,0.0032618,-0.0013576,-0.0024424,0.17526,4.4763e-05,0.26157,0.0544,0.29159,0.19382,0.045807,0.26017,0.031503,0.032352,-0.005435,0.0029581,0.017382,0.040465,-0.0042319,0.00014197,0.046425,0.03419,0.00055057,-0.00068357,0.0075047,0.0050302,0.044832,0.044381,0.012096,0.047504,0.028901,0.08501,0.054258,-0.32624,3.9078,5.63,5.5102,4.6586,80.525,28.168,1.0437,0.32723,0.94767,3.4576,6.5341,3.4169,5.8603,5.0507,2.6288,0.9801,15.663,2.0655e-15
2.285e-18,0.03095,0.025935,0.0001228,0.001863,0.020215,-0.001825,-0.001646,0.12487,0.00066818,0.18632,0.061018,0.13474,0.039291,-0.0030129,0.047917,0.0021973,0.029031,-0.0021805,0.0265,0.017734,0.030429,-0.00053477,0.00033657,0.0057251,0.0033721,0.0001321,-0.0014503,0.00095624,0.02545,0.032351,0.031595,0.063954,0.050218,0.065045,0.0054569,0.0030675,-0.36014,3.1899,6.0442,4.9916,5.8201,474.6,166.14,4.2741,0.97821,1.2323,0.56897,1.0595,2.9449,3.748,3.2191,0.96192,0.7761,101.98,1.753e-14
-7.3652e-18,0.055328,0.010315,-0.0026424,0.014952,0.023503,0.019532,0.011014,0.032268,-0.0050265,0.053199,0.026389,0.10431,0.0058089,0.02705,-0.011778,-0.0021488,0.010884,0.0079386,0.028462,0.0012788,0.0073871,-0.0043303,-0.0022942,-0.0098041,-0.0024309,0.00094786,0.016653,-0.0013852,0.019183,0.0024713,0.0062271,0.032716,0.031543,0.090313,0.01186,0.019233,6.7426,7.9992,7.1985,4.1617,5.8107,485.34,176.83,7.0143,2.2541,1.3186,0.3556,3.2424,9.0095,1.1707,1.671,0.55348,0.38525,138.08,4.4924e-16
-1.0977e-17,0.055611,0.0060523,0.0066537,0.011514,0.023209,0.060717,0.017748,-0.00033965,0.011585,-0.011381,0.0020441,0.081049,0.0041068,0.044139,0.0039453,0.00076506,-0.002586,0.011164,0.030169,0.0098562,0.003313,0.012408,0.0052938,0.012761,-0.0010052,0.0087477,0.049767,0.0015315,0.013936,0.016784,0.0038219,-0.00066336,0.018003,0.059205,0.025349,0.051082,11.07,12.121,8.5889,3.8532,7.1789,219.78,89.423,6.6644,1.9238,0.40177,0.08497,3.5108,12.314,7.5581,0.89419,0.86642,0.17658,85.079,-3.1208e-15
-2.6615e-19,0.012598,0.042508,0.026706,0.00035643,0.041793,0.088972,0.016896,0.041809,0.043135,-0.00025964,0.035963,0.070107,0.0021479,0.026568,0.00013371,6.3336e-05,-9.4004e-05,0.010695,0.043445,0.043003,0.018201,0.043425,0.022842,0.043034,-0.00048641,0.029777,0.06952,0.0073775,0.025703,0.065838,0.025213,0.019654,0.020622,0.0012983,0.0098377,0.06808,6.6936,9.9741,8.7141,5.1075,9.9383,15.274,15.487,3.7699,1.2411,0.60079,0.46668,2.2329,9.1884,16.646,1.2444,0.85633,0.27408,2.0997,5.6336e-17
7.2421e-18,0.012389,0.060141,0.027949,0.056859,0.082822,0.063181,0.033932,0.077959,0.034181,-0.0053978,0.028122,0.040932,-0.004603,0.0089688,0.0005641,-0.0010093,-0.00017944,0.012029,0.034525,0.035862,0.0060504,0.019817,0.027423,0.035785,0.022027,0.060382,0.044205,0.012982,0.015013,0.058037,0.030845,0.023145,0.023099,-0.0052221,0.036047,0.10828,1.5252,4.4319,6.675,8.2757,10.001,-9.062,1.1036,2.5073,4.8734,6.2347,8.8391,14.446,8.6893,8.7794,2.9243,0.72862,0.34262,-7.2707,4.7446e-16
1.5259e-17,0.081545,0.087741,0.029336,0.10937,0.090563,0.028771,0.086317,0.079693,0.019412,0.025446,0.013437,0.010679,0.016355,-0.011146,-0.0034581,0.0025542,0.0017181,0.0062005,0.014441,0.015347,0.00058497,-0.0030529,0.014604,0.014124,0.024656,0.050793,0.0067044,0.0029597,-0.0024647,0.021626,0.015799,0.034748,0.015512,0.0015761,0.034971,0.055723,-0.25852,0.67907,6.7772,10.931,10.567,11.637,4.5592,4.016,7.5098,14.232,23.753,19.958,7.007,1.675,3.4652,0.6399,0.24858,3.6195,-1.9129e-16
2.4519e-17,0.1149,0.11369,0.022021,0.081888,0.036127,-0.0045902,0.099648,0.031296,-0.0045861,0.096244,0.013778,0.00014101,0.046009,0.0059163,0.0023232,-0.0015574,-0.001172,8.0403e-05,-0.0011551,-0.002119,-0.0017616,0.00058307,-0.00092063,-0.0012442,0.027417,0.023831,0.0021518,0.0021763,0.0022001,-0.0010117,-0.00086531,0.043492,0.023937,0.00019054,0.0077262,0.10469,0.40358,0.3679,7.3004,10.572,10.519,5.3675,2.1012,5.8487,7.3822,20.34,31.214,12.582,4.449,3.5244,2.6968,0.61235,0.10411,-0.10877,1.2749e-17
2.0826e-17,0.072841,0.10887,0.0084641,0.0013647,-0.017796,-0.025397,0.035661,-0.02109,-0.028406,0.17041,0.018562,0.0041451,0.033736,0.081612,0.035647,-0.010942,-0.0083718,0.0030432,-0.0038567,0.0023174,-0.013931,0.0019587,-0.0015383,-0.002104,0.072778,0.039926,0.038322,0.038394,0.02919,-0.00049103,-0.00070306,0.011067,0.063587,0.010852,0.021842,0.45595,0.36653,1.3658,4.3597,6.7876,7.8534,6.4471,3.5705,5.0434,7.4341,21.955,19.519,5.538,5.6909,5.7424,2.2807,0.56968,0.080321,-0.60268,8.178e-17
1.1011e-17,0.29375,0.14258,0.093872,0.048932,0.096402,0.096749,0.13207,0.098179,0.10648,0.29111,0.054399,-0.018164,0.0040867,0.062883,0.038568,0.051466,0.040012,-0.013451,0.01856,0.13397,0.071684,-0.0060152,0.0024228,0.036756,0.061794,0.042883,0.038725,0.038513,0.013944,-0.0027963,-0.0011033,-0.007937,0.041928,0.038524,0.039371,0.44065,0.20191,1.497,6.7142,3.2202,13.533,8.0572,5.2338,4.1971,7.2021,18.85,9.1136,3.0529,6.7756,5.7758,1.1812,0.4218,0.048878,1.9939,3.4812e-16
5.14e-18,-0.20099,-0.063426,-0.10589,-0.074023,0.024215,-0.061395,-0.15295,-0.13346,-0.14084,-0.023492,-0.0063277,0.024588,0.0058797,0.061761,0.030867,0.086903,0.074318,0.018707,0.088031,0.24523,0.18587,0.0079187,-0.0025344,0.07361,0.014462,0.014833,0.022302,0.022569,0.0048503,0.0047621,0.0023053,0.0051522,0.031176,0.071289,0.036037,0.14893,0.18985,0.79098,9.7667,1.7961,17.928,9.1235,4.6683,5.0086,7.8677,12.312,6.2594,4.7824,5.4563,3.6267,0.18895,0.24693,0.014313,2.8743,3.1598e-16
1.4837e-16,-0.34916,0.21346,-0.012084,-0.038402,-0.02032,-0.095808,-0.26321,-0.25039,-0.24322,-0.16837,-0.021362,0.047797,0.013237,0.056161,0.10152,0.06715,0.033961,0.1026,0.19003,0.15899,0.19341,0.044982,-0.0037823,0.068715,0.012037,-0.0039393,0.032271,0.032785,0.03862,0.027512,0.017964,0.023232,0.090107,0.087735,0.018604,0.018842,0.11763,0.28617,6.1684,2.1017,10.28,12.779,4.0649,6.2158,9.3443,5.2325,5.7167,7.2868,2.8299,0.91243,0.32999,0.15544,0.035163,0.41398,9.8022e-17
5.9336e-16,3.6386,2.4618,1.9937,1.3682,1.0904,1.5984,1.8879,1.5886,1.8322,1.7744,0.55097,-0.23148,-0.021658,-0.29408,0.29306,0.22544,0.026779,0.046524,0.24614,0.013861,0.10446,0.026757,0.039321,0.063892,0.058931,0.04503,0.026699,0.023651,0.0036727,0.012167,0.026654,0.0083518,0.049543,0.068538,0.0076562,-0.0035843,0.064173,0.14696,2.5499,2.39,5.1278,13.124,8.029,4.4186,7.034,1.8656,5.3869,5.6305,1.7956,0.23493,0.28893,0.10235,0.04082,-0.30598,2.0697e-17
1.0552e-15,-5.5369,-3.2647,-2.8124,-1.5119,-1.6542,-1.4117,-3.2472,-3.0081,-2.3995,-2.7312,-0.10038,1.1215,0.7805,0.90206,0.19192,-0.037959,-0.042337,0.1228,0.31501,0.15382,0.076977,0.037172,0.021202,0.01811,0.073388,0.07889,0.023834,0.030421,0.031064,0.0017802,0.01434,0.0041697,-0.011086,0.019481,-0.0071495,0.0010423,0.030392,-0.018492,0.69532,2.0616,3.5098,9.5612,10.42,5.0252,3.1967,3.1798,4.2757,2.8273,1.4257,0.35155,0.075956,0.034009,0.0030833,0.10357,-1.0517e-17
3.5141e-15,-1.3333,0.12871,-0.65125,0.94423,1.2045,0.087595,-0.16213,0.78762,0.16429,-0.62488,0.10236,0.52359,0.38086,0.54036,0.12169,-0.021652,-0.016708,0.092876,0.2686,0.3625,0.059538,0.0099924,0.036744,0.033527,0.042791,0.044714,0.033155,0.061375,0.12818,0.026579,-0.00027761,0.024221,-0.0013714,-0.0018683,-0.0025683,-1.3801e-05,0.00088246,-0.0096564,0.13092,1.3215,2.3407,5.499,7.9093,8.6528,1.503,5.7024,2.5541,1.8412,0.73746,0.16834,0.062585,-0.0024424,-0.0040223,0.0029894,2.398e-18
3.3799e-15,87.749,52.96,38.349,28.879,28.62,27.112,43.884,43.403,38.36,37.025,6.4864,-4.9113,-2.6119,-4.6168,0.72339,1.4249,0.2913,-0.47083,0.027979,0.094791,-0.025025,-0.086961,0.28084,0.26215,0.064654,0.018235,0.021552,0.052205,0.068343,0.053862,0.0192,0.010832,0.021271,0.070544,0.071726,0.0015786,-0.0020734,0.9191,0.86941,0.63191,2.532,4.5003,6.3026,6.5274,2.2887,3.9071,1.3262,0.98286,0.73664,0.7366,0.12677,0.10406,0.12871,0.079563,1.0588e-17
5.1334e-15,198.85,97.961,47.714,35.541,35.104,33.914,51.073,52.52,48.073,46.976,8.185,23.781,13.069,17.529,-0.25011,-2.1407,-0.78284,1.3568,1.1034,1.0911,1.1072,1.0898,-0.17325,-0.013168,0.089133,0.063531,0.014234,0.033286,0.059845,0.12855,0.010534,0.0028685,0.028691,0.08784,0.089571,-0.0048673,-0.0003516,1.0539,1.091,0.21348,2.8604,3.5155,4.5266,2.6413,2.5262,1.2769,0.58494,0.37294,0.56711,0.89974,0.12426,0.15231,0.19196,-0.02416,3.0464e-17
1.4892e-15,226.63,83.361,17.47,13.704,13.676,12.995,14.082,18.502,18.706,18.415,3.2714,58.652,32.313,45.429,30.247,6.7491,0.52322,-0.69858,-0.32308,-0.25198,-0.22568,-0.15917,0.38292,0.20475,0.097172,0.020815,0.028206,0.025891,0.10772,0.16417,0.002894,0.021849,0.018618,0.037255,0.035994,0.0025615,0.00062092,0.29796,0.43177,0.051956,2.2804,1.451,2.1643,0.99448,1.6155,0.34878,0.17235,0.17523,0.071566,0.38584,0.054395,0.079637,0.12119,0.13727,6.8095e-17
-1.9203e-15,125.45,19.077,2.1463,1.6336,1.5982,1.4643,0.55704,1.7938,2.1426,2.155,0.44624,34.787,19.715,27.068,107.15,43.026,8.8889,-5.9543,-3.5225,-3.6162,-3.5194,-3.1982,1.9163,1.0669,0.086834,-0.094559,0.040625,0.011381,0.023094,0.039903,0.070391,0.042936,0.0034703,0.042593,0.016206,0.044325,0.010753,0.11412,0.067314,0.0040848,0.97921,0.32809,0.93958,1.219,1.3585,0.18531,0.061635,0.065597,0.0064533,0.12975,0.012049,0.015093,0.049259,1.1593,6.1829e-17
-2.3816e-15,30.747,-7.0644,-0.44308,-0.58943,-0.6374,-0.62463,-0.17572,-0.7513,-0.95876,-0.93861,-0.17378,7.0501,4.3564,5.5431,95.602,41.979,14.584,30.445,18.84,16.968,16.387,17.625,-6.1174,-3.5461,-0.018481,0.61927,-0.00096721,-0.020414,0.012946,-0.022776,0.076574,0.043566,-0.0017364,0.054011,0.015765,0.030843,0.0015433,-0.1436,-0.062336,0.0035872,0.16399,0.020203,0.4855,1.5295,1.0135,0.15372,0.038645,0.0067016,0.082486,0.047085,-0.021004,-0.015738,0.0013264,0.86439,7.944e-17
3.9039e-16,-1.4661,2.7679,0.18263,0.19472,0.1946,0.14112,0.038968,0.1548,0.18416,0.18341,0.14252,-0.6056,-0.30523,-0.40304,26.167,12.856,14.606,60.423,37.263,34.014,33.126,32.334,10.734,7.1737,0.98954,-0.55471,0.021944,0.1052,0.11735,0.0076009,0.028376,0.036733,0.00036041,0.048682,0.015068,0.0064307,0.0059991,0.32396,0.14131,0.07544,0.0073459,0.029292,0.25959,1.1356,0.44356,0.076204,0.013964,0.003714,0.076153,0.045854,0.022971,0.013431,0.0087059,-0.060153,-3.1221e-18
-4.9399e-16,1.5338,2.9422,0.28607,0.10854,0.081624,0.069842,0.060023,0.13315,0.11436,0.1188,0.5197,-0.074691,-0.025331,-0.15809,1.3135,0.86029,11.038,29.235,18.187,16.16,16.345,10.438,59.755,38.139,9.4215,1.4735,0.14807,0.15344,0.076784,0.035041,0.020335,0.043277,0.0018316,0.0277,0.014386,0.034951,0.046282,1.7779,0.70318,0.20414,0.033648,0.050241,0.060904,0.36605,0.096839,0.020812,0.0012314,0.030389,0.010035,0.10818,0.14457,0.073673,0.051967,0.033877,7.0348e-18
2.4733e-16,4.6085,3.6263,1.537,0.024069,0.11475,-0.037674,0.031691,0.056324,0.019954,-0.021563,0.4438,0.40027,0.22913,0.17859,-0.99543,-0.56157,3.8689,4.3938,2.7966,2.2822,2.9485,-0.42062,43.753,31.725,34.858,25.885,1.4871,-0.31858,-0.33513,0.059776,0.049753,0.050324,0.0092408,-0.022799,0.025402,0.020147,0.038742,1.2766,0.96392,0.21156,0.13773,0.068778,0.017031,0.016329,0.02422,0.034865,-0.0012878,0.029457,0.0038643,0.10332,0.10017,0.029491,0.0076773,0.10209,-3.6643e-18
5.7156e-16,1.9005,3.3895,2.2225,0.61019,0.24086,0.042944,0.079745,0.074837,0.07944,0.024974,0.16035,0.0017594,-0.023499,-0.048824,0.29136,0.18546,-0.71988,-0.62587,-0.41315,-0.29857,0.078831,0.74257,5.483,8.2625,45.293,35.283,16.005,4.9495,0.95825,0.069052,-0.019569,0.037207,0.029529,0.055854,0.040251,0.005705,0.0088362,0.13098,0.68275,0.1287,0.15806,0.058702,0.072658,0.0026732,0.064125,0.04913,0.0009451,0.011409,0.017345,0.050222,0.020529,0.049216,0.071357,0.0094898,7.9637e-18
2.124e-16,1.4538,1.6522,1.3012,1.3238,0.43452,0.2248,0.13821,0.016217,0.017526,0.0013494,0.014669,-0.0055536,-0.0037294,-0.0047411,0.074991,0.015334,-0.05904,-0.054161,0.0052189,0.0041151,0.017455,0.052257,-0.083595,0.18669,24.82,12.651,34.446,15.012,3.7901,0.1293,-0.0068731,0.016693,0.060056,0.24586,0.051751,0.01452,0.00013113,-0.0041641,0.17876,0.059892,0.056427,0.018873,0.11054,0.0066464,0.069661,0.018806,0.00040574,0.00060289,0.00097968,0.021709,0.048278,0.17991,0.23267,-0.00098737,2.6053e-17
1.1198e-15,7.7884,7.6234,1.0293,0.91791,1.4392,0.6354,0.059383,0.088077,0.073861,0.0072086,-0.0053052,0.046681,0.0091675,0.010318,-0.03149,0.0015877,0.20622,0.18161,0.20559,0.096165,0.046928,-0.078258,0.21713,-0.38158,5.2271,1.0087,22.054,18.791,7.3487,0.32032,0.37384,0.036042,0.074758,0.24333,0.062997,-0.019296,3.5551e-05,0.010381,0.064311,0.046905,0.0061792,0.0039675,0.093655,0.0077931,0.034502,0.0009101,-0.0051931,-0.0040357,-0.0021156,0.038688,0.077759,0.15094,0.10238,0.014629,8.583e-18
1.8517e-15,9.7936,10.343,1.6339,0.60561,1.7339,0.88365,0.1188,0.086741,0.095681,0.02564,-0.001531,0.044126,-0.00081089,-0.0040089,0.052698,0.060734,-0.016148,0.018633,0.050848,-0.022706,-0.009777,0.090929,-0.033661,0.17015,-1.5453,-0.19826,4.5217,28.081,29.54,0.44356,-0.51656,0.063483,0.0078713,0.17032,0.054827,0.071693,-0.00084592,-0.0072161,0.10311,0.06591,-0.0042198,0.0034141,0.073011,0.0045347,0.0056839,0.0020639,0.01498,0.0087657,0.00079747,0.032562,0.048811,0.046146,-0.015105,0.02238,-4.8659e-18
1.6639e-15,5.0506,6.6184,3.4185,1.3555,2.1352,1.0463,0.29981,0.0014188,0.026917,0.016875,0.001582,0.013661,0.0019851,0.0010278,0.053831,0.012724,0.017777,0.058933,0.0051928,0.0034996,0.01635,0.010701,0.0032868,-0.010252,0.10175,0.013581,-0.08849,36.471,48.85,7.4262,0.59803,0.067495,0.087843,0.17085,0.047228,0.19992,0.00038957,0.0017998,0.068938,0.069926,0.0020837,0.0017482,0.062332,-0.00017202,-0.00021764,-0.00098887,0.038426,-0.0034738,-5.2305e-05,-0.0013445,-0.0017013,5.9948e-05,0.016804,0.015466,2.0164e-18
7.4919e-16,2.333,4.9296,6.2533,2.9713,4.6989,1.433,0.2848,0.041258,0.0010983,-0.0072182,0.039891,0.00048739,0.00079986,0.0028557,0.01547,0.00037664,0.010968,0.02393,0.043454,0.049119,0.0069607,-0.004301,0.013138,0.0014843,0.21807,0.044395,-0.18383,23.476,24.987,26.145,9.0392,0.19477,0.37261,0.18112,0.069905,0.1046,0.0090672,0.041279,0.020802,0.030998,0.039227,0.00039531,0.028691,-0.00035077,-0.0020756,-0.012161,0.012135,-0.041542,-0.00010831,-0.0028174,0.0024876,0.032868,0.0068324,0.0026929,-3.3294e-19
3.8574e-16,2.0302,4.3927,6.3479,4.8365,5.6523,1.1254,0.18901,0.048096,-0.00059835,0.044245,0.033731,0.0018774,-0.00039544,-0.0055496,0.030345,-0.0051685,-0.010616,-0.011483,0.043986,0.03347,-0.0048539,-0.0011637,0.0034424,0.096696,-0.0018153,0.014892,0.08861,6.9533,3.5001,32.662,18.36,1.0354,-0.29486,-0.063392,0.045074,0.033989,0.0083653,0.061355,0.0018255,-0.0041046,0.071088,-0.00051543,-0.0035871,0.00014491,0.0085591,0.052265,-0.0085194,0.17699,5.0915e-05,0.0014476,0.015785,0.030001,-0.00080759,1.141e-05,-1.1174e-18
5.4287e-16,1.6147,4.2004,4.9183,5.653,4.5096,0.66608,0.17496,0.0096739,0.00044579,0.086856,0.0047126,0.0042117,6.907e-05,0.0075719,0.051667,0.0068883,0.0078383,0.0072094,0.0087564,-0.0039286,0.0025028,0.0043442,-0.001469,0.10959,0.20769,0.044098,-0.0084565,-0.71041,-0.14288,23.804,19.056,2.5644,1.4604,0.23038,0.073817,0.019374,0.014129,0.059499,0.0068118,0.0073073,0.060239,0.00046996,0.0079159,1.5316e-05,0.01917,0.10818,0.00716,0.35651,-3.3982e-06,-0.00025056,0.012256,-0.0044548,-0.0028,-0.0014366,-4.8092e-20
4.8917e-16,0.72747,4.2714,4.8608,4.7566,3.1097,0.86593,0.261,0.01278,0.0010839,0.021744,0.012073,0.00070586,3.3127e-05,0.049972,0.01463,0.050316,0.050767,0.042043,0.00019716,-0.0010504,0.015847,0.040326,-0.0035504,0.059684,0.1128,0.067853,0.054829,-0.34099,-0.079416,12.204,25.356,13.473,6.4369,1.5944,0.24435,-0.0037707,0.040058,0.059973,0.0074413,0.049117,0.017754,0.0022723,0.052986,0.00011092,0.017542,0.052565,0.037553,0.14566,1.2379e-05,-0.00011435,0.0016514,-0.0033285,-0.008841,-0.0043465,-9.3747e-19
1.2832e-16,4.1458,3.2941,4.2953,3.6817,1.4605,0.61789,0.24993,0.01611,-0.0055129,-0.0038947,0.0081115,-0.00045909,-2.6645e-05,0.037337,0.026537,0.038255,0.037911,0.025168,-0.0011905,-0.003603,0.019465,0.056529,0.025143,0.065677,0.032058,0.075519,0.073119,0.28077,0.061915,3.171,84.901,52.35,4.9041,2.3238,0.30719,0.13469,0.043112,0.058816,-0.0028367,0.027537,0.03075,-0.001336,0.02434,-0.00064169,0.030322,0.015611,0.029837,0.0099256,-8.4683e-05,6.0891e-05,-0.0011504,0.011177,0.055681,0.02867,6.2967e-18
1.7768e-16,6.4934,4.0185,5.4317,2.9273,0.37002,0.17956,0.17694,0.014032,0.010705,-0.0024383,-0.0018057,-1.6689e-05,8.67e-06,0.0044789,0.059119,0.0048223,0.0048979,-0.0031174,0.0024578,0.0095381,0.01719,0.037527,0.049229,0.086125,0.025744,0.058795,0.053256,-0.03351,-0.016475,-0.5882,89.732,55.638,7.6605,1.1678,0.056268,0.12204,0.028868,0.078743,0.021074,0.01575,0.062531,0.0086152,0.031472,0.0012716,0.053188,0.0094862,0.0068111,-0.0029369,0.00015911,3.4902e-05,0.00014291,0.010385,0.012787,0.024319,7.9552e-19
6.0102e-16,3.8565,7.0349,8.7536,3.488,0.44265,0.080666,0.13376,0.016048,0.05264,0.0046,-0.00022982,-9.8021e-05,2.187e-06,0.00044495,0.064135,-0.00010195,-0.0001032,-0.00051391,0.012228,0.039602,0.012956,0.0026774,0.036998,0.058361,0.013322,0.031412,0.06687,0.024754,-0.0020817,-0.074324,5.4991,5.7964,22.307,3.5225,0.071116,0.016984,0.02099,0.10713,0.061576,0.054237,0.067188,0.051669,0.10888,0.0063867,0.059722,0.0006635,0.00023763,-0.0022675,0.00011444,3.9712e-05,-9.4675e-05,-0.00032247,0.00056211,0.076412,1.1008e-17
7.5256e-16,1.9211,7.4559,9.311,6.6364,1.1341,0.085292,0.10125,0.015766,0.064215,0.08277,0.00042365,0.0012588,-1.6214e-05,0.0010993,0.070168,0.00018307,0.00030771,0.0008292,0.014606,0.018537,0.0015557,-0.011276,0.014715,0.016399,0.0027722,0.030557,0.059304,0.034846,0.0036677,0.13095,-9.6358,-4.8054,33.958,19.059,1.5771,0.36424,0.046548,0.079892,0.020449,0.032692,0.073213,0.11272,0.061914,0.0080251,0.029162,-0.0024994,0.0021958,0.038485,-0.0012699,-0.00046972,0.004631,0.020918,0.35261,0.30659,6.7369e-17
5.1182e-16,2.5797,5.4752,6.095,6.2584,1.6297,0.13646,0.053408,0.01205,0.042407,0.080358,-0.00020167,-0.0032161,3.7288e-05,-4.0644e-05,0.04773,-6.0314e-05,-0.0004166,-0.00010531,0.0064739,-0.0092846,0.0050698,0.02291,0.017895,-0.0074877,-0.00075356,0.02193,0.033326,0.00029679,-0.0013342,-0.04765,3.4935,1.9,22.287,30.42,3.4957,-0.49518,0.20713,0.060625,0.055936,0.0011968,0.050699,0.096414,-0.013607,0.0044758,0.0028164,0.0047327,0.03469,0.041813,0.003175,0.0011861,0.022986,0.057999,-0.86667,-0.62113,-3.4612e-17
1.2035e-15,3.2715,5.5204,3.7889,2.4917,1.5122,0.20217,0.02257,0.011016,0.009496,0.01167,2.3702e-05,0.00095847,-1.0922e-05,0.00010208,0.0065138,1.155e-06,0.0001087,-5.1629e-05,9.1068e-05,0.0014006,0.017943,0.056351,0.034034,0.0010906,2.5543e-05,-0.00064386,0.010067,0.00015237,6.5748e-05,0.0023518,-0.16879,0.00076935,-0.60336,23.982,9.2825,0.68,0.11164,0.076033,0.16123,0.00019131,0.0089231,0.014996,0.0033561,-0.00011478,2.882e-05,0.011602,0.06394,-0.0015492,-0.00094163,-0.00035225,0.022371,0.037238,0.25655,0.18611,4.1949e-18
1.5549e-15,1.5882,10.614,7.1882,1.8955,0.96796,0.20557,0.05981,0.015817,-0.005487,0.047813,0.00031257,0.037362,-0.00019045,0.0018852,-0.0014542,-2.6891e-05,0.0018575,-0.0011352,0.009422,0.036971,0.011965,0.019194,0.019938,0.028363,-0.00011053,-0.0022021,0.00091574,0.00050273,0.00022061,0.0079544,-0.50937,-0.22438,-1.8571,5.3452,25.557,8.4857,-0.27591,0.056755,0.12871,0.0032364,-0.00051398,-0.0095261,0.097704,-0.00026464,9.9354e-05,0.0033881,0.026733,-0.0091301,-0.016453,-0.0061563,-0.010314,-0.034233,4.5038,3.2796,2.2703e-16
2.3928e-15,5.2926,10.914,6.7619,1.4647,0.56073,0.1267,0.075681,0.0056045,0.022751,0.03416,-0.00099262,0.069556,0.00078736,-0.0064163,0.00076148,0.00011897,-0.0062369,0.0039673,0.013628,0.028442,0.013554,0.023738,0.0055754,0.021779,0.00070764,0.0019802,-0.00030272,-0.00039547,-0.00018531,-0.0068784,0.24928,0.13164,0.93597,-2.3955,49.66,12.688,1.5561,-0.063113,0.0030153,0.0011403,-0.00082137,0.02979,0.087144,-0.00015523,-9.1755e-05,-0.0015933,-0.001466,0.023909,0.066172,0.025324,0.093903,0.1809,-14.974,-8.7477,-3.6114e-15
1.9815e-15,8.4062,5.6159,2.4708,0.36134,0.30692,0.021498,0.043088,0.023578,0.045246,0.0034067,0.0010546,0.05541,0.0019324,0.0069181,-9.3049e-05,-0.00013017,0.0066986,-0.0042174,0.0085746,-0.0033128,0.016709,0.045514,-0.0017533,-0.002557,-0.00079971,-0.0012609,3.0205e-06,0.00021932,0.00011048,0.0042869,-0.038854,-0.018102,-0.14991,0.38987,68.14,18.375,0.32257,0.19052,0.12423,0.0052833,0.0013628,0.053664,0.010159,0.00032455,5.9807e-05,0.00029753,0.00086303,0.050839,0.13318,0.059948,-0.0083932,-0.14106,16.198,48.586,-2.5873e-15
7.1186e-16,2.5872,1.0552,0.50014,0.083817,0.030737,-0.012512,0.0051171,0.085161,0.013199,0.059459,0.0070116,0.0075754,0.0018315,0.05395,3.769e-05,-0.0004043,0.048825,-0.013045,0.0023354,-0.0017686,0.0028556,0.0072534,-0.0046446,-0.0014271,-0.0024952,-0.0035165,-0.0001355,0.00058703,0.00030244,0.029049,-0.0084533,0.017424,-0.075314,0.24869,64.104,29.738,-0.94262,0.47499,0.34755,0.015125,0.0044377,0.01332,0.00088248,0.0010764,0.00016785,0.00028594,0.0014384,0.033636,0.046564,0.035026,-0.15796,-0.50447,128.32,192.13,4.1681e-14
7.9353e-17,0.049052,-0.49648,-0.17664,0.084834,0.10374,0.082252,0.00093073,0.050785,-0.0033032,0.045214,0.0014277,0.030871,0.0021245,0.038302,-0.00047909,0.0027651,0.02125,0.084502,-0.0069221,0.00088903,-0.0020036,0.0015215,0.028334,0.0010438,0.016134,0.022147,0.00079024,-0.0027702,-0.0014343,0.018114,0.031639,0.056275,0.079263,-0.10257,32.025,21.342,24.538,-0.42832,-0.41967,0.0097748,-0.021772,0.020077,-0.011629,-0.0052976,-0.00080025,-0.00081313,-0.0058721,0.0096171,0.0095852,-0.01735,1.0819,2.6567,102.47,148.1,8.7232e-15
4.0537e-16,0.64548,1.9342,0.81863,0.098753,0.20221,0.12652,0.026022,0.020451,0.0019774,-0.00080733,0.017326,0.050767,0.0012347,0.00070374,0.00090288,0.0062635,0.0080936,0.1448,0.011379,0.00046247,0.00049607,0.012189,0.040171,-0.00027433,0.027027,0.036225,-0.001397,0.0050615,0.0027147,-0.0050901,8.0952e-05,0.035171,0.0031452,0.079709,3.4824,5.3668,20.785,12.653,1.6008,0.25377,0.039603,0.076522,0.023421,0.0097476,0.0013761,0.001253,0.0098375,-0.0021877,-0.017392,0.054463,-1.7663,-4.4875,32.701,44.95,3.1345e-15
9.263e-16,0.16464,5.3865,2.7597,0.12532,0.063582,0.034509,0.043655,0.059388,0.0041823,-0.00073217,0.051945,0.0070954,-0.00013004,-0.00049962,0.0008141,0.0057975,0.057312,0.068321,0.046136,0.00066461,6.7403e-05,0.0010633,0.0030882,-5.1289e-05,0.0098806,0.010916,-0.0012489,0.025501,0.019627,-0.0019418,-0.0016031,0.0092278,0.006329,0.0089905,-0.13168,0.16193,-3.6877,44.966,5.1119,0.24288,0.17298,0.12233,0.11322,0.049535,0.0012255,0.0010975,0.0087279,0.0060372,0.021055,0.042918,-1.5507,-3.6722,38.483,45.197,4.0759e-15
5.2009e-16,0.24105,3.4257,2.1197,0.11543,0.065957,0.012787,0.016921,0.016922,-0.00047575,0.0010322,0.027881,-0.0011036,0.0020501,0.00075061,-0.0077274,0.0018381,0.032661,0.016295,0.018962,-0.0067305,7.5121e-06,-0.0015906,-0.0045527,0.00015277,-0.002995,-0.0073974,0.019589,0.029285,0.041759,0.020502,0.020544,0.0083695,0.0052789,-0.013356,0.1996,-0.23949,77.222,69.978,2.4622,-0.76829,0.13174,0.12521,0.10542,0.060446,-0.010614,0.015635,-0.071578,0.030503,0.29364,-0.37909,24.148,61.015,16.815,25.647,-7.6654e-16
1.9165e-16,0.87321,1.6595,0.75893,0.076402,0.074589,0.014876,-0.0051814,0.037215,0.0046586,-0.00020097,-0.0011215,0.0049524,-0.0052356,-0.00026166,0.020458,-0.00053735,-0.0026398,0.0031803,-0.0024389,0.018035,-0.00026586,0.00058684,0.0015344,-0.00023919,0.0093622,0.01897,0.038678,0.020623,0.035893,0.024323,0.044582,0.021793,-0.0016976,0.0046177,-0.02087,0.095493,88.127,49.768,17.113,2.7167,0.27179,0.15375,0.038645,0.062741,0.036725,0.24697,0.29812,-0.015108,-0.43565,1.1679,40,93.384,-3.9298,1.8633,-3.7808e-15
-1.7828e-17,2.5404,2.3025,0.30274,0.040348,0.0051781,0.0068655,0.00017125,0.10557,0.009965,-2.2138e-05,9.9839e-05,-9.3153e-05,0.00095801,7.8221e-06,0.057385,1.6063e-05,0.00014119,-5.3158e-05,0.01309,0.05173,5.4592e-05,-2.3274e-05,-3.6536e-05,4.0097e-05,0.027413,0.060926,0.041009,0.0059161,0.0057653,0.0060404,0.041159,0.022051,5.1184e-05,-0.00013127,0.15712,0.035809,-1.631,4.6808,45.633,3.2125,1.8445,0.063749,0.0066912,0.059589,0.0076128,0.020149,0.15293,0.20952,0.14054,-0.16021,32.284,54.843,0.86942,0.32265,-2.1111e-15
-4.6549e-16,5.6423,1.0664,0.083121,0.028396,-0.0025617,0.04048,0.0074383,0.02579,-0.0045417,-0.00095828,0.00051572,-3.4935e-05,0.051527,4.0421e-05,0.020352,8.2989e-05,0.00060857,-0.0010063,0.011629,0.021504,0.0016806,-0.0002921,9.1035e-05,0.001195,0.013249,0.049191,0.036277,-0.0071673,-0.0041174,-9.1176e-05,0.0058445,4.4593e-05,0.00027757,-0.00047544,0.060188,-0.00073326,-8.425,-2.1415,50.618,-2.5243,3.3077,-0.1233,0.067262,0.043214,-0.098397,-0.65773,-0.894,0.64542,3.1466,-1.149,27.959,17.672,1.3058,0.33686,-3.0562e-16
-1.0108e-15,5.5864,1.0515,0.061955,0.013085,-0.005315,0.03652,0.038872,0.014932,0.028212,0.0039226,-0.0002427,-0.0014713,0.044579,-1.9077e-05,-0.0063108,-3.9112e-05,0.00011618,0.0029129,-0.0036994,-0.0044777,-0.0054539,0.00071051,-0.00097556,-0.003856,0.0010982,0.016378,0.033193,0.029404,0.012531,0.00017896,0.035631,0.019329,-0.00017458,-0.00045187,-0.027246,0.00078902,3.964,1.4786,26.938,48.915,-6.5093,0.93593,0.20592,0.13909,0.8518,3.2936,4.6487,-1.3521,-5.0409,55.488,29.498,1.6945,-0.093492,-0.04459,7.8219e-17
2.798e-17,2.4882,1.7589,0.12873,0.033525,0.0072081,0.0012729,0.052407,0.062504,0.060534,0.0093481,3.5716e-05,0.0016387,-0.0012107,2.8598e-06,0.0014136,5.8101e-06,-0.00040191,-0.0027517,0.0053827,0.0021323,0.0053353,-0.00065233,0.0010696,0.0037801,-0.00056713,-0.00095182,0.024249,0.060333,0.023753,-9.1315e-05,0.071418,0.044177,6.7707e-05,0.00071231,0.0045426,-0.00015409,-0.58247,-0.20899,1.207,70.063,10.053,0.40232,0.24985,0.34892,-0.59445,-1.1186,7.8802,2.1788,50.219,103.66,24.651,0.23288,0.086844,0.052983,5.0421e-18
1.0697e-16,0.36227,0.63178,0.10701,0.10518,0.071712,0.0054786,0.0081823,0.017381,0.016093,0.0059855,2.2452e-05,0.0060754,-0.0020791,1.9836e-06,0.00232,3.8452e-06,-0.0016178,-0.0069258,0.046237,0.011592,0.045586,-0.0023534,0.015903,0.03605,-0.0023989,0.00088937,0.0038449,0.015958,0.0045875,-0.00028792,0.013863,0.014304,0.00019162,0.0027389,0.0047466,-0.00023161,-0.33551,-0.13514,-0.87903,6.8182,59.834,-1.103,0.17451,0.31072,-2.4159,-5.4951,17.811,28.611,179.1,53.985,7.2426,0.61882,0.1735,0.072611,5.2137e-17
1.8942e-16,1.0412,0.096308,0.1112,0.065552,0.081768,0.046984,0.0030743,-0.0060109,-0.0051299,0.0016341,-1.0983e-05,-0.027977,0.00036382,-1.8915e-06,-0.0082288,-2.8365e-06,0.0096784,0.075216,0.027193,-0.00035241,0.029189,0.013474,0.042351,0.041504,0.016598,-0.0078083,-0.0025302,-0.0049856,-0.0029702,0.0012833,-0.0084155,0.018775,0.001324,-0.012695,-0.011694,0.00078109,0.28717,0.13501,0.62022,141.68,13.706,8.7463,0.45286,-0.43054,14.68,65.806,101.98,86.28,107.74,9.8949,-0.54701,0.3941,0.10199,0.024075,3.3797e-17
-5.0963e-17,1.689,0.16544,0.090189,-0.0029833,0.039043,0.056762,0.017431,0.0015836,0.0013702,-0.00040321,-4.5068e-06,0.048064,0.0017396,1.3352e-06,0.013452,1.0262e-06,0.01437,0.10571,-0.0027835,0.0095493,-0.0064649,0.016364,0.042143,0.022615,0.048915,0.01433,0.0006441,0.0012471,0.00062202,-0.0020921,0.00082011,0.046608,0.029205,0.021878,0.017423,-0.0011218,-0.058709,0.036071,-0.14391,213.99,64.664,-4.1482,0.40313,2.0683,22.701,96.394,150.78,87.343,-16.082,-0.51774,0.29408,0.018269,0.033334,0.00022973,-1.3417e-17
7.7745e-17,0.36086,0.041891,0.033498,0.00010634,0.0023804,0.0088848,0.0051828,0.00030638,0.00026498,-0.00021997,-8.3457e-06,0.22725,0.0076266,1.1733e-06,0.059171,5.5273e-07,0.0013034,0.0094833,0.011405,0.04705,-0.0020559,0.0021315,0.0067795,0.005125,0.060269,0.065491,0.00015758,0.00014922,1.9176e-05,-0.0022628,-0.0011108,0.046538,0.066558,0.10702,0.076645,0.0057388,0.037622,0.011487,-0.025396,31.846,243.24,0.61554,2.6864,2.4596,4.1587,31.533,86.183,8.6671,-3.3297,-0.068883,0.18563,0.037951,0.03046,0.028508,3.9522e-18
3.7361e-17,-0.045612,0.27806,0.13755,-0.012347,-0.0017278,-0.011099,-0.002524,-0.00039912,-0.00034416,0.001498,7.465e-05,0.15912,0.00027196,-9.337e-06,0.026737,-3.7425e-06,-0.0017108,-0.012194,0.0070721,0.021518,0.013501,0.033305,-0.0029399,-0.0033815,0.021131,0.034676,-0.0004866,0.00059122,0.00083835,0.027042,0.017248,0.018039,0.029948,0.088556,0.042122,0.044296,0.051531,0.0063569,0.040594,-18.615,120.4,147.25,12.054,-10.17,-0.3746,53.37,33.341,-8.6589,4.7633,0.3918,0.029105,0.019093,0.034683,0.043039,7.5815e-18
3.1528e-17,0.090871,0.35463,0.29573,0.036419,-0.0024831,0.017896,0.0051314,0.00013755,0.00011621,-0.0033352,-0.00017414,0.026973,0.026347,2.1388e-05,-0.0065341,8.3231e-06,0.00065414,0.0040866,-0.0018903,-0.0049887,0.015837,0.039422,0.0010558,0.0078663,0.010977,-0.0045272,0.00082232,-0.0020319,-0.0022979,0.029692,0.014622,-0.0027666,-0.0044725,0.028948,0.020871,0.035307,-0.0030616,0.0010443,-0.017813,6.5661,-23.947,86.91,8.5382,31.032,20.933,58.688,10.59,3.5912,-1.4535,0.064861,0.065727,0.014456,0.018058,0.022603,-7.0418e-19
-1.6773e-18,-0.00074901,0.089067,0.30809,0.12873,0.00020968,0.047613,0.014144,-1.6445e-06,-1.2494e-06,0.0002047,1.076e-05,-3.7523e-05,0.062345,-1.3181e-06,-6.1783e-06,-5.1071e-07,-1.1594e-05,-4.2085e-05,5.9052e-06,-2.4422e-05,0.0019789,0.0018916,-1.107e-05,0.022583,0.037082,7.3733e-05,-4.8104e-05,0.00013118,0.00014494,-0.00015681,0.00011768,7.0914e-05,-2.1983e-05,0.0019963,0.049128,0.010846,0.0023008,-1.7204e-06,0.00044056,-0.065235,0.28288,6.2346,37.14,86.967,38.196,1.2773,0.88257,0.68353,0.08611,0.070748,0.085573,0.076753,0.00217,0.0021741,-3.7925e-18
1.4469e-18,-0.01547,0.029485,0.1055,0.11183,0.034282,0.016062,0.004624,-4.752e-05,-2.4824e-05,0.038723,0.0027999,-0.00062591,0.021275,-0.00012373,-0.0069744,-4.7908e-05,-0.00063927,-0.00067004,-0.0011752,-0.0074828,-0.0070131,-0.0031126,-0.00019477,0.0084065,0.013028,0.0019566,-0.0044755,0.024436,0.023465,-0.00021997,0.034506,0.011497,-0.0075955,-0.0033336,0.019387,0.090968,0.01869,-5.9035e-05,0.051855,-1.0681,4.4284,499.68,150.77,30.231,12.348,-5.0097,-0.1649,-0.23814,0.27122,0.042382,0.079179,0.059885,0.02262,0.027131,3.8902e-18
5.6539e-18,0.020456,0.029872,-0.013538,0.040587,0.023364,-0.0086501,-0.0020181,8.9897e-05,2.7175e-05,0.068846,0.0087293,0.00038004,-0.0072146,0.00042389,0.029272,0.00014877,0.0017429,0.00030975,0.0053554,0.030339,0.023313,0.0014576,0.000149,-0.0012406,-0.006306,-0.0033961,0.015977,0.040299,0.020214,-0.0071456,0.026267,0.037632,0.030872,0.0087428,-0.011268,0.078109,0.014843,0.00012803,0.04177,0.49238,-1.8372,591.82,118.59,-7.9996,-3.9593,2.5238,0.34895,0.21464,-0.11889,0.0055873,0.038563,0.019291,0.021353,0.025112,5.152e-18
5.8098e-18,0.028538,-0.002015,0.0035518,0.0004222,0.0041733,0.0028551,0.00035158,-7.0865e-05,-1.7364e-05,0.050593,0.0044517,-0.0001347,0.0010139,0.00046705,0.061841,-0.0001292,-0.0014834,-4.7757e-05,0.011506,0.0639,0.047627,-0.00021921,-7.2453e-05,-0.00032456,0.0016072,0.002654,0.030383,0.027122,-0.0019587,0.0072677,0.00098936,0.040937,0.063394,0.016986,0.0056947,-0.0044851,0.00048477,-0.00010428,-0.0039361,-0.07181,0.1071,225.59,-5.3906,5.1643,1.1712,-0.21469,-0.01757,0.023824,0.015068,-0.00079468,-0.0024895,-0.0011308,-0.0011735,-0.0023817,-5.4028e-19
-5.4925e-19,0.0025264,-0.0021758,0.0022425,0.027864,0.053708,0.018611,0.00060705,-0.00030071,-7.0789e-05,0.0025591,-0.0061077,-0.00045388,0.00078398,-0.00039865,0.013026,-0.00055678,-0.0063728,-6.2408e-05,0.0026784,0.013723,0.010247,-0.00026631,-0.00027532,-0.0024886,0.018021,0.029894,0.0031577,0.001063,-0.0016685,0.071747,0.039803,0.0018526,0.011584,0.0035277,0.047535,0.0062448,-0.00062929,-0.00044489,-0.0030699,-0.079218,-0.50316,93.597,-6.5569,2.194,0.59739,-0.20823,0.065316,-0.014333,0.0076006,-0.0033064,-0.0030019,-0.0040278,-0.0016435,-0.0017248,-5.3522e-19
-2.3684e-18,0.015775,0.0019294,-0.0014348,0.078184,0.068771,0.0060558,-0.0018661,0.0013035,0.00030446,0.030171,0.038825,0.0023577,-0.00050591,0.0021931,-0.0080838,0.0030574,0.034961,0.00015522,-0.0012173,-0.0081605,-0.0060014,0.00060858,0.001167,0.014775,0.055123,0.043705,0.01459,0.016314,0.0017712,0.047536,0.050733,0.031852,0.0035764,-0.0021876,0.029611,0.010974,0.0004156,0.0019304,0.0020996,0.1816,2.9929,66.919,5.3473,-0.57296,-0.10809,0.16206,0.091018,0.039446,0.015695,0.019936,0.0074956,0.019587,0.0021218,0.00058558,-4.3133e-19
-4.5041e-18,0.027809,-0.0012443,0.00031878,0.073605,0.026731,0.0060197,0.0034038,-0.0020196,-0.00047118,0.051462,0.060692,0.0035912,0.00011658,-0.0034982,0.0018597,0.0047059,0.053656,-0.0002139,0.00015154,0.001886,0.0013889,-0.00081702,-0.001802,0.022473,0.057751,0.030109,0.03038,0.029968,-0.0014773,-0.0094449,0.040758,0.066137,0.019811,0.00050322,-0.0047649,-0.0020353,-9.6215e-05,-0.0029914,-0.00066758,0.11146,-4.449,84.812,-0.43362,0.87082,0.57252,-0.035278,-0.0058091,0.037599,-0.00041377,0.053535,0.034751,0.045085,-0.0021262,0.00068238,-2.0084e-18
1.2877e-19,0.0021914,-0.00064191,5.9921e-05,0.0069855,-0.0036168,0.042565,0.014923,-0.0026117,-0.00060922,0.0037081,0.0068849,0.00037238,2.7314e-05,-0.0043237,0.00043175,0.00049346,0.005536,-0.0002717,-0.0001358,0.00043777,0.00032185,-0.0010333,-0.0023292,0.0020389,0.0056298,0.0030329,0.0037472,0.0031961,-0.0010319,-0.0024876,0.04218,0.028075,0.0022337,0.00011677,-0.00037298,-0.00031449,-2.3092e-05,-0.0038686,-0.00038495,-0.055214,-5.5745,122.48,0.89224,0.33323,0.4003,-0.0045983,-0.0041447,-0.0043454,-0.0096772,0.066501,0.06561,0.042943,-0.0025348,0.0011766,-8.9657e-19
5.2216e-18,0.017814,0.017308,3.8588e-05,-0.0078179,0.05974,0.047814,0.0075728,0.030447,0.0069381,0.027443,-0.0029293,-0.00042408,-3.3445e-05,0.04805,-0.00049876,-0.00059488,-0.0060627,0.002013,0.0014653,-0.000505,-0.00036722,0.011832,0.026568,-0.00027461,-0.0063851,-0.005992,-0.0071874,-0.0036589,0.022097,0.018735,0.016118,0.0041728,-0.002103,-0.00013446,-0.0051804,-0.00084599,3.2445e-05,0.040733,0.0030254,0.51348,73.45,52.602,0.75945,-0.074389,0.078675,0.019958,0.070484,0.060336,0.23355,0.052559,0.029151,0.015845,0.018548,-0.0030077,4.97e-18
4.5859e-18,0.041527,0.031838,-0.00025327,0.0022489,0.074113,0.020641,-0.002854,0.060719,0.012568,0.067622,0.0098824,0.00013686,1.5231e-05,0.049117,0.00016418,0.00026543,0.0014157,-0.0044001,-0.0033481,0.00016467,0.00011066,0.022346,0.048771,-0.0043761,0.0020201,0.01216,0.013434,0.001219,0.041772,0.029874,-0.0043024,-0.0030547,-0.00031886,4.3292e-05,0.015475,0.0032445,-2.3555e-05,0.047447,0.0029651,-1.172,154.92,-10.723,0.87197,0.29736,0.17057,0.1891,0.23291,-0.14316,-0.45967,0.043863,-0.0091535,-0.0018096,-0.040907,0.077396,4.0863e-18
3.7045e-18,0.033354,0.026121,-1.7456e-05,7.5179e-06,0.00048758,0.0020665,-7.5724e-05,0.052273,0.0093047,0.05499,0.0066328,1.4771e-06,4.357e-07,0.0021224,1.9687e-06,7.3552e-06,-1.7787e-05,0.0017877,0.0018526,1.8809e-06,7.1478e-07,0.017713,0.047844,0.0038084,1.9327e-05,0.029322,0.032004,1.5489e-05,0.034529,0.02491,-4.4003e-05,-0.0001662,-6.4428e-05,4.6109e-07,0.048671,0.010436,-1.0542e-06,0.00029368,4.033e-06,-0.074169,178.51,3.6068,0.1938,0.15658,0.34233,0.019066,0.056125,-0.009107,-0.029767,0.00099297,0.022642,0.041274,-0.00051315,0.0034954,2.0724e-19
7.813e-19,0.0083258,0.0075205,0.0017207,0.0014791,-0.0091648,0.029492,0.010992,0.013716,0.0022758,0.01369,0.0013292,-2.5837e-05,-3.3703e-05,0.046923,-5.3354e-05,-0.00056034,0.006065,0.052783,0.042344,-4.2868e-05,3.36e-05,0.0043854,0.049321,0.069191,-0.00010014,0.0084562,0.0083874,-0.00049518,0.0086542,0.0063638,0.00053589,0.030172,0.013525,-7.4746e-06,0.016811,0.0035351,9.5341e-05,-0.0046984,0.0012088,7.2114,187.39,12.644,-3.9297,-0.98047,-0.037042,-0.70673,-0.52492,0.88893,2.8995,-0.082734,0.072072,0.10502,0.26958,-0.32651,8.2735e-18
-3.8433e-19,-0.0033609,-0.0050898,-0.0049499,-0.005345,0.019842,0.064299,0.020674,-0.0058149,-0.0010034,-0.0052622,-0.00049613,1.6992e-05,9.6171e-05,0.047927,8.8768e-05,0.0015934,0.0058629,0.04605,0.037026,5.6473e-05,-0.00015291,-0.0016496,0.027542,0.06079,-0.00060924,0.010732,0.013295,0.00096198,-0.0030329,-0.0023378,0.00031096,0.05236,0.023537,3.2396e-06,-0.0065946,-0.0011681,-0.00028091,0.0018461,-0.0042274,-20.653,243.45,10.428,15.751,3.6677,0.6619,2.3708,1.6277,-2.1744,-8.1936,0.2965,-0.080288,-0.1515,-0.65773,0.97846,-2.3258e-16
5.2891e-19,0.00053426,0.0067162,0.0082738,0.0087016,0.052332,0.062168,0.013609,0.0011,0.00022243,0.00064699,6.1982e-05,-6.4525e-06,-7.3639e-05,-0.0040729,-6.0633e-05,-0.0012194,-0.00049456,-0.0038419,-0.0032258,-3.563e-05,0.00012368,0.00017645,-0.0021004,-0.0055269,0.00059215,0.034002,0.033725,-0.00068446,0.00015094,0.00019919,-0.00044801,0.039726,0.018113,-3.8947e-07,0.0007341,-3.3571e-05,0.00021894,-7.7155e-05,0.0077993,35.523,233.15,1.4915,20.418,1.371,2.2401,3.0741,-0.52462,11.82,16.529,0.84204,0.99287,0.65322,0.68771,-0.71592,5.4583e-17
3.297e-18,0.0011473,0.035615,0.056685,0.058994,0.069334,0.022066,-0.0038179,0.0030316,0.00071742,0.0006673,6.8771e-05,-2.815e-05,-0.00038047,-0.0037672,-0.00030746,-0.0062999,-0.00045696,-0.0036087,-0.0036891,-0.00017807,0.00064423,5.2077e-05,-0.0018745,-0.0073766,0.018073,0.035969,0.0076751,-0.0034951,0.00095795,-0.00022922,-0.00058517,0.0051201,0.0031531,-3.5813e-07,0.00037931,0.00098795,0.0030296,0.0006585,0.051686,238.48,49.466,12.882,2.6792,-0.86589,25.763,35.327,-3.469,42.472,103.59,6.2934,2.5775,1.6183,3.0314,-3.7971,8.9773e-16
1.4685e-18,-0.0035026,0.021186,0.038892,0.029273,0.019885,0.014566,0.030949,-0.0094277,-0.0026324,-0.00070546,-9.1298e-05,0.0001123,0.0015716,0.0023177,0.0012656,0.032449,0.00027908,0.0024564,0.0052903,0.0012509,-0.002145,0.0004438,0.00086077,0.017055,0.070147,0.062814,-0.0039547,0.017805,0.017335,0.0019114,0.023894,0.0073474,-0.0010397,2.113e-07,0.0010499,0.019726,0.0057759,-0.0030105,0.036327,158.89,-1.6499,138.19,169.01,88.054,136.75,233.12,46.91,-4.6789,77.771,34.216,-2.1672,-3.7644,-10.767,22.848,-1.6524e-15
-1.0751e-18,0.0050171,-0.0017702,-0.0082411,0.0060056,0.012915,-0.018003,0.041174,0.030504,0.0039232,0.00058882,9.1891e-05,-0.00016337,-0.002277,-0.00052988,-0.0018171,0.051793,-6.0836e-05,-0.00090412,-0.0055884,0.0062969,0.011509,-0.00075857,0.00022715,0.02211,0.078488,0.064345,0.00014429,0.026531,0.021542,-0.0029708,0.033411,0.031731,0.0073653,-3.5224e-08,-0.0021003,0.069361,0.012845,0.012975,-0.00075,-28.904,197.97,243.19,294.22,166.94,209.82,367.03,169.63,46.902,25.978,71.889,16.353,26.243,36.43,72.469,2.8013e-15
-3.9111e-19,0.024816,0.0055495,-0.0011198,0.038032,0.047096,-0.010081,0.01496,0.11545,0.021392,0.00080269,0.0001313,-0.00024948,-0.0012204,-0.00018221,0.00069772,0.0060838,-1.675e-05,-0.00079175,-0.0080692,0.013849,0.047997,0.0022836,0.00067329,0.0024993,0.0087104,0.0070418,0.0059161,0.008845,0.0079248,-0.0011123,0.0070106,0.042124,0.018217,6.2582e-09,-0.0033339,0.11254,0.020637,0.053279,0.0038835,-6.6183,413.91,181.86,157.35,120.48,133.74,229.88,260.8,232.68,58.565,82.182,54.731,82.621,135.12,96.399,2.3525e-14
-1.239e-18,0.011588,0.0010329,0.052034,0.084984,0.0441,0.3938,0.15419,0.075464,0.014955,-0.0052932,-0.0008743,0.0016828,0.043409,0.00056045,0.042434,-0.0062225,1.7463e-05,0.0063483,0.074814,0.017081,0.066127,0.030729,-0.0049508,-0.0025476,-0.0088961,-0.0071893,0.045931,0.043019,0.045306,0.059451,0.015678,0.048233,0.022682,-1.1753e-07,0.031527,0.057294,0.008885,0.06106,0.0062352,59.029,186.4,54.539,31.784,34.853,35.107,59.191,110.21,119.06,31.443,34.086,29.106,41.389,66.434,38.753,9.4455e-15
2.266e-17,0.012493,0.11128,0.12075,1.5318,1.878,0.96052,0.21323,0.087124,-0.010554,0.012459,0.0019982,-0.0035239,0.050884,0.00046388,0.047599,0.0019238,-5.5855e-06,0.0074386,0.08956,0.011219,0.047451,0.061418,0.011473,0.00077418,0.0027504,0.0022226,0.059732,0.060463,0.051626,0.06776,0.021303,0.033044,0.014594,2.7428e-07,0.038139,-0.0019026,-0.0022963,0.058464,0.0063839,62.923,-46.958,-13.021,-6.576,-8.2482,-7.7169,-13.095,-27.671,-29.781,-5.9327,-4.783,-3.6942,-8.5713,-17.19,-9.8883,-2.7295e-15
4.7598e-17,0.034947,0.25161,0.14181,3.1214,4.953,1.8087,0.23553,0.21102,0.024248,0.055296,0.0065042,0.0013178,0.0010388,8.4577e-06,0.00088234,6.3685e-05,-2.1991e-07,0.00013565,0.0016025,0.00024422,0.011629,0.059672,0.036961,2.3103e-05,9.1046e-05,7.3557e-05,0.031881,0.031873,0.00098225,0.0012138,0.00040737,0.00068198,0.0002834,5.3769e-08,0.00071499,-0.00021592,-7.6212e-05,0.057894,0.0056179,43.834,1.3511,0.095414,-0.21047,-0.26608,0.46885,-0.32561,-0.82277,-1.0049,-0.21827,0.25382,0.64093,-0.27124,-0.57243,-0.32798,-5.5551e-16
1.7659e-17,0.012515,0.11383,0.059032,1.2372,5.3007,3.1201,0.60112,0.22283,0.1813,0.073174,0.0025233,0.044851,-0.0058487,-5.9038e-05,-0.0048626,-0.00035113,2.3925e-06,-0.00065119,-0.0043597,-0.0010288,-7.5415e-05,0.016976,0.013337,-4.2287e-05,-0.00050195,-0.00040494,0.031407,0.032525,-0.0017911,-0.00094996,-0.0022464,-0.0077509,-0.0029107,-1.8027e-06,-0.0039499,0.0012041,0.00042682,0.024405,-0.0041666,104.84,15.616,3.2385,1.4466,1.5633,1.7766,2.49,5.1792,5.5407,1.2537,1.3593,1.2945,1.7286,3.1742,1.8309,3.6865e-16
-8.8899e-18,-0.004194,-0.015067,-0.0049875,-0.24281,2.6488,2.2072,0.52622,0.14092,0.1558,0.039528,-0.0013775,0.040224,0.033883,6.1072e-05,0.0020243,0.00014618,-4.461e-06,-1.1912e-05,0.01117,0.024029,0.00018053,-0.0064761,-0.0049681,-0.00023225,0.00020886,0.00016675,0.022341,0.018316,0.037632,0.030042,0.00093896,0.016881,0.0058246,5.1731e-06,0.0016724,-0.00053974,-0.00019713,-0.024622,0.042365,103.66,4.3124,-0.26758,-0.24759,-0.55773,-0.64668,-1.0302,-2.0985,-2.3068,-0.50177,-0.49848,-0.48933,-0.7191,-1.2833,-0.71402,-2.5655e-16
1.7804e-18,9.8287e-05,0.0052101,0.0027236,0.030637,-0.13152,0.051237,0.070464,0.049485,-0.007238,0.0076217,0.00042363,-0.0028119,0.056199,-3.0571e-05,-0.00021373,-1.5433e-05,2.7614e-06,0.00018833,0.0041352,0.042067,-1.8793e-05,0.00083064,0.00047716,0.00018968,-2.1981e-05,-1.6396e-05,0.0075046,0.00069828,0.055511,0.036748,-0.00010163,0.035138,0.011847,-3.4697e-06,-0.0001951,8.2413e-05,3.3667e-05,0.079967,0.095817,59.635,5.6647,0.49351,0.15927,0.12006,0.12771,0.10888,0.22275,0.24362,0.053385,0.055686,0.057649,0.075928,0.1572,0.10483,-1.0289e-17
5.2941e-18,0.0082195,0.036916,0.021734,0.032323,-0.18705,-0.11232,-0.01375,0.0050039,-0.011653,0.043212,0.0051982,-0.0027789,0.012911,-0.00018303,-0.00023993,-1.7319e-05,1.722e-05,0.0013647,0.00040074,0.01096,-1.9447e-05,0.0055622,0.0039679,0.0012311,-2.4236e-05,-1.0946e-05,0.021113,0.026605,0.012288,0.0077126,-0.00012948,0.0083605,0.0027914,-2.1917e-05,-0.00033321,0.00024926,0.00011703,0.37349,0.055281,111.73,3.1705,0.32699,0.12248,0.084572,0.094075,0.1222,0.24929,0.2739,0.059565,0.083929,0.13388,0.08526,0.15862,0.095057,1.6284e-17
-5.2884e-18,0.064851,-0.013256,-0.010304,-0.010313,0.13835,0.055975,0.012232,-0.0011618,0.0077496,0.066893,0.0077707,0.00099229,-0.0072459,0.00071314,0.00013922,1.0032e-05,-6.7618e-05,-0.0054986,-0.00053219,-0.010375,4.5561e-06,0.016321,0.023732,-0.0048698,1.2274e-05,-2.409e-05,0.014726,0.020808,-0.0061492,-0.00359,0.00013793,-0.0047731,-0.0015377,8.6271e-05,0.00065945,-0.00078434,-0.00039128,0.24355,0.01362,153.54,4.3036,0.18211,-0.0044208,-0.048629,-0.05285,-0.07083,-0.14069,-0.15975,-0.032167,-0.021001,0.020255,-0.049585,-0.091425,-0.060212,-7.5711e-18
1.2789e-17,-0.027469,0.086989,0.027012,-0.0094277,-0.069095,0.002804,-0.0074066,-0.0016278,-0.0028731,0.048614,0.005411,0.015975,0.0016876,-0.00093077,-2.8786e-05,-2.0491e-06,9.2887e-05,0.0078182,0.00058121,0.0082384,8.2712e-06,0.016741,0.032452,0.0069077,-8.7335e-08,4.6664e-05,-0.0023467,-0.0033628,0.00044126,-0.00012633,-0.00011451,0.0012002,0.00031382,-0.00011855,-0.00072684,0.0010858,0.0005237,-0.021235,0.0048228,121,5.6473,0.25765,0.0026486,0.0099623,0.009052,0.014533,0.038683,0.049402,0.018471,0.022485,0.012317,0.010404,0.018237,0.019772,2.6785e-18
2.8337e-17,-0.087019,0.11657,0.050864,-0.023012,-0.092572,0.02566,-0.010847,-0.0037533,0.002865,0.013835,0.00049736,0.055392,0.0020373,0.0043476,-9.553e-06,-6.3683e-07,0.00016655,0.043811,0.0030619,0.039864,1.8592e-05,0.00064644,0.013674,0.038952,4.1858e-06,8.7182e-05,-0.00077924,-0.001117,-0.0012815,-0.001536,-0.00018592,0.00076526,9.704e-05,-0.00021258,0.0047448,0.0079508,0.00093542,0.0414,0.0056283,51.025,1.8357,0.036058,0.0009229,0.0031469,2.4595e-05,0.0046309,0.014858,0.059124,0.021058,0.056295,0.032098,0.0037145,0.0049063,0.038733,2.8036e-19
-9.6965e-17,0.55203,-0.70309,-0.31297,0.14951,0.53688,-0.18267,0.064337,0.024198,0.049673,-0.00011211,5.0855e-05,0.065456,0.0016529,0.043056,1.0566e-05,4.3494e-07,-0.001031,0.024677,0.0015878,0.020369,-0.00011943,0.011027,0.024309,0.022766,-3.0925e-05,-0.00054373,0.00086486,0.0030593,0.016991,0.015936,0.0029462,-0.0031358,-6.3007e-05,0.0013159,0.039621,0.01465,-0.0021512,0.047554,0.000932,46.91,1.2783,-0.038641,-0.0012949,-0.0024875,0.02986,-0.0039228,-0.0075982,0.012256,0.0058956,0.02576,0.016007,-0.0057411,0.0086723,-0.012188,1.1097e-18
2.3882e-16,-0.27382,1.9334,0.70919,-0.30529,-1.0798,0.37896,-0.1299,-0.049487,0.029693,0.020138,-0.0010563,0.035524,0.0014653,0.045532,-6.2772e-06,2.1353e-07,0.0022446,-0.0089247,-0.00038787,-0.0050259,0.00024412,0.018109,0.031069,-0.0095086,6.4429e-05,0.0013089,-0.00051898,0.018393,0.047104,0.027439,0.016789,0.0062972,-4.0207e-05,-0.0026748,0.041155,0.029748,0.051044,0.007285,0.0024959,58.079,2.4221,0.12046,0.0013296,-5.9546e-05,0.0382,0.0002299,0.0019977,0.00046318,-0.00078808,-0.0063003,-0.0039808,0.006763,0.058936,0.22571,-7.1915e-18
2.3352e-15,39.235,21.235,0.91047,-0.063825,-0.34767,0.13517,-0.04297,-0.0164,0.005651,0.0043096,-0.00039437,0.00063718,5.2954e-05,0.0099752,-1.3672e-06,1.2207e-07,0.0076181,-0.0010201,-1.9339e-05,-0.00026981,8.0898e-05,0.00080189,0.02051,-0.0017343,2.1408e-05,0.0097718,-0.00011386,0.033812,0.055148,0.016679,0.030201,0.021647,-2.1189e-05,-0.00088568,0.00099249,0.051542,0.11857,0.015027,0.00099198,44.379,1.8003,0.27271,0.0040758,0.009067,0.0018503,-0.00028629,0.0093252,0.010298,0.0094507,-0.00034945,-0.00022747,0.024729,0.092418,0.55876,-1.6032e-17
2.8198e-15,159.23,68.63,3.9869,8.501,9.5507,-2.5646,0.89056,0.35459,0.12842,-0.084773,0.011568,0.0033474,-0.00035603,0.042993,2.5718e-05,-2.7122e-06,0.0028897,0.036462,5.3385e-06,0.00053636,0.0015704,-0.0068629,0.03971,0.048286,0.0041381,0.026461,0.0021465,0.0092017,0.017231,0.0085706,0.017483,0.0094692,0.00046701,0.029173,0.0094303,0.061412,0.050976,0.0074103,-0.011047,51.662,0.51215,0.15172,0.0067573,0.047156,0.030479,0.010537,0.045821,0.0033982,0.031539,0.00094534,0.00075958,0.02772,0.057485,0.20449,-1.4165e-17
4.2764e-15,130.5,106.6,64.16,42.955,-4.5772,9.4744,-2.4285,-0.82236,-0.32148,0.23235,0.0034753,-0.016806,0.00064292,0.071819,-6.9751e-05,7.566e-06,-0.0010451,0.032182,0.00016653,0.00098963,0.030805,0.016108,0.031535,0.044883,0.035672,0.044026,-0.0048706,0.0039943,-0.0060875,0.019036,0.010199,-0.0064279,-0.0013011,0.028322,0.042342,0.064276,-0.0076357,-0.0050116,0.14639,31.934,1.2737,0.11666,0.032882,0.038862,0.040592,0.003468,0.068836,0.017722,0.028872,0.00084031,-0.00028291,0.021725,0.027428,-0.072605,-1.8105e-17
2.4988e-15,-7.5968,90.531,108.36,61.844,12.757,50.955,1.7255,0.58758,0.2161,-0.11757,0.075426,0.010157,-0.00033761,0.049564,3.9512e-05,-4.3032e-06,9.5518e-05,-0.0015494,-0.00010606,0.0030909,0.051953,0.032587,-0.001814,-0.0027096,0.014138,0.016674,0.026853,0.019754,0.00054831,0.025568,0.012052,0.0022459,0.00074499,-0.0018634,0.04808,0.050164,0.00082839,0.0065632,0.29634,61.151,3.4385,0.36141,0.066285,0.012319,0.005909,0.0029108,0.049585,0.036735,0.010823,0.013481,1.3814e-05,0.012681,0.024748,0.0060315,1.0052e-17
-1.8158e-15,-10.588,18.932,26.586,14.834,113.77,100.86,31.556,12.066,3.3725,-0.98403,0.15719,0.081141,-0.0026382,0.0094952,0.00031261,-3.4067e-05,0.00014315,0.0049158,0.0044916,0.00053424,0.012216,0.0030725,-0.002313,-0.0039716,-0.035249,0.0671,0.14322,0.0054671,0.0007601,0.0031155,0.0015122,0.034926,0.014432,-0.0037854,0.010765,0.010029,0.0058003,0.040627,0.12946,212.14,3.8272,0.62534,0.067648,0.050869,-0.0056002,0.046525,0.0082182,0.009356,0.015895,0.038315,-7.139e-05,0.0021285,0.012939,0.0097608,4.4605e-18
1.0659e-16,6.1125,-9.2783,-13.678,-7.5055,81.543,66.155,69.638,30.495,6.2473,5.4016,-0.3568,-0.30377,0.010237,-0.0057259,-0.0011747,0.00012804,-0.00011673,0.013549,0.036687,0.00070609,-0.0043764,0.020101,0.00041383,0.0041616,0.48115,0.82888,0.21411,-0.0028346,-0.000396,0.01078,0.0049296,0.044097,0.026245,0.007937,-0.00563,-0.0035042,0.037183,0.031162,0.066645,155.35,2.4345,0.35428,0.058636,0.044295,0.019247,0.033804,0.0014374,-0.0038659,0.01624,0.04455,0.00039252,-0.00063932,0.02018,0.049991,7.2033e-18
5.3964e-16,-0.94132,1.9791,2.6692,1.4578,-11.954,2.177,65.248,30.72,34.331,16.712,2.4702,0.43501,-0.007214,0.0022804,0.0015097,-0.00016455,7.0859e-05,0.008066,0.047349,-0.001388,0.0054717,0.043961,0.0010583,0.018069,1.478,1.8013,0.18602,0.00049869,4.6542e-05,0.024582,0.010693,0.02442,0.033642,0.012222,0.0011609,0.020012,0.067097,0.0048766,0.10031,30.146,1.6,0.0029881,0.049135,0.061113,-0.0096447,0.016774,0.013853,0.020911,0.0011539,0.025141,-0.0005278,-0.00043261,0.025443,0.081346,7.146e-18
7.7303e-17,-0.40591,0.71258,1.0428,0.55841,-4.4979,-1.6696,8.4674,4.3428,77.595,44.663,18.054,3.319,-0.0017379,0.011141,0.0031633,-0.00034477,0.00012439,0.00063053,0.0056027,-0.0030545,0.0013615,0.007301,0.0079138,0.0403,2.0122,1.8944,0.098179,8.8554e-05,-4.3119e-05,0.0035718,0.0010065,0.0025839,0.034321,0.0048824,0.00058482,0.048638,0.055208,0.0080164,0.018925,109.28,3.1103,0.15167,0.032483,0.053996,-0.036243,0.045332,0.012353,0.057356,-0.0047961,0.0016879,-0.001113,-0.0012879,0.0035063,0.011783,3.5454e-18
1.7958e-17,0.35313,-0.61926,-0.85349,-0.45629,3.9575,1.4865,-7.1858,-3.2793,38.153,122.05,55.875,5.7859,0.22211,0.022818,-0.017621,0.0043749,-0.000687,0.00078384,0.0026088,0.023867,-0.0025755,-0.010005,0.0044718,0.019796,0.86327,0.73321,0.024276,0.00051751,0.00039782,9.4327e-05,0.0047617,-0.0020822,0.012562,0.0022344,0.01302,0.052524,0.038123,0.0073019,-0.038901,207.69,5.5377,0.31829,0.056231,-0.28711,0.21515,-0.020195,0.022748,0.058655,0.036078,0.0041102,0.0063855,0.0077891,-0.0027484,-0.010104,1.8197e-19
1.8695e-17,-0.099449,0.17575,0.24312,0.15951,-1.1166,-0.42261,2.0421,0.93988,-8.8294,115.15,89.619,8.6473,0.1386,0.077222,0.041063,0.02272,0.0014554,-0.0027061,0.012297,0.032012,0.0037593,0.010965,-0.0010649,-0.0046374,-0.19818,-0.16525,-0.0053401,-0.0013103,-0.00081806,0.025407,0.019011,0.00041173,-0.001244,-0.0033838,0.16045,0.11559,0.034857,0.13423,0.059123,175.19,9.0472,0.81976,0.56663,0.58354,-0.39335,0.076048,-0.0058225,0.0037563,0.031229,-0.011934,-0.012414,-0.015082,0.00094169,0.0029978,1.3547e-18
3.016e-18,-0.0078403,0.014488,0.020011,0.012368,-0.092829,-0.035236,0.16957,0.078255,-0.73841,4.8509,82.525,9.6891,15.946,0.11502,0.040842,0.056442,0.0072318,0.0025089,0.00058255,0.01414,0.016276,0.04336,-8.8241e-05,-0.00038673,-0.016495,-0.013676,-0.00063403,-0.00064572,-0.00039333,0.039244,0.024308,-4.8885e-05,0.00061011,-0.0015915,0.30178,0.238,0.09433,0.81265,0.21463,47.428,14.998,2.1616,1.3402,0.43612,0.028252,0.078425,-0.004802,0.036319,0.037174,-0.0059599,-0.0059233,0.0019919,0.031812,0.00030733,4.6133e-18
3.0309e-20,0.012463,-0.029152,-0.04139,-0.030836,0.22238,0.091504,-0.40534,-0.19222,1.8113,-11.787,24.627,3.2572,70.893,1.2167,-0.18915,0.080066,0.0076943,0.042962,-0.0010781,0.040199,0.02,0.052281,0.00021019,0.00095963,0.040428,0.032306,0.0086698,0.014064,0.010177,-0.0001182,0.013251,0.0014054,-0.012528,0.024151,0.093069,0.27368,0.53298,2.2098,0.19954,24.9,30.46,5.2223,3.5918,-2.7928,3.7548,-0.41518,0.15521,0.22735,0.18176,0.091393,0.096466,0.14201,0.087722,-0.0016471,8.0634e-18
1.4489e-17,0.016098,0.04031,0.040969,0.013918,-0.068638,-0.0020762,0.17212,0.074736,-0.69748,4.6431,-8.1763,-0.92191,107.61,10.711,1.4544,0.014339,-0.012813,0.0032757,-0.00037973,0.039483,0.010659,0.030099,-6.4001e-05,-0.00039917,-0.015478,-0.0085202,0.023607,0.0070257,0.017151,0.031512,0.028169,-0.0030721,0.03464,-0.061957,0.23261,0.29529,2.5114,1.9453,0.48987,120.74,83.8,13.807,21.558,23.792,-4.5324,2.4903,-0.055238,-0.52893,-0.34938,-0.22988,-0.18804,-0.29807,-0.19832,0.042685,-1.3378e-17
1.0746e-17,0.059618,0.034876,0.022882,0.016447,0.067519,0.050151,-0.012295,-0.0059065,0.05209,-0.24333,0.61914,0.12095,83.481,36.265,16.62,0.20774,0.023891,0.03595,0.0043452,-0.0026656,-0.00036146,-0.0017643,-2.8924e-06,4.3245e-05,0.0011156,0.014193,0.032942,0.040748,0.030573,-0.016335,0.038186,0.026867,-0.01609,0.084365,0.2113,0.48838,3.7871,0.19886,-0.13752,192.39,111.17,21.487,78.816,178.23,81.594,18.548,1.3921,1.0411,0.48656,0.45301,0.1691,0.14671,0.12358,1.05,-3.4096e-17
7.4323e-18,0.017022,0.0070344,0.0029242,0.039033,0.069852,0.018034,-0.0224,-0.013246,0.1029,-0.5873,1.0985,0.14445,17.355,66.079,53.828,1.7383,0.13535,0.21387,0.026803,-0.010835,0.00024443,-0.0076015,-8.2517e-05,0.00021651,0.0016987,0.015653,0.019905,0.093834,0.035404,-0.17125,0.053558,0.084719,-0.15244,0.76475,-0.18754,0.9977,1.3007,0.37812,3.2102,102.8,28.819,16.87,155.5,436.06,314.51,57.351,10.8,10.645,8.866,7.0928,5.8869,7.2231,5.9711,6.2471,4.4146e-16
1.8885e-18,-0.008407,-0.0034869,-0.00060405,0.026156,0.017741,-0.0066617,0.011681,0.032168,-0.041705,0.30995,-0.57813,-0.075641,-8.3791,39.5,83.457,7.7034,-0.013075,-0.36366,0.044897,0.050145,-0.0034658,0.020427,0.00033096,-0.00062886,0.00028045,0.024208,0.017914,-0.31274,-0.10207,0.7515,0.425,-0.068436,0.81312,0.64368,3.7076,1.6393,0.38412,6.1971,35.293,18.587,-12.257,7.6333,96.801,276.95,228,108.97,35.946,25.506,31.214,26.508,25.297,29.547,27.19,21.333,2.0452e-15
2.4745e-19,0.0014431,0.00073236,-0.00075748,-0.0034081,-0.0017599,0.00090604,-0.0019797,0.043918,0.0078845,-0.056062,0.10457,0.013682,1.5638,-4.1979,68.538,34.969,1.071,0.62102,0.010393,0.10181,0.0047428,-0.023158,-0.00040152,0.00072558,-0.0013913,0.025067,0.038969,0.37836,0.20183,1.467,0.67362,0.33652,1.5478,0.23431,6.0643,1.3723,0.58101,28.033,51.461,-0.47849,2.607,1.4927,-7.5291,-34.963,-9.1352,102.35,41.425,25.658,36.223,31.368,31.252,35.991,33.67,24.978,2.646e-15
6.6226e-19,0.00045454,0.00056354,-0.0023805,-0.0013355,-0.00077755,-0.00044025,-0.00056064,0.0066746,0.0034996,-0.024769,0.046201,0.0060448,0.67865,-2.0503,12.837,72.193,17.575,7.0205,0.079835,0.14335,0.039832,-0.045879,-0.00098382,0.0017647,0.0065121,0.0010791,0.076011,2.5171,1.0284,0.61187,0.34419,1.441,0.59577,0.48668,1.2778,0.32461,0.17614,64.27,15.063,0.012367,1.61,0.4135,-4.2414,-15.76,-9.4865,14.48,6.2276,3.8032,5.4714,4.8181,5.7103,6.4735,5.2738,3.8964,-5.2081e-16
-5.2399e-19,0.00064695,-0.001783,0.019009,0.00013412,0.00062691,0.0078901,-0.0012867,-0.0053207,-0.0029103,0.019971,-0.037249,-0.0048738,-0.54703,1.7655,-5.1376,44.209,73.431,20.861,0.79788,0.37397,0.061644,0.34917,0.0092138,-0.0055774,0.074309,0.023443,0.12551,1.5974,0.63704,0.36306,0.24254,0.9286,0.066092,0.2663,-0.27372,1.201,7.3323,80.101,3.9726,0.98649,-0.40276,0.22959,4.0848,12.85,7.956,-11.341,-4.7664,-2.8211,-4.0995,-3.5514,-3.0341,-3.5412,-3.8328,-2.8059,-8.5486e-16
-1.075e-18,-0.0020662,0.0032289,0.040253,0.0018422,-0.0001706,0.022547,0.0038188,0.001593,0.0009575,-0.0054347,0.010137,0.0013267,0.14886,-0.42918,1.5249,2.4988,79.986,43.614,2.1105,0.07649,0.062039,-0.53554,0.034443,0.060399,0.02992,0.10164,0.162,-0.056637,0.0079392,0.44954,0.23869,-0.03766,0.060464,0.082442,-0.093108,-1.4738,40.877,58.814,8.1733,0.25535,0.38641,-0.019771,-1.0547,-3.4941,-2.1104,3.0878,1.2982,0.77089,1.2189,1.0217,0.90213,1.0422,1.0688,0.76853,2.92e-16
5.8752e-19,-0.001386,0.017219,0.041002,0.0082501,-1.9001e-05,0.02772,0.015456,0.00026611,0.00020786,-0.00060541,0.0011289,0.000148,0.01658,-0.049962,0.2126,-0.23804,13.088,67.361,4.1229,0.091426,0.048511,-0.3398,0.0093177,0.026115,0.044078,0.088631,0.095036,0.092481,0.081051,0.14275,0.10671,-0.00050712,0.039707,0.088814,-0.18863,5.1471,77.864,18.502,0.97231,0.12793,0.22102,0.054759,-0.11948,-0.38918,-0.22919,0.36008,0.15222,0.085859,0.14791,0.1282,0.097833,0.11358,0.11813,0.085565,7.0978e-17
4.7259e-18,0.026005,0.031863,0.040339,0.0035061,3.6867e-05,0.018437,0.0069081,-0.0001262,-0.0016585,0.0011759,-0.0021899,-0.00029003,-0.032175,0.096093,-0.30665,0.60368,-4.5117,71.167,9.5442,2.1715,0.035263,4.4798,-0.035774,-0.29772,0.45856,-0.065689,-0.045771,0.18874,0.031682,0.046313,0.16131,0.22752,0.14112,-0.5456,3.8273,46.941,51.171,2.9248,-0.08999,0.24437,0.078683,0.076134,0.23182,0.75525,0.47084,-0.62501,-0.22838,-0.16659,-0.23157,-0.18084,-0.17934,-0.21178,-0.22905,-0.16563,-2.2521e-17
9.6326e-18,0.027839,0.061703,0.049732,-0.0011295,-1.3615e-05,0.028196,-0.0031942,0.016482,0.0042989,-0.00043758,0.00080713,0.00011456,0.011891,-0.032479,0.11404,-0.21066,1.9394,39.087,29.67,-1.1957,0.11118,-11.405,0.77975,0.83498,-0.67235,0.82072,0.8434,1.4039,0.96948,0.45422,0.26584,-0.088723,-0.11754,1.5175,3.4778,51.111,15.338,5.6832,1.314,0.22623,0.10171,0.054356,-0.085549,-0.27925,-0.16365,0.27953,0.15217,0.061507,0.10226,0.12846,0.094297,0.11176,0.084189,0.060144,6.5192e-18
9.3588e-18,-0.0012572,0.071143,0.048464,5.621e-05,7.7218e-07,0.043758,0.00049695,0.03044,0.010932,2.5963e-05,-4.5237e-05,-9.0763e-06,-0.00067777,0.022932,-0.0064745,0.017978,-0.071414,-1.2546,49.377,10.763,0.77267,4.0696,0.18871,-0.21511,0.31755,-0.14109,5.3561,5.9107,2.3705,1.477,1.5523,1.1103,0.28448,-0.19472,20.243,18.077,6.7798,9.4122,0.89589,0.17878,0.13113,0.042707,0.0048317,0.015958,0.021472,-0.01524,-0.007663,-0.0034841,-0.0026761,0.037464,0.017847,0.033295,-0.0046369,-0.0030571,-1.6636e-18
1.9032e-18,-0.0063221,0.01473,0.011548,2.2056e-05,1.8342e-06,0.023715,0.011879,0.0083556,0.0031551,7.7931e-05,-9.9773e-05,-5.8172e-05,-0.0016572,0.048701,-0.013174,0.055983,-0.23274,-3.1133,42.176,70.517,7.2986,57.842,-1.9788,-3.7717,4.1347,-2.9735,11.412,9.6238,3.076,2.5889,4.9987,4.8028,1.71,6.9726,73.637,21.394,4.8831,7.1873,1.1148,0.39062,0.12269,0.009842,0.011188,0.0396,0.0566,-0.037819,-0.018979,-0.0082142,0.024387,-0.0016303,-0.0049369,-0.0021308,-0.00625,0.0033342,2.7024e-18
-1.2887e-18,0.017386,0.0049312,-0.0050605,0.00040672,-6.3088e-07,0.030261,0.018466,-0.0039318,-0.0015742,-8.7238e-05,5.7623e-06,0.00015609,0.00074565,0.023254,0.021116,0.055447,0.19418,1.5662,41.207,137.79,36.1,-193.8,9.0378,14.976,-13.317,15.797,1.5361,-6.5672,6.3445,1.7686,6.5262,0.78908,2.3426,120.73,66.623,16.508,2.6576,5.6824,1.2212,0.36464,0.082025,-0.0047162,-0.0010682,-0.019919,0.01256,0.019022,0.010026,0.0025953,0.034777,0.00096812,0.0026887,0.0020862,0.011989,0.014152,3.1661e-18
-2.7825e-18,0.034041,0.028241,0.00052765,-0.00052622,-2.1366e-07,0.040369,0.0137,0.00067118,0.00036027,6.7305e-05,4.7713e-05,-0.00016523,-2.8967e-05,-0.0015062,0.028666,0.081581,0.042543,-0.26348,35.651,126.05,55.773,267.81,-3.4207,-10.009,20.193,58.569,14.896,13.417,-4.1187,3.3308,7.5832,3.442,81.288,200.03,21.08,0.092455,2.0093,4.6928,0.8478,0.27129,0.038056,0.00098,0.027171,0.0033482,0.01522,-0.0031969,0.009259,0.0012853,-0.0028768,0.000108,-0.00045188,-0.0010755,-0.0028852,-0.0022111,4.7363e-20
4.5476e-19,0.017253,0.010767,-0.00061913,-0.0015355,-9.928e-07,0.0067303,0.0019594,0.00037483,0.00045006,0.00018005,0.00015901,-0.00046895,0.00025106,0.013996,0.040508,0.013913,-0.00129,-0.13658,5.3986,19.182,32.788,1734.4,341.67,76.601,164.12,103.96,72.617,101.14,-6.0554,13.899,14.425,23.846,237.19,97.803,12.905,2.4581,5.1225,1.0898,0.57548,0.58896,0.016515,0.0020061,0.055826,0.0017282,0.03324,-0.0016487,0.027647,0.014265,0.015175,0.00080305,-0.00023309,-0.002556,-0.0044752,-0.0018388,-4.9344e-19
-4.7268e-20,0.0060084,-0.00055579,0.0083684,0.010994,5.3323e-06,-0.0048739,-0.0015232,-0.00043082,-0.0017114,-0.00089054,-0.00081787,0.0050129,-0.0015709,0.038855,0.019294,-0.010157,0.0012504,0.10779,-3.8956,-13.8,7.9985,1083.7,2012.7,877.18,288.71,120.22,71.718,121.75,106.7,31.23,29.833,26.275,199.06,44.833,7.8628,17.165,6.4204,0.21419,1.0413,1.0549,0.013785,0.00073354,0.056774,-0.0013069,0.017478,0.0012394,0.01583,0.0089455,0.028851,-0.0042412,0.00017546,0.016039,0.024335,0.0061496,2.6871e-18
-1.5264e-20,0.009961,0.00025428,0.029297,0.024979,-9.5245e-06,0.0011992,0.00058048,0.00048807,0.0031553,0.0016773,0.0016481,0.027844,0.0031348,0.033915,-0.0038171,0.0026271,-0.0003873,-0.016653,1.0474,3.6409,-1.2699,-88.396,2347.4,1277.4,311.11,80.137,28.845,79.636,141.21,27.059,28.045,13.666,63.519,36.131,2.1417,18.745,4.0592,0.72315,1.1179,0.8884,0.028406,-0.00024427,0.030885,0.00035286,-0.003654,-0.00032153,-0.0033467,-0.0019123,0.018225,0.01144,-4.5948e-05,0.021953,0.031439,0.0055985,3.4413e-18
-3.1137e-19,0.020992,4.3404e-07,0.039669,0.023519,-7.6446e-06,0.00011743,0.00022496,0.0075572,0.020182,0.0081657,0.013988,0.05757,0.020191,0.002142,-0.00042168,0.00036187,-0.00010302,0.0076855,0.15845,0.56678,-0.074896,79.277,379.05,610.19,217.64,10.286,1.7528,35.8,14.964,1.6835,3.1081,3.1097,5.3546,4.1471,3.3832,2.3231,0.49755,0.13482,0.27744,0.096441,0.041524,-0.00011155,0.0016835,6.013e-05,-0.00051878,-4.5042e-05,-0.00047405,-0.00027086,0.0010692,0.040484,-6.7692e-06,0.0014022,0.0015593,-0.00034411,-7.9399e-20
-4.2816e-19,0.031139,0.00037175,0.012015,0.0074996,7.8046e-05,0.00036206,-0.0018516,0.025358,0.038571,0.0093456,0.035344,0.054231,0.038422,-0.0029626,-0.00057517,-0.000468,0.00066792,0.033948,-0.23268,-0.79426,0.4239,83.016,-151.99,106.56,61.678,-5.2996,-1.0597,8.189,-2.9072,5.7133,-3.9188,-1.2074,0.46778,-1.3301,2.8793,-1.2963,-0.057778,0.028164,-0.0075005,-0.071149,0.016598,0.00098279,-0.0022993,-0.00020182,0.00083725,6.6356e-05,0.00075363,0.00043047,-0.0017216,0.017383,1.3491e-05,-0.00047246,0.0068365,0.013039,4.9331e-19
-9.1309e-19,0.020696,-0.001059,0.0020556,-0.0024232,-0.00019127,-0.001304,0.0051797,0.01819,0.033898,0.0082147,0.036021,0.024782,0.034215,-0.00011934,0.0040463,-0.00012234,-0.0014858,0.020152,0.087259,0.302,-0.0071656,-27.084,60.652,-23.468,-15.929,3.1819,-0.64054,-3.4059,20.113,18.099,16.045,7.3253,9.8067,6.937,2.1279,0.92311,0.45509,0.1561,0.046935,0.023153,-0.0073234,-0.0023471,-0.00016349,0.00033249,-0.00029766,-7.8199e-06,-0.00023947,-0.00013644,0.00063536,-0.0054341,-1.1182e-05,0.00071219,0.011082,0.028498,7.6355e-19
-7.1529e-19,-0.00043304,0.00025887,0.024051,0.00013398,4.5808e-05,0.0064734,0.024186,9.2013e-05,0.023682,0.0086226,0.023342,-0.00041917,0.021737,0.00027977,0.021273,7.2519e-05,0.00035113,-0.00023825,0.021008,0.0031361,0.1239,1.4666,-1.2518,3.8262,1.781,0.14723,24.837,24.846,9.8569,14.019,26.411,23.776,15.968,10.826,2.7529,0.44299,0.37171,0.11561,0.044749,-0.00023096,0.00079608,0.00056083,0.0002366,-7.4123e-05,1.1681e-05,-3.3873e-06,2.7322e-06,1.4665e-06,-3.039e-05,0.00021322,1.9347e-06,0.00031983,0.0037191,0.033895,-5.0235e-19
5.4728e-19,-0.0010142,0.010366,0.02884,0.0013693,0.0010192,0.035136,0.040509,0.025061,0.045854,0.0093382,0.0324,0.0015061,0.036107,0.016432,0.037111,0.0037214,0.016878,0.0069187,0.033949,-0.025606,0.13163,4.3859,-8.3331,6.9716,3.9015,-3.6916,103.85,105.3,10.125,10.281,9.9188,31.026,21.231,12.076,2.767,0.96712,0.40467,0.1006,0.069112,0.041287,0.032413,0.029982,0.015056,-0.0016293,4.4691e-05,-9.4354e-05,-0.00013641,-8.0055e-05,-0.00023648,0.00081495,4.0361e-05,0.017733,0.025294,0.040787,1.3017e-18
1.154e-18,-0.0017004,0.0084297,0.013675,-0.0035773,-0.0033651,0.026424,0.024013,0.045885,0.038244,0.005531,0.020928,0.0037127,0.029783,0.034627,0.022796,0.0061663,0.031671,0.0064515,0.055808,0.025044,0.069726,-1.8885,5.7619,2.816,8.2966,27.137,102.58,109.19,22.858,74.219,123.07,19.576,18.332,7.8863,2.2638,1.7375,0.35601,0.13782,0.13003,0.11658,0.06976,0.069539,0.037525,0.0072204,-2.1517e-05,0.00032266,0.0005659,0.00033032,0.0005233,-0.00038962,-0.00013169,0.029246,0.046293,0.063475,2.9581e-18
1.9676e-18,0.0025094,-0.00094684,-0.0013871,0.0035693,0.0034834,-0.0029345,-0.0025579,0.034136,0.0069203,-0.0010123,-0.0022703,-0.0004466,-0.0071333,0.03698,-0.0028142,0.00458,0.039623,0.00034063,0.034412,0.042581,0.076484,0.46025,1.5796,10.468,5.2515,88.624,56.89,59.55,28.02,113.07,199.84,4.9472,10.147,2.6208,1.6194,1.5863,0.25728,0.16327,0.14018,0.13859,0.073016,0.069046,0.039488,0.02886,3.3375e-06,-0.00032784,-0.00058901,-0.0003436,-0.00049145,5.7695e-05,0.00013291,0.022118,0.035772,0.061911,5.3959e-19
2.8618e-18,0.024659,-0.00057241,-0.0008381,0.039232,0.036241,-0.0017714,-0.0015339,0.0051504,-0.00020341,-0.0019423,-0.0013705,-0.00023881,-0.016231,0.024996,-0.0028542,0.00069162,0.062871,0.017262,0.023536,0.15977,0.15512,0.57541,1.6748,18.124,17.527,130.78,69.709,51.277,13.332,28.208,41.371,5.8296,5.4952,2.3236,1.09,0.5785,0.28736,0.12137,0.052331,0.078499,0.031966,0.011477,0.0099016,0.05251,2.0273e-06,-0.0010987,-0.001981,-0.0011555,-0.0016272,2.6169e-05,0.000445,0.0041581,0.0029463,0.0095389,-3.5978e-18
6.9623e-19,0.032589,0.00040764,0.00059452,0.075243,0.061562,0.0012483,0.0010316,-0.0034749,0.0002119,0.011469,0.00096625,1.7608e-05,0.10206,0.032776,0.010851,-0.00046358,0.13755,0.050088,0.03846,0.11804,0.21502,0.0068203,7.7513,20.603,200.72,91.026,44.011,26.367,3.1474,-4.7439,-15.981,7.7297,4.2952,2.2358,0.98131,0.17452,0.17935,0.059863,0.028475,0.038245,0.029929,-0.0077961,0.00032829,0.059944,-1.4904e-06,0.0067,0.012934,0.0076087,0.011241,2.396e-05,-0.0021002,-0.0061207,0.012889,-0.002013,3.8087e-19
5.5685e-19,0.027315,-0.00010798,-0.0001536,0.061554,0.046634,-0.00030873,-0.00017192,0.00086211,-9.3396e-05,0.031519,-0.00023968,0.0002496,0.28453,0.031664,0.028084,0.00010984,0.13476,0.060822,0.052378,0.045757,0.43189,1.0572,8.4816,41.51,278.48,45.899,7.7106,1.3841,5.8936,9.0504,14.187,5.7077,3.368,1.3642,0.84518,0.25123,0.037173,0.028993,0.042739,0.040864,0.032634,0.0019507,0.0042699,0.053797,4.7277e-07,0.0099206,0.028566,0.01747,0.031554,-7.7387e-05,0.0037599,0.0096195,0.025268,0.0090337,2.8296e-18
1.8938e-20,0.02568,-2.5454e-05,-3.2763e-05,0.0045501,0.0034244,-5.3286e-05,4.9527e-05,0.00015138,-5.5135e-05,0.037891,-4.2043e-05,0.00028481,0.34986,0.0032074,0.034833,1.4375e-05,0.017304,0.038752,0.050345,0.085052,0.67119,3.4461,1.3423,74.967,105.49,52.126,10.83,5.263,13.077,3.8682,3.7021,2.682,1.3463,0.8262,0.40643,0.2064,0.026487,0.035604,0.03142,0.072211,0.0025611,0.00035825,0.00041778,0.039213,1.8074e-07,0.00092212,0.024987,0.016308,0.037876,-8.1376e-05,0.02055,0.03711,0.0022018,0.0009158,-8.0515e-19
1.8181e-18,0.031073,9.4435e-05,9.8267e-05,-0.0056756,-0.0046911,6.6014e-05,-0.00079209,-0.00021133,0.00042826,0.013647,5.8308e-05,-0.0025831,0.15167,-0.0048284,0.012713,2.447e-05,-0.0055509,0.03168,0.062798,0.05997,0.29881,4.1038,2.0531,60.765,59.99,30.966,12.075,7.5291,10.626,2.441,0.21851,1.2565,0.71692,0.51755,0.20949,0.17077,0.04676,0.038504,0.045332,0.12672,-0.0027257,-0.00064266,-0.00058615,0.011803,-1.1387e-06,-0.002022,0.0077184,0.0052627,0.013632,0.00072838,0.026533,0.025092,-0.0030345,-0.0012638,-1.0176e-18
1.8812e-18,0.020946,-0.0001734,-0.00015966,0.000567,0.0015741,0.00029412,0.002472,7.5553e-05,-0.00098595,-0.003943,-1.9929e-05,0.0069477,-0.00058219,0.0059288,-0.0036656,-0.00011434,0.0099754,0.041942,0.09068,0.045475,0.061593,2.2299,1.3875,37.487,69.336,7.6001,6.9321,4.4365,4.5192,3.0823,2.348,0.69855,0.5316,0.2628,0.12591,0.10873,0.060887,0.06017,0.062451,0.11359,0.00054002,0.00056766,0.00022407,-0.0033154,2.5084e-06,0.0029939,-0.002059,-0.0015,-0.0039501,-0.0017179,0.014882,0.0047935,0.0010429,0.00043232,1.3655e-19
1.6169e-18,-0.00022124,2.0329e-05,1.8258e-05,0.00015219,-2.8381e-05,0.0099838,0.015674,-1.9257e-06,0.00012006,7.8407e-05,4.0354e-07,0.027516,0.027896,0.027158,7.1204e-05,1.4945e-05,-0.00015374,0.044689,0.09725,0.091706,0.1814,0.018579,0.22437,27.11,42.356,5.3337,2.9322,1.6346,1.6006,1.0793,0.36026,0.21025,0.059654,0.062639,0.026251,0.022347,0.0623,0.077538,0.057052,0.034014,0.00011221,-5.2967e-05,-7.3647e-06,6.597e-05,-3.0334e-07,0.016787,2.6862e-05,3.0373e-05,7.9985e-05,0.00020989,-0.00012102,-6.6572e-05,-2.1807e-05,-8.7979e-06,-1.3377e-22
2.7795e-19,-0.0011236,0.00093131,0.00083278,0.018698,-6.2312e-05,0.032852,0.036808,-3.3268e-05,0.011648,0.00054918,3.1653e-06,0.034629,0.038739,0.056196,0.00041991,0.00069685,-0.0012059,0.020009,0.049879,0.10867,0.078491,0.18075,12.181,6.7893,42.686,3.0539,1.6434,1.0868,0.93151,0.43064,0.084425,0.10507,0.056104,0.030418,0.027637,0.0094519,0.045662,0.028121,0.037123,-0.00038711,0.016348,-0.0023188,-0.00018753,0.00046408,-1.397e-05,0.035575,-0.00046996,0.00023824,0.00062738,0.016823,0.0027076,-0.0025442,-0.00020265,-7.1019e-05,8.0467e-20
-7.6681e-19,-0.001478,-0.002948,-0.002634,0.036333,-0.00049428,0.021909,0.045293,7.4609e-05,0.022304,-3.8546e-05,-1.46e-06,0.018168,0.028703,0.05692,0.00025851,-0.0022126,0.00055622,0.0020873,0.030663,0.042488,0.4531,-0.92428,16.513,13.328,26.503,0.86185,0.94109,0.7692,0.51373,0.27286,0.23037,0.069085,0.09193,0.025939,0.026311,0.0074536,0.017172,-0.0039287,0.02319,0.0093298,0.045913,0.0091148,0.00050991,-3.9928e-05,4.4262e-05,0.018978,0.0034909,-0.00010989,-0.00028938,0.013978,0.0078895,0.0097229,0.00019658,3.9319e-05,-1.964e-19
5.5543e-19,0.0020571,0.0027386,0.0024448,0.03119,0.000556,-0.00091959,0.030146,-6.4308e-05,0.022418,-0.00018935,2.0649e-07,-0.0016797,0.027596,0.029261,-0.00044673,0.0020657,-7.8667e-05,-0.00017663,-0.016367,0.19657,-0.32304,1.7444,22.308,36.586,-0.79042,0.46894,0.25182,0.19312,-0.013192,-0.00018625,-0.023263,-0.0072369,0.0054119,-0.0036106,-0.0032152,0.00076769,-0.0008089,0.00072877,0.024219,0.03109,0.061631,0.029347,-0.00045617,-0.0001523,-2.959e-05,0.0010889,0.018329,1.5541e-05,4.0927e-05,-0.0012797,0.013424,0.031224,-0.00012133,-1.1512e-05,-1.0224e-18
2.1258e-18,0.023589,0.025867,0.022355,0.0052932,0.0069633,0.012983,0.0037125,-0.00025178,0.016884,-0.00088138,1.4671e-07,-0.0011934,0.034994,0.0039256,-0.0018899,0.023205,-5.5893e-05,-0.00074369,-0.061604,0.29434,-1.3135,15.667,46.123,35.059,0.20482,0.58259,0.26715,0.19658,-0.026233,-0.012768,0.007244,-0.0069834,-0.0055693,-0.0061951,-0.0041964,0.021218,0.0067911,0.00036139,0.029884,0.036628,0.041751,0.036231,-0.0017965,-0.00071375,0.0043074,0.032,0.03401,1.1042e-05,2.9079e-05,-0.00044085,0.022547,0.039819,-0.00044476,-3.0996e-05,-1.1792e-18
1.219e-18,0.03472,0.021742,0.015295,-0.0033531,0.013286,0.021067,0.0034208,0.001122,0.028719,0.0051472,-9.7389e-08,0.00079222,0.017264,-0.0024452,0.011987,0.03705,3.7103e-05,0.0033579,0.27244,-1.2201,8.5206,32.825,50.281,14.294,2.3982,0.5779,0.20772,0.12428,0.017575,0.008596,0.035167,0.015885,0.016017,0.028554,0.015312,0.045524,0.012267,0.00048471,0.01463,0.016169,0.012926,0.016424,0.011313,0.004086,0.025804,0.042721,0.017842,-7.33e-06,-1.9303e-05,-0.0018773,0.012408,0.024047,0.0019565,0.00012629,-4.9218e-19
-1.0957e-20,0.023246,0.0011502,-0.0041313,0.00079102,0.010945,0.015711,0.017284,-0.0017877,0.028034,0.0077898,2.2975e-08,-0.00018689,-0.0031243,0.00057684,0.031254,0.026906,-8.7529e-06,-0.0053606,-0.43359,2.0895,25.437,33.745,28.639,-1.4226,0.097256,0.34159,0.026062,-0.02336,-0.004146,-0.0020279,0.0027389,0.018455,0.03329,0.067602,0.03084,0.047197,0.007579,-0.0012701,-0.0029018,-0.0028666,-0.0021015,-0.0029267,0.030199,0.0052473,0.037558,0.028334,-0.0032613,1.7292e-06,4.5538e-06,0.0040745,0.010966,0.0044171,-0.0031113,-0.00019841,-2.6311e-19
-4.1367e-19,0.0018783,0.00071552,-0.0022601,0.00016733,0.00094321,0.01229,0.018056,-0.0021185,0.0018603,0.00075407,4.8602e-09,-3.9536e-05,-0.00066093,0.00012203,0.033988,0.0022344,-1.8516e-06,-0.0063543,-0.51373,11.714,33.373,15.743,2.9653,-0.19744,0.063339,0.059189,-0.0030177,-0.0049417,-0.00087707,-0.00042898,-0.00043487,0.0017,0.034113,0.078503,0.029193,0.023738,0.00059074,-0.0015894,-0.00090383,-0.00060641,-0.00044455,-0.00061911,0.033872,0.0045343,0.024928,0.019297,-0.0006899,3.658e-07,9.6332e-07,0.019372,0.03122,3.9563e-05,-0.003686,-0.00023465,-4.9961e-19
2.3799e-18,-0.0022128,0.02888,0.019224,-0.00019987,-0.0011128,0.01515,0.0060497,0.023276,0.0051136,-0.00089168,-5.8051e-09,4.7222e-05,0.00078944,-0.00014575,0.011854,-0.002634,2.2116e-06,0.069818,5.6442,14.48,17.382,7.66,-1.8505,0.67685,0.15087,-0.011478,0.024412,0.0059025,0.0010476,0.00051239,0.00052965,-0.0020084,0.011692,0.064248,0.02073,0.0048032,-0.00069539,0.017642,0.0045361,0.00072432,0.00053098,0.00073948,0.011968,0.025433,0.023851,0.022406,0.00082403,-4.3693e-07,-1.1506e-06,0.0090216,0.020866,-3.8235e-05,0.040496,0.0025771,4.2489e-18
3.3986e-18,0.00061993,0.026275,0.018007,5.5995e-05,0.00031175,0.0095935,-0.0013966,0.022848,0.0089027,0.00024981,1.6264e-09,-1.323e-05,-0.00022117,4.0834e-05,-0.0027544,0.00073794,-6.196e-07,0.068534,5.5404,7.1413,1.6739,4.0259,0.9194,-0.087101,0.020695,0.0076375,0.022521,-0.0016536,-0.00029349,-0.00014355,-0.00014839,0.00056266,-0.0027092,0.02743,0.0082978,-0.00098793,0.00019482,0.017345,0.0036225,-0.00020292,-0.00014876,-0.00020717,-0.0027867,0.022336,0.014932,0.014202,-0.00023086,1.2241e-07,3.2236e-07,-0.0021799,0.0028694,1.0712e-05,0.039751,0.0025295,3.616e-18
-3.098e-19,-1.069e-18,3.8374e-18,-3.1255e-18,-3.3688e-19,-7.9869e-19,4.0246e-18,2.9149e-18,-3.2863e-18,-3.6428e-19,-2.7856e-19,-3.8874e-21,-1.1504e-20,2.8138e-19,-4.0971e-19,2.7926e-18,-4.3543e-18,-5.8721e-17,-5.1899e-17,5.5017e-16,1.5344e-15,3.4645e-15,5.3986e-16,-8.2232e-16,1.9683e-16,3.3812e-17,-6.4573e-18,1.0646e-18,2.3785e-18,4.562e-19,2.492e-19,1.7794e-19,-5.8521e-19,4.0466e-18,8.1134e-18,3.2581e-18,1.2102e-18,-5.442e-19,3.2441e-18,4.4642e-19,3.5721e-19,3.6851e-20,-7.2914e-19,3.9127e-18,-3.4456e-18,3.4006e-18,-2.0623e-18,1.1589e-19,-4.1912e-20,-4.3928e-19,1.6833e-18,4.1231e-18,-5.3275e-19,-4.1582e-18,3.4288e-19,-1.1094e-19
