-6.157e-17,-7.0178e-16,-1.7504e-15,1.2708e-15,6.5829e-16,4.816e-16,1.8944e-16,2.7118e-15,2.2057e-15,1.3844e-15,3.8072e-16,1.4893e-15,1.5893e-15,1.3508e-15,8.7235e-17,-5.2869e-16,5.9801e-16,1.3427e-15,2.7741e-15,1.3238e-15,1.0129e-15,6.5385e-16,3.6973e-16,3.3083e-15,4.3449e-16,8.5319e-16,9.2491e-16,2.6325e-17,2.9727e-16,7.7789e-16,3.977e-16,4.7232e-16,7.9144e-16,7.6124e-16,2.7968e-15,2.2468e-16,3.0322e-15,1.4863e-15,1.8672e-15,1.804e-15,1.7279e-16,8.6692e-17,1.2487e-15,2.054e-16,1.2864e-15,2.6057e-15,6.8131e-16,5.9333e-16,1.5253e-15,-6.5778e-17,1.0797e-15,8.0038e-16,5.1231e-17,-7.2839e-18,-6.8283e-16,1.1796e-16
4.9547e-16,5.8855,7.0951,5.2102,5.4559,2.3584,2.5406,6.8977,9.2597,6.8537,8.1149,7.8336,6.9524,5.0267,7.0161,5.7278,4.7149,6.7913,8.3031,5.3022,3.5581,5.3881,5.4497,6.2638,5.5134,2.3149,3.1551,4.4385,4.3132,6.9801,7.7393,1.0288,3.261,2.6673,5.3622,5.3697,7.2961,5.9173,6.2888,5.2294,9.3837,4.4909,7.4377,2.0198,4.5522,7.925,4.9788,3.3571,4.2352,5.3974,3.1182,4.3221,3.0673,4.7871,7.2741,4.0651e-17
1.2658e-15,8.5103,11.937,9.3051,8.2594,5.3265,4.0981,12.564,16.361,9.7122,13.954,12.377,12.455,12.521,11.475,9.1187,7.7321,13.496,13.217,9.96,5.4805,8.2456,10.012,12.134,10.985,6.8477,9.0508,6.231,6.7453,11.604,13.442,3.9391,7.0723,6.2254,10.415,9.5111,14.04,9.6702,11.077,9.5399,13.586,6.1618,13.78,4.307,8.9634,11.873,9.2767,5.7614,9.048,13,7.6418,7.7418,6.7004,7.9777,11.437,1.3018e-15
1.1914e-15,6.7876,10.604,9.376,6.5424,6.8863,3.7507,10.35,13.443,6.525,10.367,8.014,10.657,17.146,9.2153,7.3592,6.2237,13.341,9.6559,10.611,5.1979,5.4264,8.9064,11.722,10.351,11.159,13.391,4.2075,5.2533,10.699,13.261,9.1097,9.9194,8.5407,10.954,9.4275,13.133,8.4338,8.8909,10.509,9.321,4.2855,13.029,4.6059,9.7455,9.2215,9.7876,5.6593,9.8342,15.609,11.07,8.8603,8.5831,7.2753,10.88,4.601e-16
1.0465e-15,10.005,11.495,10.768,8.304,8.3085,5.3687,7.0428,10.028,9.0674,6.9701,5.3622,8.7836,18.027,9.2488,8.656,6.3461,11.217,8.6352,12.33,8.31,5.233,7.2716,9.7461,7.6477,13.646,13.382,5.8458,6.135,12.699,15.306,15.462,13.669,10.213,11.44,10.689,10.088,10.279,6.7039,13.527,12.358,6.8769,11.737,4.3124,10.63,12.423,11.676,8.219,8.3251,13.059,13.731,12.999,10.475,8.8565,16.512,3.1539e-16
7.5273e-16,8.2426,9.7872,9.0712,7.0926,10.02,7.3222,8.3266,9.1015,11.127,10.174,6.3379,9.5436,13.272,9.2189,10.258,6.8399,11.231,8.005,12.42,9.1684,8.1584,7.2371,8.4784,8.8597,12.635,8.4747,6.0738,7.2459,10.141,10.558,17.289,13.277,9.4931,11.577,8.6294,8.3103,11.476,8.4615,12.595,15.97,7.678,9.3979,6.4519,11.111,13.564,13.254,13.574,6.7251,10.462,13.256,14.755,11.499,9.2592,17.847,1.253e-16
6.3704e-16,6.4609,8.2873,7.0867,5.5877,10.225,9.7332,11.017,9.1326,10.891,14.45,9.3872,10.956,8.7337,9.9757,9.7484,6.0438,10.243,7.5866,10.723,8.1917,11.539,8.5901,8.7231,9.6766,10.043,4.8274,7.1789,9.4069,7.7705,5.7425,15.213,12.032,10.628,11.806,5.3332,7.7267,10.164,10.323,9.6465,17.03,7.3187,6.6933,10.438,10.588,10.933,14.208,17.178,7.2235,8.1645,11.959,13.638,12.277,9.1352,17.663,1.609e-15
5.8949e-16,11.535,10.008,8.3471,7.5625,8.8382,12.643,10.769,8.2339,10.47,13.451,11.315,10.507,9.5499,12.429,8.7699,4.3227,6.2425,9.5172,9.4657,8.6125,12.262,9.4794,10.162,6.7783,8.0088,5.9215,11.04,12.9,10.938,8.6441,12.791,13.703,15.757,12.502,5.6939,7.5865,7.2963,8.6961,8.9784,15.815,8.656,5.5255,12.407,9.2767,8.2503,14.207,14.988,9.8135,4.8715,11.61,11.819,13.118,10.976,19.682,3.0799e-16
4.3049e-16,15.297,9.4178,9.0889,7.9963,10.075,13.768,10.055,7.3443,10.915,10.993,9.309,9.3037,11.578,12.829,12.397,4.3546,5.7806,14.463,10.354,10.17,9.4786,7.7212,11.246,7.9279,5.7727,5.1811,10.434,13.459,11.738,10.504,11.225,13.613,17.578,12.365,9.5622,8.6809,5.0127,7.643,9.2779,11.382,9.1628,7.0356,8.4698,8.2267,8.0414,11.093,8.8137,11.235,2.372,8.7852,9.5947,12.285,13.951,14.173,1.0823e-15
3.723e-16,13.358,10.266,10.128,10.735,12.125,14.868,10.338,7.1054,11.676,9.2061,8.7048,11.592,12.91,11.666,16.043,6.2259,9.7095,15.82,10.516,11.551,9.7137,5.7646,8.8357,9.5186,5.6359,4.9362,8.3499,13.462,10.684,9.9141,10.6,11.43,15.58,10.787,9.6338,8.9369,6.7445,8.745,12.462,6.0988,8.8686,9.8033,6.015,8.8439,8.0115,8.2907,6.3703,12.151,3.1637,7.5457,9.8443,11.525,13.706,7.823,1.5033e-15
9.9101e-16,7.071,12.704,12.31,14.365,12.537,15.414,9.7701,7.1037,11.405,7.7368,11.942,14.932,13.612,10.401,14.879,7.5722,14.164,12.045,9.5993,11.981,12.565,6.6883,5.3108,9.0841,8.1916,7.5799,9.4304,13.153,9.089,8.388,9.7448,8.9754,12.101,9.9186,5.6915,8.6401,11.166,10.525,16.369,3.8161,8.4942,12.438,8.2791,10.611,7.1334,7.5013,9.0509,12.388,6.4352,9.4543,11.793,9.647,9.6315,6.4007,1.7723e-15
5.9517e-16,2.2473,9.8321,13.767,10.641,11.214,11.541,5.5686,6.8803,9.1102,5.6001,14.13,10.898,14.574,9.3904,10.297,6.3811,14.177,9.6804,10.978,12.19,10.498,10.982,7.7046,10.307,10.669,10.592,13.256,9.4029,6.0886,6.9089,7.5139,7.7772,9.503,12.67,6.6276,10.834,12.222,10.079,14.729,6.4819,8.1116,14.391,9.09,11.204,7.5827,6.497,9.7434,10.007,8.0725,9.9277,10.269,3.7444,6.6571,6.279,1.0398e-15
2.794e-16,4.1575,5.5873,12.566,10.202,7.8351,6.464,4.333,9.6615,6.4741,6.1117,12.192,6.574,16.358,9.1846,9.4451,8.5284,11.063,7.8165,11.116,14.614,16.144,14.851,10.736,10.552,12.189,11.642,13.485,10.446,7.6874,7.9206,7.485,7.841,11.258,12.926,8.5806,11.608,11.396,7.7182,13.23,7.8332,8.0495,13.522,8.3897,11.256,8.43,7.5203,9.8379,8.8225,8.2752,8.6726,6.757,5.9074,6.5313,6.8347,6.9151e-16
1.6119e-16,10.49,6.32,10.205,13.365,5.3569,4.2639,6.6072,11.88,7.8461,8.1644,8.9658,7.0494,15.747,9.536,10.815,12.226,8.3898,7.1633,9.4054,15.728,21.451,14.834,11.789,11.8,11.071,10.711,10.612,13.636,11.302,10.918,11.046,7.9072,13.263,10.859,8.8629,10.335,10.28,5.7567,14.485,6.0189,8.7952,11.996,7.437,10.04,8.0543,8.7908,9.8097,9.5268,7.9815,6.451,4.8427,12.447,9.204,7.4757,1.0964e-15
1.0996e-15,13.471,12.603,9.7632,12.113,6.8065,5.7563,7.2895,8.1718,13.904,8.3295,9.057,9.9721,9.9602,9.9688,8.3233,10.686,8.3273,9.0939,9.0332,11.819,10.665,11.234,12.595,16.767,7.4262,9.8969,10.183,10.002,9.6794,12.501,14.924,7.5808,9.7828,11.02,8.561,9.8811,9.0358,6.1839,15.162,4.8915,10.118,13.328,7.0492,7.5738,5.9476,6.8651,7.8018,9.5775,8.094,4.8533,6.9052,10.862,12.337,7.6278,1.359e-15
1.1129e-15,9.3159,11.94,10.338,12.327,7.6833,5.9317,6.7509,6.5211,12.145,9.9891,9.3509,8.5824,5.8293,11.213,7.2572,7.0837,8.1674,8.4828,11.43,12.904,8.0009,10.575,12.413,15.766,8.5835,11.258,11.218,6.7984,7.8982,9.9938,12.407,10.095,8.747,9.3283,7.6538,10.105,8.6158,7.3091,11.627,7.5688,9.879,13.687,7.7811,10.249,4.3436,6.121,4.105,9.1078,10.155,7.5575,11.068,11.311,10.301,8.9468,9.2279e-16
5.6272e-16,7.0646,7.0742,10.016,12.149,8.6544,5.705,7.6529,8.4671,8.4986,12.771,9.7157,6.577,4.5127,11.131,7.4912,5.0654,8.7372,8.7104,12.713,15.312,11.589,11.983,12.57,11.629,10.752,10.496,10.041,8.3877,8.8422,7.0587,8.0389,9.5364,7.9598,6.5855,6.0715,10.387,9.0237,6.8796,7.7231,11.617,8.8278,14.076,7.8719,13.769,6.9064,6.2684,4.1482,10.438,11.269,10.819,11.945,11.341,7.8019,12.107,4.0761e-17
1.7159e-16,12.634,7.206,8.022,8.5212,10.68,7.6027,10.441,9.9922,11.481,14.795,11.004,8.7571,3.7174,8.0008,6.4559,5.6694,10.958,12.447,9.9523,11.815,9.5328,11.691,13.594,10.804,9.6526,6.6918,6.4576,11.566,10.645,7.8937,8.6996,4.0175,4.4618,6.0704,4.5555,10.649,9.0573,5.2116,7.927,12.911,9.1938,15.698,6.5041,11.824,13.177,6.6577,9.1028,13.341,9.1878,10.138,8.5652,7.7331,9.8376,15.329,6.0922e-16
1.0077e-15,13.824,11.851,5.9654,7.2205,9.0228,9.3544,10.771,7.9158,11.805,16.756,11.241,10.073,3.3219,4.6223,5.5409,6.5722,11.29,11.525,7.2939,7.2185,8.5939,10.343,12.26,10.074,12.577,10.107,7.0864,7.9157,8.7779,10.156,11.608,7.2932,6.4469,7.6556,4.9059,11.502,7.1907,6.5098,9.3253,11.023,11.904,14.188,7.0064,8.137,14.926,11.246,8.8803,12.147,7.8006,8.9147,9.6505,11.882,10.194,14.627,5.3029e-16
9.597e-16,10.508,10.312,4.7467,8.7994,7.4976,10.039,10.205,6.4331,9.346,17.09,10.93,12.316,4.1401,4.8325,5.7018,5.6665,9.2741,9.1146,5.5171,6.6835,9.4888,8.8859,9.9498,9.9323,14.327,14.024,8.4664,4.6908,6.7851,9.1355,11.76,11.125,9.034,7.1386,7.0262,11.984,6.4084,9.176,9.7105,9.7565,15.403,12.966,10.839,7.335,11.524,12.574,8.563,10.04,8.5425,12.313,11.653,13.467,8.5732,11.603,4.5655e-16
3.3114e-16,7.8732,3.3017,3.6103,9.5904,9.1581,9.996,10.032,7.5134,8.1805,15.066,10.98,13.945,6.7725,7.8734,7.3506,3.7777,7.1868,7.6738,4.8456,9.2607,10.27,8.6862,8.7483,10.273,10.818,12.292,8.252,7.0993,8.1069,5.826,9.2928,9.2075,7.8837,5.9608,8.4072,11.901,8.2026,10.067,9.1418,10.824,16.427,15.32,15.533,9.808,8.6896,13.128,11.339,10.243,9.5043,15.433,10.033,7.5641,6.2544,9.0653,6.7736e-16
1.3175e-15,8.3663,6.1062,1.9953,6.1126,10.787,9.9174,8.5717,7.535,10.137,12.288,10.798,8.7152,10.161,8.2125,10.333,4.2341,7.5581,3.7182,6.4269,8.8562,10.024,10.742,8.7185,8.8477,7.0282,9.6364,10.373,9.5444,10.902,7.1081,9.8355,9.0254,6.8135,10.93,6.9264,12.226,9.6833,8.4733,9.3445,11.369,12.344,19.005,16.148,11.409,12.678,26.502,10.807,10.745,7.5643,6.8292,7.1178,5.7782,3.3232,7.9852,-4.7193e-18
1.401e-15,6.5049,10.254,6.8324,4.7203,8.7693,9.4029,8.4099,8.7213,10.468,9.7053,7.8925,7.8403,9.1702,7.1216,12.99,5.8867,7.1669,2.1839,8.5236,9.3168,7.9181,11.655,9.2412,8.9992,7.3695,10.498,13.349,10.443,11.327,8.9507,10.883,9.6126,7.2958,11.422,10.635,10.748,8.607,8.0334,10.038,9.9241,7.5026,19.007,13.95,11.961,16.237,29.717,9.4953,9.5334,5.7753,5.4878,8.1352,4.4039,2.8842,8.4593,-2.9283e-17
8.5249e-16,3.6018,10.827,14.358,8.783,6.2697,8.7109,10.957,10.457,9.3663,10.431,4.958,11.799,5.0547,6.105,13.935,7.4314,6.734,3.7276,9.5295,9.7893,5.2777,10.64,10.21,10.442,9.5743,12.179,13.326,10.41,9.939,8.7209,11.349,10.43,8.2075,7.376,16.973,8.7669,7.179,10.872,10.587,7.3326,6.2805,16.127,11.614,12.045,14.992,20.698,11.723,7.4109,4.8315,11.432,10.103,2.6138,4.5171,9.4033,5.2205e-16
8.8473e-16,5.8133,11.388,14.184,14.63,8.8914,8.735,13.704,9.7923,10.129,15.541,7.0886,11.206,4.1578,5.736,13.15,9.052,9.871,4.4777,9.1473,6.2325,4.423,9.7634,11.472,10.169,8.7576,9.8354,9.3879,10.653,10.205,7.9436,12.009,11.837,8.0732,8.6799,16.407,9.6936,8.7073,15.212,10.799,6.0512,8.5571,14.721,10.568,11.361,10.963,17.966,17.703,7.0406,3.6612,8.5855,7.223,4.7623,5.0848,9.4937,1.0761e-15
2.6869e-16,9.2861,11.714,10.879,14.32,11.238,9.4148,10.297,9.1902,7.7239,14.822,11.006,10.031,7.143,8.2109,12.436,11.827,13.482,5.5775,8.3226,5.2191,4.8349,9.0831,11.159,10.973,9.0665,10.032,10.053,11.634,11.06,7.9662,9.4795,9.3273,8.9024,12.245,14.863,11.155,8.9581,15.629,11.029,7.8484,7.2847,12.36,9.7184,8.6606,6.918,15.832,18.804,9.006,6.4683,7.5201,8.4067,9.7701,5.2817,9.4113,3.7021e-16
-1.5684e-17,10.369,10.128,7.2852,8.8046,8.9243,8.5031,6.4038,9.4319,6.0222,10.77,12.517,9.4208,10.973,10.369,10.182,13.164,12.706,8.1972,8.2686,6.96,6.5051,8.9666,9.9755,11.336,10.37,10.929,11.565,11.577,12.08,10.83,8.2847,7.7709,9.8454,14.16,13.204,10.516,9.1545,12.457,10.628,8.7627,6.7308,9.713,8.5194,7.1094,7.04,12.052,13.941,11.22,9.7306,8.9465,11.137,13.109,4.9667,10.959,5.0812e-17
3.7631e-17,8.7595,7.6784,5.4639,4.8711,3.8192,5.215,8.0944,10.515,9.3711,11.33,10.75,7.9272,11.344,8.6329,6.5199,11.432,8.2845,10.628,9.3043,7.7191,8.129,9.4616,10.381,10.016,10.365,8.961,9.2661,10.468,12.576,15.253,11.791,11.209,10.128,13.102,9.6547,8.0777,11.089,9.9961,9.2203,7.2455,10.735,8.3988,8.0306,8.9432,11.352,9.8085,8.6606,11.951,9.0617,7.7708,9.4276,12.173,5.7146,15.933,-2.4574e-16
3.7634e-16,7.5714,10.068,9.972,7.07,4.4485,3.8111,7.4444,13.435,10.829,15.458,9.9096,5.9519,6.6152,5.8301,8.4023,11.049,10.399,8.1215,10.163,7.0066,5.798,9.5632,13.563,11.909,10.302,9.4989,12.466,13.147,10.282,13.816,11.472,10.513,12.613,10.734,7.3194,8.3412,10.002,11.076,8.3112,11.545,8.7621,6.6165,10.373,9.188,11.436,11.708,8.6549,12.692,8.848,6.5078,8.2094,10.88,12.328,23.556,6.8427e-16
7.9625e-16,6.1521,11.597,12.726,9.4284,6.5677,5.5372,6.8578,12.813,11.763,15.972,9.5193,4.6594,8.007,4.7218,12.685,11.053,12.954,6.3392,11.318,7.0148,4.8378,11.637,13.166,12.466,12.862,9.8638,15.077,15.069,9.0158,9.244,9.647,8.0993,13.077,8.6119,8.2852,11.845,8.9682,10.438,8.8673,14.796,8.366,4.7047,11.864,6.4759,9.5201,13.463,10.511,12.272,8.7359,7.6574,9.8907,10.594,14.242,21.827,7.8612e-16
8.1153e-16,5.6385,10.19,10.106,8.4545,6.0806,7.9582,8.915,8.9758,13.92,12.662,7.8549,6.811,12.705,6.7158,14.051,11.164,11.045,9.3104,13.985,9.3472,7.7121,14.694,7.5144,9.4951,14.861,7.9424,11.808,12.621,9.5886,6.0518,9.1743,8.0332,9.7291,7.7683,10.842,16.052,9.8233,6.2807,11.081,12.797,13.776,4.1758,10.892,3.8914,8.9045,11.176,11.124,10.103,8.1492,11.328,13.382,11.682,9.0943,10.85,7.9494e-17
1.4335e-15,10.177,13.271,10.602,9.0989,6.8164,7.528,9.8062,11.219,14.251,14.453,5.7715,14.357,5.693,10.972,11.601,13.736,10.549,12.724,17.441,12.224,8.5238,13.8,4.7719,9.0221,8.8136,7.0652,8.2233,9.6322,7.1618,5.0428,7.5264,8.5941,7.6167,8.3385,10.334,17.185,8.3125,4.6852,14.165,12.867,14.886,5.9293,11.08,6.2135,7.6189,7.0853,12.323,7.8524,9.0027,14.813,15.1,14.008,10.627,8.8388,4.945e-16
1.872e-15,14.594,15.304,13.405,10.521,9.7985,8.5618,9.2124,15.368,12.508,14.066,8.6941,17.178,36.99,12.717,7.8131,12.04,10.405,14.593,13.373,8.8976,8.0888,16.546,7.5881,11.104,7.0669,6.3305,6.5158,9.9335,7.4635,8.9285,8.3631,8.0616,6.566,8.3876,8.1734,13.051,4.5292,3.8692,15.62,12.436,12.64,7.7956,10.353,10.28,5.5604,9.5525,11.133,5.27,9.734,15.097,11.735,12.333,10.474,9.7692,1.0237e-15
2.611e-15,13.772,12.644,12.697,11.459,13.535,10.709,9.8085,13.995,8.6921,9.8626,13.904,13.742,76.162,12.746,5.4975,7.9176,10.705,13.457,7.747,3.5569,9.7153,18.953,11.57,12.879,11.586,5.816,6.157,11.393,10.193,13.521,10.381,6.954,6.0823,7.4725,6.5587,8.9278,2.7359,3.9444,14.277,8.2572,8.8789,8.1552,9.7196,11.451,3.8696,15.17,8.1122,3.075,9.097,12.564,9.4608,8.7121,7.1198,8.6554,1.2051e-15
1.0185e-15,8.3015,8.463,5.983,11.303,15.112,9.8739,13.036,6.7056,4.5211,8.6867,13.525,12.036,44.968,14.874,6.1906,8.8662,14.034,9.449,12.693,6.9646,14.017,10.827,11.191,12.538,12.742,7.1453,6.0935,9.208,8.8989,11.348,8.5363,6.5144,6.5068,7.1845,6.3039,10.68,6.082,7.106,11.293,2.4689,4.4042,7.2314,12.41,8.803,4.2446,13.197,7.4422,3.2108,8.6082,10.373,15.898,9.7091,8.2873,8.7189,1.0539e-15
7.8558e-16,6.9881,8.4983,5.5538,7.6569,12.216,10.778,11.981,9.9047,7.9639,11.18,11.619,13.014,12.495,13.028,9.0598,7.2004,19.862,8.0927,11.81,13.203,13.131,7.3489,12.232,13.783,13.7,9.5151,7.755,7.5112,6.2266,7.2867,6.6891,4.437,6.6759,8.8922,7.2033,6.6169,6.8406,9.0245,9.3316,4.9979,4.4914,6.4912,14.042,9.3396,8.0186,10.11,9.0442,6.293,13.105,9.7632,16.543,9.9314,9.2177,12.104,1.3278e-15
2.7481e-17,9.9032,10.599,8.179,6.285,8.8624,10.854,9.7074,16.18,13.462,11.532,8.6268,15.677,7.5278,10.006,11.358,9.0131,21.762,7.8429,8.0688,14.009,7.8826,8.0289,13.257,13.541,13.941,10.279,9.0837,9.3596,9.0115,6.2291,6.3942,4.4669,6.137,10.637,8.8047,1.9754,5.5768,7.8971,8.3746,10.743,9.0165,6.1142,11.798,10.999,11.76,9.5514,9.3349,8.4682,15.35,8.8176,11.767,8.2209,6.9826,14.69,4.6782e-16
2.8774e-16,11.482,10.653,6.6495,10.845,8.8542,7.3616,11.021,13.15,12.271,6.5869,4.1481,16.429,12.9,10.863,11.262,18.403,16.128,5.7339,12.004,9.1888,4.9701,5.6556,10.019,8.5902,10.978,9.0434,8.811,13.617,16.873,7.94,7.3166,9.2582,6.4747,9.6454,9.3686,5.3671,7.327,6.6352,7.7612,11.82,12.881,6.9448,7.2035,10.271,11.774,10.734,6.9009,7.2007,9.1376,7.0732,10.516,8.0471,4.5662,12.926,2.2893e-16
2.2343e-16,9.8516,11.567,9.7301,10.414,7.6763,8.3803,9.492,13.929,9.5917,4.9296,3.6293,9.1464,15.259,10.812,10.754,15.431,11.73,6.3964,15.142,11.437,7.5417,7.1081,6.0981,5.828,7.2331,10.764,11.655,15.146,14.397,6.7083,10.26,10.74,11.095,7.018,5.9438,5.5659,11.014,10.706,9.1057,15.959,11.02,12.145,5.8784,13.668,10.456,12.634,7.4514,7.8971,6.7378,9.7929,12.081,12.015,9.0688,11.951,8.6054e-17
1.6034e-15,9.8915,11.331,13.262,7.9054,7.2645,9.9184,10.136,14.001,9.0375,7.0273,5.8162,4.2249,10.096,10.716,10.52,9.1821,10.217,7.7038,13.494,14.355,9.7137,10.535,7.4737,7.1271,6.0503,11.022,12.77,14.095,11.096,10.01,10.811,9.0249,15.865,10.972,5.9961,5.6811,10.195,11.593,9.7174,16.625,9.831,15.782,8.8491,13.333,10.345,15.077,8.3319,10.481,8.3172,13.185,12.922,14.058,12.242,9.8939,1.0637e-15
7.6716e-16,12.635,9.1079,11.482,8.4367,8.9915,8.2009,13.639,9.069,10.293,8.1811,7.4601,8.8468,4.1661,11.535,10.085,9.1122,9.5935,7.5188,10.387,11.716,7.6036,10.465,13.441,10.143,7.5853,8.8255,10.894,11.784,13.665,17.908,8.3634,7.142,15.53,19.22,10.802,8.8069,3.8062,6.4272,8.8171,10.815,11.143,14.781,12.983,6.5595,10.708,15.253,9.9227,12.462,9.1601,12.671,11.444,11.611,9.632,6.7882,1.312e-15
1.7087e-15,11.315,8.6326,7.1332,9.4467,9.273,7.9557,9.8395,7.4891,10.293,5.125,8.29,14.316,9.6182,10.323,8.8622,6.3873,8.7985,8.2973,12.243,10.241,5.4668,5.9567,14.826,11.938,8.5836,11.987,13.879,8.2517,10.728,15.395,9.5769,6.1041,10.229,15.247,9.3418,8.5815,1.0016,7.3581,10.199,9.1446,6.673,14.699,14.01,5.7831,8.1093,9.1904,18.799,12.304,8.0724,9.8741,9.6403,10.937,10.073,8.6435,1.7073e-15
8.5149e-16,8.9657,8.5629,6.1626,7.3848,9.0889,9.4366,8.4476,8.777,9.1168,5.9635,11.762,12.997,13.001,7.3978,7.9876,6.0133,8.3142,9.5119,11.986,10.193,4.8502,8.3505,12.961,15.313,12.306,14.085,14.819,7.9001,10.853,11.957,11.949,7.8602,8.4137,9.0434,8.944,8.331,7.2294,12.611,11.338,10.073,8.335,12.19,14.447,9.2638,6.8448,8.3445,20.243,8.8939,7.7088,9.7261,8.106,8.6449,8.4271,10.48,9.2638e-16
5.3513e-16,10.436,10.212,8.7961,4.7549,8.9598,11.695,11.132,9.5058,7.4671,9.2892,13.887,7.1664,9.6031,6.5917,7.7962,8.5574,7.9425,11.606,7.0751,9.4127,5.4575,13.662,11.52,16.834,15.376,12.595,11.523,9.2648,15.724,14.443,11.911,10.203,9.7366,9.6915,11.604,11.374,13.767,14.987,10.316,10.01,14.913,7.5595,13.347,12.591,9.3129,12.247,13.072,6.0269,9.3645,11.152,7.6942,5.2495,6.0043,9.75,4.8899e-16
1.1601e-15,15.769,15.439,10.101,6.9555,8.4193,14.048,9.3318,7.889,6.5442,6.6399,8.2364,5.684,8.9286,10.861,7.7919,8.2858,6.7831,14.554,3.5744,6.8711,6.7097,8.9468,11.898,10.589,11.132,11.597,9.3873,6.812,15.845,18.094,9.6571,9.0492,7.6552,13.808,10.516,15.972,8.6625,10.896,8.7693,8.0202,12.706,7.1797,7.9082,13.518,12.758,9.3119,11.01,8.6126,11.59,9.1215,9.0628,7.0912,10.154,9.5339,9.2156e-16
1.205e-15,15.181,14.47,10.003,8.7357,10.045,15.253,8.6862,6.8896,10.042,8.6261,7.5277,8.4396,10.795,12.965,8.9781,9.0249,5.4792,11.107,5.5732,5.3996,9.5168,13,12.074,8.3031,10.308,8.6866,7.1456,5.4838,10.813,16.625,10.549,8.7154,11.583,10.468,7.8138,15.445,9.7838,9.8477,10.457,5.0198,11.615,14.196,7.0037,10.28,12.509,6.7962,9.437,9.9709,12.312,8.0995,9.8295,15.056,11.656,11.083,7.4158e-16
1.0629e-15,11.005,10.293,10.751,8.1731,11.039,13.755,7.7244,9.0616,14.494,12.956,10.875,13.153,13.588,12.213,9.3542,8.7136,5.5299,6.8865,7.2153,7.688,12.513,19.118,11.321,11.042,13.04,6.7837,6.9767,7.0233,7.5511,14.865,13.975,9.432,16.885,5.4251,4.8886,11.272,13.966,11.449,12.663,4.9826,10.785,19.063,8.5605,9.3378,8.3249,7.105,8.5459,10.976,10.971,8.1658,10.183,19.734,9.6663,13.013,5.0421e-16
8.7894e-16,9.9242,9.8885,12.269,7.6843,9.1025,9.9729,4.2045,13.255,14.091,11.569,10.622,16.762,15.524,11.981,8.1344,4.6661,7.1063,9.1481,5.2217,12.317,13.1,12.502,10.754,11.816,12.496,9.2063,10.592,9.0049,10.403,18.212,15.579,9.0677,13.681,7.7876,2.5974,8.295,9.903,9.7138,11.132,9.4235,5.049,13.571,6.8008,14.181,4.5639,6.9515,10.837,14.22,9.6673,8.103,11.496,14.689,9.3546,12.611,4.1377e-16
2.9114e-16,7.3132,6.6408,8.979,9.6545,10.948,8.4539,8.3159,13.419,10.208,9.6096,11.216,15.601,13.806,11.184,11.152,3.9299,7.13,8.1871,13.14,11.584,10.421,8.8133,11.805,9.0937,9.2654,10.359,11.742,8.7443,10.858,17.128,14.124,9.3983,8.046,7.4809,4.1417,5.226,9.643,6.5067,8.8687,11.353,3.1424,9.8298,7.6734,11.33,6.6394,5.1161,10.874,11.895,12.409,12.44,12.618,12.449,10.311,8.5534,1.6382e-15
3.5952e-16,7.6974,4.278,7.5843,9.6303,11.631,9.6478,16.463,12.051,7.0986,7.9451,13.293,11.962,9.588,9.7437,14.447,3.4994,6.4179,8.9496,16.288,7.9771,7.0127,8.3026,10.984,7.3628,8.011,10.241,9.8309,7.1244,9.1025,13.701,11.625,11.897,8.5153,7.9625,7.2402,6.5547,14.929,7.5045,8.1563,12.441,3.7686,10.123,9.0397,5.2026,7.2749,6.0326,8.7169,7.2356,11.992,14.628,11.351,11.897,10.066,6.5605,1.0864e-15
-1.5496e-15,11.082,6.0097,11.755,7.1055,7.6856,11.102,19.072,11.5,7.9677,7.6751,14.85,10.323,6.775,8.4208,12.572,2.5591,7.7293,13.525,7.1977,6.3393,5.4575,6.8596,8.8001,8.9068,10.186,10.152,8.8295,7.8673,9.31,11.968,10.494,14.69,14.011,12.199,7.8855,10.901,17.844,11.666,9.246,13.496,3.9438,11.329,8.107,5.1718,2.8559,10.44,6.4886,5.3891,6.2905,10.187,8.2547,9.4865,7.7857,9.177,9.2726e-16
-3.4898e-16,6.898,6.5133,12.755,9.6703,6.3463,10.24,12.128,8.5399,11.938,12.07,14.775,12.487,8.5448,7.8777,6.9334,8.4421,12.45,10.785,6.9941,6.7376,5.8557,7.4598,12.643,9.9575,10.881,8.7779,12.241,13.894,12.621,9.6287,11.124,12.999,12.465,12.55,5.2088,7.3713,10.354,8.8262,10.377,9.279,6.1033,11.821,7.7373,11.222,2.9105,11.355,5.0915,5.176,6.4136,5.8362,7.4263,9.2261,5.8537,10.051,6.1164e-16
1.7324e-15,6.2771,7.4186,11.724,9.7821,8.738,8.6973,7.3434,7.5804,12.741,10.822,15.909,12.735,8.7442,7.9641,4.6032,9.9163,16.312,8.8556,10.44,8.6151,7.2783,8.3838,15.146,12.803,9.2495,7.3109,11.589,15.784,13.608,8.9157,11.21,9.9917,11.209,12.585,5.5533,7.0579,7.0728,4.9383,8.8792,7.6265,7.9269,11.531,7.7981,14.073,6.6338,11.433,8.107,5.7355,7.9364,4.1712,7.0725,10.634,5.5293,8.2659,1.4872e-15
2.7506e-15,10.855,8.8202,10.524,7.1284,11.014,8.8549,9.6989,8.9389,10.459,7.304,16.14,8.7575,6.5766,7.854,5.9925,6.1388,14.618,9.8055,11.228,11.347,9.8116,7.4584,12.668,14.776,6.2652,6.686,6.7427,11.131,10.463,9.6372,10.751,8.4887,13.487,14.057,9.6599,10.49,10.971,8.0876,6.7026,9.4113,7.8457,9.9561,8.3252,12.967,9.2055,12.183,12.209,6.6146,8.1718,5.755,8.6768,12.975,8.6472,6.3045,1.105e-15
1.3395e-15,9.403,8.0129,9.0019,9.9092,9.5849,11.067,11.976,8.5373,11.678,14.662,11.097,5.5956,7.3784,7.3967,5.0721,8.6428,7.2584,5.6515,11.119,13.275,13.163,5.9821,9.8768,10.254,4.2878,6.7726,6.6268,7.5828,7.2789,8.692,11.621,8.8847,13.616,13.564,10.571,5.9934,10.248,17.243,8.7091,7.924,6.7922,7.0099,9.7522,14.789,8.3118,10.931,9.8097,7.2189,9.9702,9.4629,15.344,15.536,14.515,6.5948,1.866e-15
5.1885e-16,8.1753,7.4957,10.224,10.494,10.685,11.411,9.0314,11.407,15.58,14.608,10.48,11.034,7.2298,9.8697,4.1971,10.552,4.1757,0.97698,8.7714,9.7818,11.659,11.271,7.6948,8.8664,8.6775,7.9748,6.6443,6.7175,7.2081,7.877,10.914,13.802,14.399,11.399,4.9092,5.2679,11.688,14.58,11.928,11.342,5.5142,6.892,9.3149,12.105,10.241,7.4719,7.0534,6.1871,9.0204,10.114,16.929,12.915,11.248,6.764,1.3435e-15
4.7047e-16,8.2236,8.3914,10.484,8.0524,11.466,9.8376,8.5345,14.723,14.353,10.432,10.769,16.29,8.5475,13.328,6.5882,9.4221,8.1431,4.1235,6.4748,4.9514,8.2965,14.83,5.8783,11.781,14.97,9.7722,6.3092,8.0148,8.6138,7.4751,9.1551,16.288,12.76,8.772,5.9168,7.6482,13.563,7.0616,11.895,14.494,8.9305,7.3918,8.0491,7.8869,11.108,4.1991,7.6747,4.4504,6.4222,9.3071,12.219,7.4886,4.8672,8.2252,1.4815e-16
9.2645e-16,7.5413,9.9903,7.428,8.1787,7.9027,9.1836,15.533,12.931,6.3471,14.855,5.3174,10.467,13.156,13.835,10.929,8.203,13.179,14.623,6.2859,5.2824,8.3863,7.6648,4.7845,12.339,14.711,10.858,8.1011,9.4337,8.2167,6.9622,8.9365,10.922,6.2684,8.0184,20.242,7.2531,9.1661,8.8272,7.7326,9.6155,17.195,5.8558,8.9862,8.0904,6.6234,3.2762,10.572,4.9979,6.5491,10.2,8.0462,5.9682,6.9254,11.574,4.5369e-16
6.263e-16,11.42,11.469,12.228,12.418,10.473,10.353,11.301,10.724,9.7313,14.913,6.5568,6.1368,9.2947,12.995,8.932,7.325,10.789,13.395,3.2314,7.0274,6.6101,6.8397,6.2211,7.7525,9.0968,10.159,9.2597,7.6241,6.8466,7.9522,9.684,11.075,5.8813,12.703,17.277,14.03,3.2427,4.498,5.9607,9.6993,14.956,9.4381,11.604,3.8179,9.935,3.584,12.891,9.9987,8.8708,7.4556,8.4167,9.1298,7.9553,8.9558,7.3276e-16
3.1275e-16,12.833,9.6962,14.914,13.475,11.861,11.189,5.0528,8.7498,13.015,12.289,11.471,7.1251,4.7296,11.308,6.6066,6.1412,6.4586,8.7676,1.5117,8.3595,5.7878,10.996,8.9153,8.248,6.7604,8.6729,9.3928,8.444,6.4826,7.7051,9.0518,12.527,9.2293,15.413,9.0165,16.922,8.717,1.6724,9.443,10.883,10.416,10.016,11.909,0.70451,14.371,9.7887,11.637,10.27,9.9411,4.8805,8.9379,10.977,8.4021,7.4512,8.6264e-16
9.6344e-17,7.3553,4.9252,9.0183,9.1378,8.1,10.487,7.7681,6.9938,6.9223,11.248,13.037,10.864,8.5119,9.9635,7.7761,4.4685,6.6536,11.427,4.2918,8.917,9.0246,12.767,10.753,15.916,10.884,9.2017,9.2898,12.622,6.9951,5.6958,7.9139,11.616,10.99,11.3,10.807,10.133,21.791,6.8785,14.03,6.8734,11.555,3.5899,9.4752,3.7452,12.305,19.375,7.6049,4.4813,8.8337,6.4931,7.0743,9.1276,10.291,11.434,2.1919e-15
2.4307e-16,4.432,3.3615,9.0901,9.4584,12.42,10.238,9.0166,8.0211,8.0097,6.7621,12.494,14.112,13.556,11.359,3.6472,3.5608,7.544,12.649,5.9004,8.2808,11.738,13.054,10.984,14.264,12.909,13.866,9.013,8.9462,5.5922,7.3378,11.302,17.875,12.793,7.7907,7.9034,11.012,15.449,6.8321,11.404,3.7368,8.0262,3.5547,9.8807,5.103,10.963,17.241,6.5067,8.2964,9.5077,8.8852,8.443,9.8224,8.7635,10.482,9.3255e-16
3.834e-16,6.3775,3.9832,10.318,10.314,13.699,9.2195,7.1214,9.3563,8.7149,3.3359,9.3359,11.253,10.461,10.173,4.0161,5.3022,5.121,12.337,7.1449,8.2547,8.6646,10.524,8.9756,11.779,14.539,14.7,8.4762,7.5433,5.6819,10.205,13.154,17.176,11.473,6.9229,7.3618,12.93,10.097,11.496,10.097,6.6458,7.0599,7.3704,7.4345,7.2537,6.8447,10.154,8.404,11.59,10.789,12.697,11.209,8.6207,5.9585,9.4128,2.157e-16
1.8328e-15,9.2216,6.3352,9.0208,8.2435,8.2035,8.9971,5.2255,8.8785,4.8342,5.5442,5.6094,6.5994,4.8553,8.1388,10.83,9.4789,3.3651,11.235,7.9758,8.73,4.2411,7.3783,8.0701,13.717,16.178,10.263,7.7132,10.79,8.3467,10.216,9.8594,9.5855,8.3539,9.3679,10.921,10.429,13.415,19.267,12.325,11.245,11.219,9.2198,4.2543,8.5272,3.1985,6.1242,11.343,8.065,10.128,15.008,12.269,5.8827,5.7112,10.464,2.3913e-16
1.4726e-15,7.8683,10.973,9.0252,6.2085,7.3873,12.718,6.1445,8.5044,4.2775,11.402,5.6916,10.125,10.783,12.369,12.588,12.958,9.4738,8.455,6.3607,7.2968,8.2925,8.3393,11.809,12.973,14.125,7.9098,7.5015,8.7027,10.002,7.2239,5.9683,12.45,8.9099,14.224,9.0106,8.2766,7.4955,14.841,9.9852,8.8103,12.343,8.7404,9.8728,3.9301,8.6654,5.9055,13.409,5.0898,7.4085,11.247,10.751,7.9447,8.2818,8.8277,5.9069e-16
1.6941e-15,6.4598,9.622,7.1212,6.0923,10.917,13.429,7.394,14.885,7.4625,10.496,8.3927,9.9312,12.039,10.88,8.9326,11.608,11.754,8.1984,6.5449,4.3785,11.497,8.9567,9.3193,8.8034,11.104,6.439,10.281,8.9855,8.8441,9.3371,8.6427,13.765,8.1112,12.089,7.0133,6.7431,2.9102,14.178,7.3344,9.605,9.84,12.924,12.955,7.9559,8.2855,11.068,12.549,5.0961,8.3894,11.13,7.4876,7.6841,5.8532,7.9179,2.9258e-16
1.5564e-15,7.2948,6.2088,6.7439,9.0969,13.262,9.9343,8.7134,19.594,9.5163,6.5027,9.9256,7.952,7.7957,6.1309,3.8792,7.734,7.4843,9.5053,8.0652,4.9732,10.346,7.111,3.0276,5.9676,9.6591,5.7091,11.92,11.19,6.0653,12.639,12.358,8.172,4.5828,7.1886,5.958,7.9894,5.1747,15.316,7.0063,13.039,8.0855,16.598,9.4841,12.984,4.7861,15.301,10.535,6.2632,9.6679,12.234,5.0827,5.3071,4.2977,8.8865,-4.8992e-17
1.1689e-15,9.5874,9.1815,11.3,13.728,10.595,6.8359,10.428,11.999,6.9766,8.625,8.3996,12.225,7.9462,9.3556,2.8884,6.1527,4.3017,9.3507,8.3179,10.517,8.1266,4.9371,2.8163,7.3904,9.6341,6.454,7.4406,8.7181,4.7919,9.8556,9.1158,2.4676,2.3799,8.9202,4.6922,12.687,9.5511,8.1723,8.0302,12.831,9.6025,10.678,6.0797,7.0027,9.5657,11.471,9.8039,6.6808,5.8981,7.5387,5.8952,6.6328,12.137,9.5723,1.1546e-15
8.7374e-16,12.457,11.286,9.8287,13.424,7.3747,7.0458,8.4855,5.6308,5.8418,9.8696,8.4338,11.086,6.3874,16.282,9.9144,5.2984,8.0757,11.019,10.634,8.5507,5.3321,5.9091,5.3076,5.4933,7.9273,5.9324,2.9401,4.3055,7.5256,10.482,8.5381,5.1789,5.7683,10.191,10.238,13.066,10.21,8.711,9.6289,16.26,7.7396,3.3253,10.12,13.856,11.736,6.1654,7.9117,9.1149,5.8242,6.94,8.6996,10.54,15.934,8.2249,1.6297e-15
2.878e-16,13.071,8.8223,5.8306,9.0844,6.7781,10.283,5.715,4.2411,8.4763,9.2614,10.065,6.781,3.619,15.018,11.011,4.3573,11.26,10.966,12.719,5.8486,5.3929,9.3314,9.2308,4.3628,4.4743,5.0326,4.0026,6.8964,11.758,10.966,7.6902,8.6845,7.2475,8.6233,14.518,10.426,10.593,11.335,12.429,15.209,6.2246,7.6502,12.864,20.014,7.4401,8.2516,9.7914,10.283,8.1339,8.5348,9.3792,10.694,11.899,6.4014,1.1821e-15
-4.1211e-16,10.434,5.4847,6.9257,7.1365,9.5244,12.945,5.9638,5.103,11.97,8.7414,9.9352,6.0409,3.6374,6.5913,5.5055,5.5627,8.1208,7.1815,11.626,9.2287,9.4674,11.557,12.248,8.6836,3.2346,5.7059,8.7833,15.598,14.134,7.8162,2.9842,5.6937,3.8147,6.6056,10.26,8.632,12.555,8.7026,13.7,7.1531,9.1762,19.677,8.7567,10.567,3.789,15.181,14.878,7.9973,7.9407,7.3388,6.9166,6.8966,6.353,6.0828,5.091e-16
2.2645e-16,8.1307,9.4476,11.775,12.684,13.948,10.41,7.7467,6.9191,10.502,7.4772,5.7311,7.6856,7.2372,12.65,20.388,12.193,6.7327,5.9768,9.1264,8.4759,12.124,9.7525,8.803,12.044,8.8781,7.5105,7.5699,13.247,14.394,9.4036,2.434,3.572,7.3737,7.0915,5.9548,6.7414,8.9185,10.688,6.8705,9.6244,11.327,12.988,9.1475,4.7436,11.636,10.541,10.322,7.7198,5.7859,6.0467,6.5677,9.539,7.8147,6.8262,5.3293e-16
1.2021e-15,8.1105,14.708,14.964,13.257,15.035,8.8023,8.6241,8.4598,5.8652,5.2078,4.5225,10.389,10.605,21.867,22.356,13.448,8.6583,6.0554,6.2787,6.4961,9.7413,11.209,6.8088,8.0474,9.882,7.8304,5.315,8.5619,12.624,10.165,7.1353,5.2313,10.808,8.3661,7.4398,5.5881,4.8474,9.5375,2.5995,10.508,11.261,8.2681,7.5442,7.1112,12.951,8.611,7.7528,12.804,3.9891,5.8734,7.576,9.5577,8.3392,7.1011,8.5003e-16
1.3718e-15,8.4844,14.199,14.47,7.8922,11.072,9.4071,9.1335,8.1089,4.5575,3.9923,5.5143,12.98,9.7235,21.193,4.5932,6.512,11.075,7.0897,4.7218,6.7204,5.3483,14.734,9.3574,2.9494,7.0146,6.8967,6.9415,9.6901,10.157,8.022,11.04,8.088,8.3936,8.1539,11.966,8.6393,4.3973,4.0816,5.9165,4.1493,11.597,17.191,4.4281,9.414,5.5238,12.433,10.475,16.943,4.4182,6.4047,7.1382,5.1421,5.3713,7.6078,9.4117e-16
7.201e-16,6.4421,8.7188,12.839,10.312,5.9914,6.2145,11.383,5.2776,10.367,6.7185,0.84231,14.954,5.6108,12.939,4.8185,2.9637,10.613,10.607,5.9455,7.6777,5.7649,10.296,9.6979,9.4307,13.809,7.3234,9.5352,11.728,9.0657,8.9918,7.0883,7.2657,5.1994,6.7153,11.602,16.792,5.3339,5.3694,8.9609,3.5376,11.545,22.066,10.514,2.9222,9.1436,6.2634,6.4384,9.9369,7.0761,7.0472,5.4572,7.6804,6.6868,10.068,1.4369e-15
1.3797e-15,8.7052,8.8676,9.7884,10.724,5.0509,4.7027,9.9775,4.6493,9.764,10.387,4.8215,18.408,11.056,7.5694,9.0389,9.3165,8.5052,8.0701,6.61,10.933,6.8755,8.0199,7.8308,10.949,12.14,5.343,6.5411,8.4014,8.794,9.7017,2.8586,4.2144,7.053,8.3113,9.9128,14.316,7.949,9.7399,8.9245,11.146,-7.9427,15.554,12.961,3.6254,9.4843,4.8035,4.1032,4.6902,9.0808,9.909,11.328,12.609,8.0772,9.0869,1.1886e-15
1.8615e-15,11.41,11.117,7.0856,8.1395,7.3268,7.8166,7.6984,6.5226,5.6447,10.488,11.52,20.278,17.235,7.9577,7.4715,14.587,7.8588,8.7159,8.006,13.06,7.4076,10.131,5.4913,5.0364,4.5685,4.091,2.9182,3.8399,9.0248,9.2082,4.8913,5.2109,11.703,10.685,9.6974,6.0664,9.0168,11.079,5.5005,16.588,14.753,7.4504,9.2775,11.536,4.1516,9.3642,6.0837,7.475,10.382,13.817,15.436,11.963,7.3424,4.9931,6.7542e-16
1.1858e-15,7.5369,7.1035,7.4796,9.2221,8.9708,12.787,10.343,7.814,9.521,6.832,6.7725,16.332,8.7237,9.4907,5.4639,7.4474,9.5699,21.507,11.36,10.284,9.406,10.578,4.9974,3.3385,7.0959,8.8713,7.1455,5.7185,9.1546,8.901,11.486,12.66,13.29,8.7356,10.967,7.6202,6.3116,8.9216,2.0895,10.883,110.73,9.1166,6.8707,13.322,3.7269,9.3707,7.5478,12.813,11.41,15.495,7.1966,5.6896,6.2547,3.8374,6.4968e-16
1.2005e-15,7.8561,8.8598,10.137,9.6651,11.574,14.124,11.072,8.5346,12.407,9.1198,7.3496,11.842,3.0947,8.6598,8.9347,7.1552,8.3379,16.489,7.2386,9.2494,11.57,9.6072,9.4127,7.7524,10.544,13.053,11.41,8.8099,6.7105,6.7435,11.116,13.671,13.682,5.811,13.75,10.721,7.9852,12.615,7.4263,8.2701,82.852,7.8109,4.6404,8.9104,7.9099,8.0592,8.068,12.227,7.5338,14.631,11.297,9.8076,6.1165,9.3455,2.2872e-16
1.7346e-15,10.944,12.457,12.096,9.83,11.506,10.648,9.7077,7.4566,12.303,14.806,9.9758,15.545,5.1532,7.7018,11.348,12.352,8.3347,4.9704,2.566,8.3276,11.536,9.693,13.157,9.5405,10.426,13.284,12.409,9.1267,6.3999,8.2161,6.685,8.7297,14.453,6.1123,12.662,10.702,12.156,14.031,11.836,10.233,6.1051,5.7493,4.5609,9.3874,8.5171,7.6823,8.7811,8.0964,4.4728,11.688,16.225,14.645,8.8782,12.913,2.5931e-16
9.027e-16,10.632,10.342,10.753,10.833,7.8365,6.0833,9.8631,5.4575,11.829,15.512,6.9215,23.741,7.9734,9.2659,8.1431,12.044,11.09,6.9917,6.1321,5.6974,10.662,10.784,10.886,5.5109,8.6437,10.748,10.864,6.103,9.2573,13.004,5.5248,5.7244,13.674,10.266,8.1687,8.1774,12.754,6.0495,7.7802,11.322,7.8114,7.6404,7.6396,15.749,4.3579,7.9141,9.27,7.3026,7.1629,8.4747,8.8127,8.8675,12.866,10.025,1.3218e-15
7.4861e-16,8.1662,7.7519,6.6406,9.6036,8.3428,6.4143,11.975,7.3992,11.617,8.6489,6.3804,15.03,4.8914,11.15,8.6047,5.8805,6.5535,11.111,11.61,7.6743,14.455,8.4722,6.7538,8.0431,8.6687,8.8194,7.8001,2.5567,5.5967,6.8992,6.4384,8.072,7.1473,13.308,12.307,5.7206,9.1283,1.3531,8.0671,11.053,9.5413,6.0495,9.2535,8.1411,8.5701,7.4487,6.8919,11.747,8.6618,7.9275,10.118,5.0723,11.021,12.103,1.0025e-15
1.1613e-15,8.4755,8.7265,6.1601,9.0121,7.7727,7.7286,9.9725,9.1959,13.846,4.853,7.9935,4.9621,5.3443,10.977,9.1757,5.0949,6.0565,11.048,11.132,11.335,11.028,5.9608,6.7702,10.312,9.163,7.6387,6.7289,5.5859,5.2084,2.2988,6.5525,9.5147,4.6861,11.29,12.132,7.0417,6.9062,6.0399,9.0838,12.512,4.7001,7.912,8.3045,2.0433,10.005,6.5884,6.9281,13.758,6.303,7.2163,11.704,6.9085,6.8236,11.329,1.0474e-15
8.8918e-16,10.455,11.329,10.321,9.3743,4.1764,5.8705,4.9607,8.5375,15.877,7.3358,9.0975,5.8803,9.2653,9.5338,7.7263,9.4517,10.979,8.7287,6.0943,12.544,2.4905,6.0986,10.091,8.2952,9.3526,6.813,8.5789,12.224,10.311,6.0648,7.7348,8.6344,8.9384,6.7545,6.0385,10.644,8.3291,12.792,6.3208,14.768,5.8589,12.954,5.6901,5.8808,5.79,6.1149,8.6571,10.395,3.1757,5.965,8.6759,10.356,4.9119,5.7336,4.0278e-16
9.3781e-16,8.0298,10.615,12.71,7.3024,4.2398,2.9022,6.3873,8.933,11.151,7.4634,8.8243,8.6915,4.7783,9.6787,8.2163,5.6773,6.6715,9.7826,5.9104,11.003,7.5155,7.2186,9.8484,8.7661,10.38,6.5009,9.8727,10.296,8.8423,7.6901,14.119,11.643,9.8287,7.4177,11.335,10.154,9.9463,9.1784,3.7744,12.168,6.826,9.6824,3.4887,5.6292,9.3231,6.4621,4.4921,7.9509,4.9997,7.6055,11.197,9.5079,5.7304,6.4667,7.0151e-16
7.5765e-16,9.8664,13.505,14.149,8.8913,6.2618,6.8482,9.9401,10.43,4.6298,9.388,5.5486,8.7308,9.0111,7.9347,5.1386,4.3148,5.8239,10.574,6.8338,8.5418,9.2189,6.9013,10.133,8.3357,9.0304,5.2544,7.249,7.4638,7.9092,8.0441,14.811,14.063,8.7874,12.589,15.526,7.1213,12.803,10.837,7.8774,6.0222,10.368,6.7852,6.1582,3.9466,9.6693,7.4896,4.0554,8.9109,10.04,7.7133,9.6467,6.7661,8.355,8.5682,8.7154e-16
8.2437e-16,13.126,14.946,13.627,11.872,7.232,11.027,9.9363,10.67,3.8077,10.249,3.0685,7.369,16.572,5.7648,2.5668,8.5114,9.5376,8.6576,7.9126,8.2572,9.031,6.3411,10.943,8.0137,6.9508,5.2076,4.6364,6.0797,9.5581,9.8102,12.915,14.385,7.8765,15.391,12.208,4.8139,13.15,17.028,13.908,3.1534,12.982,7.8253,9.8975,6.6393,5.9008,7.441,8.7595,10.438,11.793,6.2162,5.9311,6.1666,9.6077,8.5053,8.2209e-16
-8.7018e-16,9.0176,6.2932,8.8203,9.0052,6.0888,5.3814,6.2046,8.0419,9.7761,5.6749,5.5702,7.5687,10.806,7.0901,8.0457,11.288,9.0534,6.5596,11.37,10.648,19.035,7.907,8.7334,11.384,8.7844,8.6352,6.9839,3.065,9.6781,13.082,17.756,14.476,7.1001,11.065,7.5034,5.2707,7.3533,13.875,12.515,10.366,9.0627,8.1268,8.6226,13.38,8.4063,7.7269,11.033,8.9343,7.0271,7.0963,9.5074,8.9964,8.0777,8.2735,6.0278e-16
-5.6666e-16,7.4422,2.8284,3.1873,4.9603,4.7797,6.2713,6.8502,6.1784,9.2087,9.4959,5.9767,6.7798,12.298,7.3627,11.245,10.533,11.689,10.424,13.522,8.705,17.856,8.6722,6.4862,12.636,12.825,9.4613,6.3944,4.5425,10.906,14.426,15.532,12.098,6.8358,8.7205,7.4537,7.8751,5.1867,7.1769,8.7709,24.749,7.4497,6.0432,9.9909,12.784,18.382,19.537,9.2899,8.023,6.583,10.067,11.804,10.83,10.6,10.743,6.5638e-16
6.2121e-16,8.4493,5.9147,4.7185,5.3778,6.3486,10.822,8.2095,8.4739,5.5563,13.921,5.0371,9.5691,16.589,4.4717,10.801,6.2351,11.962,13.078,13.194,8.5902,7.5336,7.6374,4.9232,9.7909,12.474,7.2611,5.6381,8.9086,11.208,11.882,9.3653,9.1107,7.1177,8.3263,6.9807,8.5519,7.0811,3.668,7.2094,30.062,11.924,8.0385,15.387,12.69,23.969,31.671,7.8937,7.1674,9.0385,12.284,12.139,11.318,13.051,13.418,8.8567e-16
1.1005e-15,7.9342,9.5202,13.609,9.9423,10.058,10.496,5.8129,12.779,7.3152,9.9422,6.142,15.441,11.928,2.3901,11.024,3.0134,7.521,8.8431,11.907,13.524,2.3278,7.4125,5.6393,6.5244,8.3367,6.2407,8.9473,11.909,8.8874,6.5345,8.0517,7.4592,7.05,6.3381,3.9313,7.4682,8.9795,4.4837,7.3565,17.973,16.369,14.367,18.585,18.952,16.346,27.469,9.6464,6.0792,8.8678,11.865,13.012,10.963,9.7877,12.569,7.5616e-16
1.2884e-15,8.1066,13.119,14.37,10.412,9.0942,11.415,6.7311,10.139,10.924,11.028,6.8522,9.956,7.1106,9.035,13.166,9.4154,14.36,8.4134,11.841,9.2274,5.1028,11.978,13.023,8.824,13.907,9.7993,10.167,14.052,8.2309,2.8271,8.2328,4.9574,5.2143,5.2726,10.114,12.769,11.197,4.5247,5.0302,6.541,8.8544,9.7575,11.955,14.616,5.3873,9.9371,9.6205,9.0894,8.9184,10.522,11.027,7.2061,6.0323,9.1025,5.2758e-16
1.004e-15,8.0374,11.163,8.3175,10.345,6.6678,12.069,8.2798,5.6222,12.013,13.645,5.3579,6.3825,5.6407,13.243,17.097,12.906,18.361,11.172,12.598,6.4895,8.0516,11.616,14.946,9.376,13.35,11.605,10.522,11.686,6.3524,5.2786,9.7384,5.9239,4.8563,6.4035,14.035,12.317,12.637,6.979,9.7861,6.7416,3.8006,6.3541,7.6295,9.4817,4.0169,2.4116,6.4027,8.9726,10.359,8.989,5.6404,3.6398,6.9204,9.3021,1.1684e-15
4.9871e-16,8.0723,5.5554,3.2486,10.848,6.7891,10.791,7.5493,5.5999,10.904,12.821,4.4778,11.072,5.6616,9.3723,17.916,7.9787,11.554,13.015,12.697,11.338,8.2665,5.3827,8.738,7.1994,4.5631,10.371,11.864,7.0496,3.7256,9.8665,10.552,9.3117,6.6061,8.2389,10.753,4.175,12.703,11.354,18.836,13.129,7.2025,10.848,9.3417,11.273,10.847,9.5242,4.2448,5.571,12.276,7.9646,2.0948,3.6393,10.22,11.174,8.557e-16
4.4443e-16,10.541,6.8087,3.8017,6.4862,8.1477,9.8183,6.7093,8.8155,12.146,11.75,8.7667,10.417,4.3029,7.4673,10.38,6.5657,7.2887,12.56,11.515,12.526,11.563,6.354,8.1519,11.629,10.082,12.736,12.096,9.0222,6.3726,6.6431,7.5839,7.2334,6.7723,8.0966,12.079,5.3576,12.135,10.541,13.396,10.998,5.1452,10.607,4.7294,11.824,11.199,8.991,8.7684,9.9854,12.836,8.2929,7.0292,6.0543,8.0701,5.1859,8.4409e-16
8.1076e-16,10.86,8.8856,7.2959,5.4859,6.8073,8.2434,6.0542,8.0058,13.801,12.359,8.3625,9.2159,6.3181,10.035,10.608,7.9828,4.0683,9.7736,11.807,11.893,13.223,8.4086,7.6576,11.496,13.812,10.45,8.3942,12.11,8.2586,6.0293,12.466,7.2359,8.0452,8.883,9.9498,10.24,10.427,9.3304,5.726,12.869,5.1998,6.4221,3.1902,12.418,13.646,6.8065,10.655,15.526,11.801,8.5863,9.7437,6.4859,5.9632,5.185,4.9222e-16
9.7659e-16,9.2577,8.9676,9.17,8.4444,6.6456,7.9557,6.7637,4.3585,12.802,13.478,5.9546,9.5,9.2343,13.045,15.515,8.5019,4.3485,8.0126,12.272,11.146,12.889,9.1191,6.1067,8.4254,11.602,7.5807,5.0567,12.504,9.1148,9.9608,17.063,8.7421,10.682,10.491,4.7158,13.121,8.5558,8.2319,6.2934,18.826,6.8323,7.8605,6.7987,14.18,15.468,7.5079,8.455,15.84,8.9442,8.0287,8.2186,5.9545,8.1172,11.085,1.2644e-15
1.0257e-15,9.5867,9.752,7.7457,9.1701,12.782,11.571,9.6145,4.7565,9.4434,12.5,11.099,8.0486,7.9608,11.761,9.6463,7.387,11.227,9.9679,9.6805,9.527,14.512,12.116,8.2421,12.454,13.346,13.356,8.1182,11.265,12.566,11.356,6.8922,5.5288,11.266,9.9786,4.9288,13.794,8.7225,4.9556,12.369,17.584,3.281,17.757,7.9771,15.381,8.5676,8.5539,8.6174,11.619,5.7047,7.6625,9.313,8.8467,12.831,11.013,1.0566e-15
5.5614e-16,8.9568,9.384,8.7043,11.204,13.434,14.28,10.656,6.6954,10.751,9.4892,11.668,7.443,12.299,9.9068,5.9001,9.6954,9.9414,9.2052,7.8382,9.2292,15.414,14.514,10.056,11.179,10.891,11.336,10.504,8.7525,10.801,13.265,7.5896,6.3448,7.7097,8.2997,6.4945,11.271,11.378,7.671,12.239,16.334,5.5185,11.043,6.8425,14.301,12.796,11.659,9.4379,9.2538,8.2882,10.324,10.856,13.184,14.893,11.488,1.2058e-15
1.3238e-16,6.9805,6.7922,10.781,13.591,9.5047,12.039,8.6258,6.6753,13.483,5.7774,8.0341,7.6203,14.821,8.8868,9.8978,11.749,6.3613,5.8995,8.7215,8.0799,13.911,12.276,8.2444,6.3467,6.6477,7.1533,10.546,7.8117,7.0287,12.508,13.672,9.4862,7.2857,9.2322,9.2129,7.3479,11.301,11.128,8.7133,15.186,9.5676,-0.78371,7.0162,12.706,18.572,12.656,10.461,10.794,10.898,13.89,13.006,16.969,13.396,12.721,2.7492e-16
-1.5686e-16,5.9921,4.0505,10.048,13.635,8.647,6.6625,6.7658,5.5465,11.273,3.8833,7.2257,7.6347,8.6497,7.476,14.801,8.4581,10.336,4.5081,10.807,4.5007,11.486,7.1406,4.5226,6.0523,6.8176,10.967,10.102,9.8977,7.8694,7.628,9.6963,8.9461,12.701,12.481,12.042,5.556,5.7796,7.5132,9.3665,11.832,7.729,3.6969,9.3356,12.805,11.514,8.418,11.52,13.584,8.5489,13.867,14.943,17.324,10.092,11.552,-8.7615e-16
2.1554e-16,8.0728,5.8699,7.8903,12.782,11.648,6.8623,10.956,9.6514,6.5575,6.6274,8.6795,8.7021,9.0822,4.9267,8.715,4.3461,11.617,6.9088,10.222,3.1923,11.781,9.1556,5.8325,8.1399,7.9629,10.878,8.488,10.816,10.271,8.4966,6.7751,6.6367,10.043,9.4414,7.2446,7.958,2.5609,3.2286,11.197,11.47,6.1664,14.118,8.3055,13.259,7.9488,5.3389,10.32,13.2,11.188,8.9948,10.98,10.442,6.193,9.8333,2.4746e-16
8.3541e-16,8.7893,7.0857,8.3805,11.279,14.262,8.5122,14.854,11.5,7.7101,9.5472,9.059,7.4697,9.5446,6.2628,5.9408,6.8236,8.8253,9.4376,7.4052,2.9638,9.9378,9.3194,7.7699,8.5932,6.5233,7.2863,5.8884,8.2485,9.1943,11.904,9.1565,5.5654,7.9274,6.1466,4.4597,8.2891,3.1565,7.8651,9.7068,14.907,3.5154,17.79,8.9675,11.531,9.8933,5.2796,9.4543,11.064,13.022,7.6154,8.7014,7.4333,4.8072,7.4265,6.6552e-16
6.4481e-16,7.2145,6.8725,12.096,9.2535,12.547,7.3331,11.956,7.222,13.279,9.342,8.782,4.3314,6.354,10.572,12.653,12.907,5.9607,9.3702,5.7609,3.4975,6.5881,4.3861,6.8914,6.9101,3.7413,5.5801,4.9238,5.0322,6.4789,12.103,12.036,6.4949,11.77,7.6622,7.8101,5.7227,6.0452,16.045,6.0813,17.249,2.0978,12.187,11.664,7.1626,10.598,6.8022,12.088,9.4023,9.9829,11.14,11.801,11.76,6.8693,5.4764,9.8295e-16
1.389e-15,8.8217,12.424,14.188,7.6391,7.5164,6.3928,4.8018,5.2618,10.476,8.1559,12.265,5.4907,9.1997,8.9093,12.632,10.065,6.5331,8.2519,7.9842,7.4808,10.822,6.4042,6.8802,6.79,4.7045,7.7645,8.5119,7.1213,9.9899,9.1642,8.2553,7.2619,11.032,9.3069,7.1051,8.26,9.5049,9.0842,7.4149,12.36,9.3454,7.1306,7.6803,3.5448,5.7116,7.7226,17.115,7.9781,8.7871,9.5966,11.962,11.107,9.2211,6.5297,7.9499e-16
1.6997e-15,9.7203,14.323,12.237,7.2162,9.0109,6.9349,4.3023,9.1489,7.6129,6.4564,14.325,7.9679,6.8704,6.9721,8.5073,9.897,8.6213,7.3921,7.8734,8.7095,13.815,9.0702,6.4143,7.7719,5.5422,9.6127,9.5169,9.9862,11.147,6.82,8.162,6.6967,7.102,9.4118,8.4368,9.5646,9.8928,2.682,12.145,9.1303,10.002,9.6225,5.3721,6.272,7.1923,7.689,14.749,6.508,8.4368,7.8807,7.0269,7.9282,8.7975,5.1972,8.0351e-16
9.0543e-16,7.329,9.4568,9.3282,7.2007,13.62,8.9798,10.76,11.461,8.0616,5.4066,11.263,8.9919,1.5079,7.5513,7.5427,13.973,8.5576,7.1557,4.6773,6.8461,12.424,9.61,5.8799,7.3533,5.8079,9.4815,6.9234,9.8728,8.37,6.3418,10.931,6.9432,5.3562,8.8537,10.766,8.9053,7.8165,4.4121,15.05,13.722,3.9187,13.704,8.4508,11.024,13.91,7.0394,7.4049,5.9591,8.4151,9.842,2.5343,6.5801,7.3641,2.6217,7.1754e-16
3.7908e-16,4.3689,5.3657,9.9818,6.4439,10.134,11.485,13.99,4.9459,6.6469,6.8601,6.1418,8.9561,6.2182,7.5922,11.364,12.522,5.9851,7.1624,3.5145,7.2155,11.301,11.355,7.8218,5.0324,8.3425,9.6362,6.4983,7.6932,8.6461,6.7404,7.5009,10.065,8.1007,8.9774,7.083,10.833,6.7741,7.087,13.475,21.272,5.6027,8.7803,11.956,9.1645,13.473,6.6391,6.5585,7.7685,9.9005,12.962,5.0188,7.7454,8.5318,5.182,7.4514e-16
1.6573e-15,6.7588,8.3751,9.9231,6.6633,7.8081,11.995,9.669,7.0804,4.8097,10.76,8.6706,9.1095,11.496,7.5213,9.6231,10.339,9.7394,7.1149,4.4298,8.1776,7.8869,10.394,11.562,7.4737,8.9932,11.393,8.3826,6.9673,10.65,9.4651,9.0203,10.031,8.5269,8.5057,6.2888,8.4888,5.6881,11.014,14.432,16.199,11.375,3.585,12.934,8.1089,10.159,8.244,9.3698,11.029,10.813,12.116,8.2827,8.965,8.5078,9.6808,4.7268e-16
2.5565e-15,9.6233,11.002,6.5571,6.1819,8.96,10.986,4.7736,11.927,6.9012,13.294,12.9,9.0379,10.844,10.834,6.322,9.6377,14.153,7.7989,7.674,9.7287,8.0034,7.96,12.534,10.314,8.6768,10.965,8.4334,6.7495,9.3401,11.102,12.002,7.0163,7.0379,7.6385,10.335,5.8786,7.5077,12.805,14.322,8.8644,12.457,2.4782,11.845,7.8427,10.164,10.193,11.999,11.019,9.1033,9.609,9.3269,9.5521,8.2392,10.67,3.7897e-16
1.4732e-15,8.3024,6.3547,2.6169,4.9475,10.024,9.9584,7.2715,8.0377,12.974,10.762,10.866,7.9144,6.8215,16.161,8.2911,8.9428,10.994,9.3577,11.844,11.616,14.807,8.1336,8.4835,7.5126,9.5909,6.8119,5.1546,4.9626,4.2137,9.3729,8.9572,5.1616,6.9259,8.9323,14.266,8.2696,11.984,11.273,9.0798,13.191,6.5556,4.129,10.916,5.2321,13.193,10.057,12.151,6.4594,5.9878,10.131,8.7704,9.5025,9.299,7.4375,7.3112e-16
8.2412e-16,11.764,5.306,5.1383,9.7302,10.41,8.8148,13.09,8.5505,13.518,4.8064,11.678,6.4862,8.6978,12.236,7.1049,6.981,8.004,9.5899,11.583,9.8944,15.116,11.025,5.5484,5.6808,8.5228,6.9266,5.5157,3.8444,5.0129,10.222,8.136,5.966,6.0567,15.2,13.225,7.4688,8.6943,14.46,9.3328,14.484,4.8409,6.5454,11.39,4.3164,9.9033,9.0417,9.2037,6.0281,7.1023,11.973,7.3841,7.8165,7.4179,8.0776,4.3581e-16
2.6606e-15,13.804,7.2214,6.6699,14.258,11.344,11.827,14.524,11.656,8.5866,1.2493,13.366,5.4771,13.075,10.831,3.8856,5.2792,8.2402,9.1293,9.2806,7.0299,12.38,10.121,4.8901,7.1867,6.8874,7.677,8.0523,5.523,8.7402,10.367,9.9373,8.7228,7.4033,15.666,7.1694,6.677,8.6277,13.778,17.626,10.091,5.8462,7.7511,10.342,4.3962,7.6933,11.073,9.5287,7.0796,8.4968,8.721,8.707,9.0597,6.8986,10.939,6.0646e-16
9.8786e-16,9.6703,7.4022,4.5531,12.947,13.017,15.977,10.328,10.793,3.9812,2.5349,11.707,7.2796,13.576,15.93,2.5268,5.7938,8.9601,9.3267,8.2228,7.6329,11.409,6.1165,5.4999,10.315,7.2718,6.9079,9.2733,8.2828,11.312,8.7555,11.276,10.688,10.885,7.1407,2.2707,9.8824,15.838,8.1718,24.504,7.8771,6.9906,8.0496,7.2901,4.3093,10.524,15.416,13.473,6.7764,7.4114,2.9179,11.656,13.211,9.2602,10.64,5.2011e-16
7.2038e-16,6.3051,5.7441,8.9024,9.7691,13.199,10.118,8.7172,6.5104,4.654,4.455,8.2539,14.034,9.8611,10.879,3.1009,8.1497,6.0246,10.303,8.1635,12.651,8.6296,9.6715,7.18,12.189,9.7291,10.203,9.1659,7.4701,14.51,11.117,10.635,8.9236,10.104,3.4504,6.7278,13.608,14.461,12.531,16.36,18.707,11.494,9.5995,6.8454,5.5911,8.5964,15.254,11.335,8.5739,7.9762,7.4453,9.8845,12.579,8.2395,5.773,1.0567e-15
8.3023e-16,4.8811,8.9045,12.577,7.0442,9.6696,6.8911,12.544,9.3237,5.9323,4.7173,6.647,15.183,8.7287,7.1006,4.0369,6.7368,6.8478,11.074,10.998,12.645,8.3486,11.934,9.6122,13.861,10.744,11.08,8.8653,8.1267,12.762,9.4425,7.4135,7.4604,7.047,6.5002,11.461,13.776,9.8742,13.059,9.7057,43.637,14.02,8.609,9.2862,8.7542,4.5815,13.137,6.9443,8.8953,8.2523,12.474,11.134,11.132,7.5996,5.3444,1.0165e-15
1.6477e-15,5.0607,13.731,11.09,6.499,4.9324,7.4024,14.07,15.135,6.6345,4.4242,7.5407,9.9531,9.6984,8.8842,6.1042,2.8891,11.787,10.642,13.881,9.0445,9.6355,8.5665,9.8858,13.326,10.088,8.7444,9.7298,11.77,8.2789,4.5173,4.2274,8.4882,8.8126,11.701,10.96,11.238,7.8617,6.5403,10.814,55.391,12.832,7.5627,19.245,20.823,6.3276,13.445,6.4236,8.3462,9.5484,12.285,14.902,11.165,8.6391,8.8745,1.2909e-15
1.4414e-15,6.4873,10.944,8.169,8.2163,3.8012,2.3325,5.2073,11.572,9.1939,5.7916,8.4003,8.1078,7.0951,8.1519,9.9127,4.3496,13.085,9.7261,11.52,11.413,7.7953,5.4735,5.8877,8.1308,10.208,9.0134,11.696,13.758,8.7872,5.7335,4.5814,10.688,18.145,14.025,8.3999,10.339,8.11,4.5889,10.324,26.6,11.818,11.903,35.553,41.388,16.371,16.929,11.597,10.658,14.829,11.624,13.009,11.526,9.4413,8.5175,1.0602e-15
5.8151e-16,7.2958,8.3433,7.3493,7.2506,4.0095,7.0051,2.586,13.211,7.8872,6.4579,7.9213,9.5332,7.4844,8.2499,8.0385,11.729,10.816,12.855,8.0944,11.972,10.055,6.6999,5.3165,7.0484,8.7462,8.8352,10.861,11.049,8.1787,8.6411,5.7069,13.678,18.064,14.466,6.3784,10.949,11.134,4.1827,10.404,5.7722,12.387,11.828,24.692,29.811,18.455,17.002,17.291,9.6483,16.218,12.564,12.121,16.217,14.901,11.596,1.2314e-15
5.8933e-16,8.5939,8.8384,7.8829,6.4242,5.9128,12.328,4.4105,13.967,3.5394,6.3771,9.715,9.018,10.929,9.2279,6.83,15.107,7.975,15.577,8.7824,10.88,14.146,8.0728,7.7238,9.1409,6.5103,7.3628,9.768,7.2492,6.988,10.548,7.4096,11.585,10.672,11.773,5.655,11.66,11.355,5.8643,9.7083,6.1031,10.921,8.7102,5.9365,6.6639,11.562,12.092,18.626,5.5178,11.204,12.961,11.672,17.462,18.026,13.838,1.4807e-15
-9.1403e-16,11.236,10.497,8.2254,9.4295,10.533,5.5035,2.0103,4.6498,1.8927,7.3683,14.088,4.7514,13.502,8.8807,13.569,8.9675,7.2878,11.691,13.096,13.019,13.551,5.4967,7.7236,8.3905,6.1682,6.0335,11.086,6.9756,8.3924,11.264,9.3578,3.3641,7.8036,6.326,5.7651,10.63,6.4766,10.713,6.435,9.6615,6.787,8.7911,10.883,8.8886,6.3304,5.8145,14.616,2.9485,5.7411,10.56,8.4756,10.113,11.902,8.9869,1.0533e-15
7.0976e-16,11.329,13.029,10.551,9.8369,14.218,6.4226,4.8381,4.9643,6.0807,10.053,9.8126,5.2217,15.67,8.8253,16.082,8.504,8.7245,5.9759,11.56,15.924,10.541,5.5865,5.1134,6.1471,8.082,5.2201,8.3969,7.9408,8.0626,9.4551,6.4849,4.073,7.8618,5.6689,6.3096,6.4911,8.4866,12.034,5.9189,8.4991,9.9886,8.0521,12.582,9.215,8.6541,2.7265,9.8995,3.3616,9.9288,7.9734,8.1606,10.789,8.1805,7.023,5.3723e-16
1.0143e-15,10.091,12.584,11.15,9.116,12.947,10.779,7.4126,8.8589,12.037,12.25,4.3574,7.9249,14.312,11.84,12.898,12.782,9.6866,5.4523,8.1755,14.404,8.7618,7.6557,5.2808,7.204,11.612,5.8552,5.5344,9.6392,8.7961,6.8746,3.6153,7.9353,8.6257,5.9453,8.7529,4.9511,12.992,10.584,7.5386,5.2929,12.241,6.4709,7.3348,7.5627,12.878,3.0261,7.379,5.341,12.845,6.2563,9.5342,13.54,8.3487,7.3345,4.1067e-16
5.229e-16,9.84,8.6333,8.6962,9.1186,7.2884,10.516,5.3042,7.4375,14.131,12.311,6.9857,9.8068,10.031,14.809,9.8631,14.124,9.1656,11.47,9.5482,9.375,9.5953,9.3123,9.4699,10.666,13.829,8.1474,6.3319,10.372,11.137,6.4335,4.7882,7.421,8.2533,3.8028,12.268,7.9823,12.478,8.9055,8.7714,5.0629,8.4973,6.3281,3.5714,9.7265,12.942,4.8596,6.9011,7.7873,8.5509,6.4711,9.0261,10.535,9.0959,6.2064,6.6627e-16
3.527e-16,10.103,6.9826,8.5885,7.014,3.7062,10.745,6.2332,7.5607,11.219,11.125,13.853,13.749,9.7085,9.1802,11.682,10.093,9.4151,16.842,14.455,9.3694,10.86,10.774,10.936,8.6481,10.921,10.386,7.2443,6.8602,8.7701,9.2442,6.4112,7.4501,5.6673,4.174,12.904,8.6939,8.4225,6.5362,9.439,8.9948,9.5494,8.8763,4.4348,7.3843,10.417,6.5196,6.2155,11.127,10.101,9.7904,6.3527,8.2425,9.2578,4.9044,8.3166e-16
2.846e-16,8.8007,7.0659,9.5518,6.519,4.927,8.9767,9.1576,10.701,11.642,8.9527,14.391,12.757,9.296,5.039,10.527,7.271,9.4014,16.712,15.519,9.6417,10.175,7.3836,11.009,8.9651,9.1272,9.3304,8.5664,6.2306,6.6149,10.453,9.6945,6.7434,4.842,5.821,14.551,8.4524,5.4615,4.8291,10.692,14.438,11.502,12.125,6.9549,4.9851,9.2267,6.4217,6.4157,12.647,12.07,10.212,6.6741,8.1715,9.1218,7.1099,1.1802e-15
2.6667e-16,7.4694,8.3789,11.557,9.7516,9.0218,6.5805,10.093,13.016,15.584,7.5912,9.0568,6.9649,7.2719,5.5769,6.6885,7.4212,8.3548,13.499,13.768,8.757,8.5617,5.8646,9.7335,12.591,11.536,7.459,11.489,10.591,7.8562,8.322,10.944,5.8505,5.2379,6.9354,17.515,8.5976,4.8891,3.7045,14.03,17.449,11.539,12.404,9.4579,6.1809,8.8488,5.4465,6.9719,12.303,10.234,6.7057,8.0548,9.4383,8.2694,10.403,1.1132e-15
1.3095e-18,9.9512,11.474,15.615,13.734,11.411,8.7086,7.6251,10.256,14.945,9.2901,8.3129,5.5226,6.7902,4.1252,8.5274,7.0654,7.129,13.148,15.776,10.98,8.3499,15.785,6.1051,11.319,14.364,10.472,15.451,13.98,10.113,6.301,5.0932,7.4488,4.2335,7.7083,16.748,7.936,4.8641,2.6201,18.551,15.402,12.124,7.9258,11.789,8.7114,6.3921,6.0645,5.9979,12.527,8.269,5.065,5.0169,10.788,5.9741,8.5314,1.3548e-15
-4.3472e-16,13.532,12.772,14.507,12.382,10.293,10.29,7.6283,7.5119,12.327,11.629,11.361,10.607,5.2377,5.8994,9.602,10.863,6.9457,11.835,12.316,12.6,5.2002,13.618,8.8432,8.2276,13.554,13.56,16.299,13.229,11.718,7.4448,4.5825,7.3014,12.034,9.1908,11.263,7.0583,6.96,6.101,16.205,10.678,11.781,5.1596,8.7271,9.2235,7.798,7.5923,6.4145,11.427,9.1599,7.9738,9.2846,11.164,4.3735,5.6966,6.539e-16
8.2772e-16,12.94,12.736,10.99,7.746,7.4054,9.6038,8.9783,7.116,9.0766,12.847,14.948,13.386,3.1045,9.5867,7.8374,14.163,7.0531,8.8521,6.9479,10.755,3.7386,9.6168,12.827,6.1485,10.459,12.865,14.923,12.605,11.719,9.3954,8.4683,6.8116,19.2,11.076,6.7427,7.4067,7.4453,9.6593,9.7787,7.1001,10.694,6.4792,4.955,7.7761,10.98,8.5112,8.0262,11.286,10.295,9.8625,14.45,10.109,5.8258,4.7152,9.8422e-16
1.1868e-15,7.3451,12.902,11.47,5.6795,6.0412,8.3249,7.8221,8.3256,6.4662,12.128,15.667,7.161,3.134,10.993,6.7028,11.458,6.8338,6.9886,8.0743,7.2776,9.3355,21.25,13.578,6.4748,8.5894,9.2789,13.625,14.975,10.369,8.5367,8.2245,9.1656,13.233,12.088,8.603,9.0547,3.5903,7.1006,6.9375,6.3094,9.9067,8.5894,6.658,6.9344,10.415,7.8704,8.4923,14.127,8.7216,6.1275,9.1411,8.0476,9.2236,5.5238,1.0235e-15
1.0192e-15,6.5588,9.8387,11.716,6.0652,7.6658,6.7357,7.5757,10.779,9.9174,8.5483,10.826,4.0527,5.5739,13.681,9.1391,12.204,8.6461,7.7752,8.9503,8.7646,12.89,19.851,29.338,11.046,7.5495,8.3066,9.297,10.836,9.5978,7.0105,6.2943,10.156,9.6592,11.425,12.482,8.9129,3.5619,4.5968,6.0996,4.9966,8.4964,6.3214,6.5259,8.4613,8.9788,6.3609,7.7577,13.859,8.8283,5.4674,5.4086,6.4349,7.7422,7.3416,9.7954e-16
8.6185e-16,10.559,5.9326,10.546,7.0546,9.1128,5.9074,7.0927,10.087,11.478,5.3415,7.3605,4.7638,7.4746,14.864,13.684,15.189,9.4515,8.2936,6.9546,9.4172,12.547,14.299,38.865,14.85,7.5699,9.1468,6.3513,5.6881,9.5315,6.6333,4.8808,7.9483,9.6029,9.5805,15.653,9.1602,4.9413,5.6396,5.4836,4.4564,7.8597,5.3021,6.4788,9.3861,8.3324,5.7764,8.245,11.446,9.4485,6.9921,5.7663,6.2959,6.3254,7.4242,9.085e-16
1.2974e-16,13.049,4.2436,9.1669,6.8494,8.1594,6.7598,6.0971,6.6446,7.1879,5.1879,8.9433,5.5631,7.7019,13.382,16.225,15.143,7.9356,6.7475,4.3618,6.2632,10.781,16.05,25.317,12.684,8.6084,9.2672,7.2093,6.1228,9.392,7.4639,4.4541,5.3996,8.4582,8.1291,16.624,11.02,4.7178,8.3064,4.7764,5.723,8.3788,9.3783,9.4724,8.5055,8.4787,6.5471,9.482,10.479,8.2969,7.3291,7.0228,7.3158,8.7244,6.4432,1.0084e-15
-1.5586e-16,9.2242,3.9539,8.7211,5.21,7.2268,8.7428,8.3213,8.8119,7.7552,6.4618,8.2493,6.9412,9.2963,14.947,13.184,11.501,8.7891,5.9707,5.0121,8.0164,9.4438,10.68,10.454,6.0615,9.4096,8.7263,6.1395,7.6212,8.7996,8.1218,4.9193,7.9215,7.4216,8.7324,14.381,10.965,7.4355,7.4169,4.9865,5.7504,7.6049,11.875,11.478,9.6688,8.4946,6.7147,6.883,11.509,6.5654,7.9339,7.6196,7.769,8.6105,9.671,-2.3187e-16
1.5424e-16,6.7913,5.1609,9.2586,5.9567,7.3884,9.0272,8.5365,10.737,10.735,6.6753,6.2204,9.8809,10.653,17.283,7.827,8.9949,10.154,6.359,6.7414,8.0086,9.8748,8.0738,6.8549,4.6723,9.4319,6.8548,4.9916,7.3995,8.4679,9.2829,9.7167,10.087,9.2844,9.742,12.672,11.775,12.124,6.7524,6.5608,4.1025,7.2065,11.008,9.322,9.8346,6.3555,6.5683,6.6777,11.376,5.7135,8.7453,8.2828,7.1517,8.2105,10.984,4.3953e-16
6.1883e-16,9.2088,7.5167,10.077,8.5508,8.0087,9.3006,7.1879,8.0944,11.753,7.2297,7.0924,13.509,9.5288,16.963,4.7083,8.2329,9.4212,6.8261,7.6918,4.9589,10.496,12.164,10.698,8.6539,8.6386,5.7802,6.4596,7.3585,8.9143,9.6389,14.429,10.655,11.225,9.1266,11.278,13.318,14.059,9.2488,7.5275,3.7196,7.853,9.867,6.0454,7.7275,3.6308,7.6055,9.5265,9.6735,5.9314,9.748,8.8706,6.2471,9.8072,8.9326,6.2973e-16
1.1802e-15,11.773,9.7993,10.261,8.5766,7.7977,13.135,10.629,4.2647,10.064,11.014,12.485,15.32,6.3757,13.997,5.9099,5.8404,7.2586,6.4386,8.4042,6.4769,8.6328,13.297,10.159,8.7718,7.6058,8.2001,10.192,10.688,9.6267,7.16,9.9817,13.505,7.6553,6.8101,6.8923,11.627,9.6365,12.473,5.7305,7.5958,7.614,11.707,7.662,6.0677,4.1157,10.989,8.7859,9.3072,6.6056,11.121,8.674,6.3965,11.691,9.3366,1.2004e-15
7.4812e-16,13.463,11.022,9.6386,9.4438,7.3141,11.377,12.394,3.9569,6.3002,11.185,14.646,14.461,6.5115,13.261,8.6745,6.1738,8.8865,6.6598,8.6214,9.3622,8.073,11.723,11.026,9.0813,8.0637,7.5294,12.887,11.195,8.8506,7.3492,5.3515,10.796,5.7608,6.4607,6.2056,9.2154,5.2868,10.89,6.2843,10.067,5.1801,9.8819,9.0182,5.3298,4.6135,15.175,7.9134,9.7689,8.9551,11.064,10.73,7.6961,10.58,10.257,9.6197e-16
-1.16e-15,12.708,9.7575,8.4722,9.5215,5.8928,5.8909,10.48,5.1177,2.8756,9.0643,11.121,12.126,7.6251,13.403,8.9402,7.6619,10.807,7.6653,7.6228,10.349,9.1531,9.5719,11.93,10.494,9.4995,7.0525,13.3,9.4859,8.4607,10.014,4.8647,5.8377,6.997,7.8787,9.0472,9.3115,4.3281,5.7752,7.569,8.2477,2.6637,6.2584,8.278,6.6951,5.792,16.834,8.4205,9.6741,12.069,8.6858,12.393,9.518,8.1447,9.733,4.626e-16
-4.2823e-16,9.4128,6.9858,7.7365,6.3368,3.6433,4.8486,7.829,3.8587,2.21,9.6006,5.9189,10.195,5.2723,10.561,5.7607,6.183,7.6432,8.6677,6.0443,9.1047,9.4883,8.521,8.4172,10.878,9.9017,12.139,12.689,10.122,9.6971,11.283,6.0049,6.0085,7.2849,8.3978,10.245,12.466,6.1741,2.9994,5.1825,4.5977,2.8899,6.9595,8.0299,10.05,9.2014,13.444,8.906,8.1566,13.049,5.9675,9.6836,10.55,7.7837,8.1561,9.4965e-16
1.6345e-16,8.8153,8.9851,9.1765,6.7904,4.7452,6.1545,5.8183,4.0628,3.7907,8.2783,4.3025,9.1824,4.9776,7.964,5.3568,5.2548,6.316,9.8222,7.5299,7.4989,9.067,9.6114,8.122,11.717,8.5834,12.754,12.963,10.933,6.5402,11.816,6.2483,4.51,5.47,8.0046,9.6063,14.408,10.205,4.9883,3.1667,4.8366,4.4652,8.8077,9.999,10.62,9.4937,7.0459,8.9478,5.9246,9.6467,8.1341,7.0473,9.185,7.6131,7.8279,6.2906e-16
4.4749e-16,8.9234,10.475,10.651,8.8283,6.8504,7.1789,7.0658,5.4511,5.211,6.9311,5.4057,9.5162,6.2285,7.9021,8.4163,5.9973,6.8466,10.546,9.8785,5.296,7.1541,9.5193,10.565,10.128,8.0511,10.194,12.433,10.176,4.2083,10.986,5.6998,5.3137,3.847,6.8539,9.3012,11.497,11.466,6.4486,4.6119,7.3981,5.6505,9.0483,9.6986,9.646,9.2184,4.3686,8.7572,5.7505,6.2045,10.727,6.8991,8.535,6.9012,7.9244,5.4331e-16
-2.9284e-16,8.1277,8.5771,10.768,9.3349,6.9289,8.0331,11.274,6.0978,5.8838,8.5534,7.1759,10.881,6.7036,9.2071,12.693,7.2236,6.418,9.7874,10.299,4.0444,4.3691,6.7503,11.79,6.7589,10.017,10.248,10.691,8.2187,7.443,8.5914,5.6639,9.848,4.7734,5.5605,9.7711,5.8554,7.8599,4.4659,8.6894,8.7833,6.0751,7.3491,5.8664,9.3768,10.716,7.6878,9.5684,8.6936,6.2815,9.4315,8.4018,9.5104,5.2495,6.9237,2.6739e-16
2.718e-16,11.174,12.233,11.935,11.302,6.8364,10.853,12.81,6.2064,8.2856,11.237,10.433,11.771,7.6282,7.8477,16.459,7.586,5.3665,7.2319,10.13,8.3313,3.8477,5.6363,11.23,9.9186,12.642,13.482,11.513,7.4129,10.16,6.6563,6.7442,7.3919,7.557,5.5681,8.1841,5.5797,4.9875,5.0919,10.708,9.2481,6.926,5.6106,5.9663,8.6326,9.4551,9.6117,12.655,11.422,6.9223,8.3438,8.7844,7.3716,2.54,5.4093,-2.9472e-17
1.0298e-15,15.967,14.931,11.743,11.572,7.4656,9.209,10.147,7.1215,8.4657,12.65,12.489,11.424,10.067,5.7096,15.894,8.6796,5.2643,6.6522,8.8189,11.743,5.1447,5.7595,10.991,14.844,15.864,16.189,12.514,8.81,9.7118,6.157,7.291,4.7968,8.4035,7.5337,6.933,6.1797,4.3998,8.0009,9.4923,10.179,7.0007,4.9369,7.4919,10.179,7.5766,8.801,12.596,10.636,7.2633,8.1857,8.3121,8.7487,6.3182,5.5948,4.4146e-16
4.1599e-16,16.91,11.872,10.813,9.5962,7.9595,4.8847,6.5389,8.0345,6.18,12.558,12.444,9.9024,11.482,5.4228,11.65,9.062,5.4263,7.4009,6.4563,10.333,6.7626,6.9154,11.123,17.315,18.499,15.606,11.388,10.353,7.8841,6.128,6.6932,6.5573,6.6227,9.2293,8.0983,5.4745,5.9955,10.746,7.1479,11.417,5.6332,6.2528,7.4914,13.315,7.9737,8.092,9.1067,7.6707,8.2231,8.6809,9.1374,14.111,13.731,6.9673,1.4896e-15
1.4184e-16,11.019,7.0251,12.575,8.8015,7.1611,7.5621,6.5377,6.7731,6.7024,12.361,12.065,8.0969,8.241,7.4118,9.1698,5.6145,3.8275,4.8215,4.8373,7.3369,7.8761,9.9246,9.7642,18.276,18.225,12.527,9.339,8.8841,7.9757,5.1643,6.5333,7.9693,5.7942,7.6829,10.438,7.3516,8.923,12.013,7.1869,11.082,4.557,9.3058,6.9645,12.971,10.012,10.255,8.7201,7.4596,10.48,10.001,12.597,14.924,12.549,6.4491,1.8612e-15
3.6412e-16,7.947,4.2178,10.625,6.3465,7.8052,8.5265,6.5765,6.565,9.6647,10.798,9.8447,7.6421,6.7119,10.12,9.3339,5.9185,4.1869,3.93,5.6958,4.9617,8.711,10.635,9.9848,14.735,16.357,10.879,9.9701,7.9691,7.1748,6.3345,8.5741,8.7437,7.7095,7.8085,10.41,8.4705,9.482,12.6,10.091,8.7639,7.835,9.129,6.8552,9.3513,8.4106,10.96,11.045,9.2337,10.611,11.666,14.069,13.397,11.004,5.2109,1.2691e-15
1.7914e-15,8.6581,4.5911,5.7522,3.7309,8.9325,6.1113,7.1649,9.1351,11.681,7.6235,7.217,8.3488,6.4593,10.712,10.602,10.101,5.8069,5.1321,7.403,5.0077,8.3962,8.5018,10.833,8.1351,12.542,9.6993,12.381,9.7547,6.3685,9.4448,10.854,8.9026,10.736,10.424,8.9271,7.131,7.8404,12.777,11.662,6.2882,12.394,7.8512,5.9388,7.3081,5.369,8.9914,11.799,10.318,8.6071,10.523,11.475,10.717,10.748,5.1617,1.3567e-15
9.912e-16,7.5727,6.3402,4.1466,4.7482,7.8417,5.7147,10.677,12.728,10.627,4.6214,6.4184,8.371,3.8419,7.9937,10.638,11.987,5.8078,4.9686,7.8219,8.0052,6.8301,7.2823,10.047,4.1335,6.578,6.8839,13.983,12.181,8.0462,11.339,10.3,8.511,11.76,12.144,8.8828,5.152,6.5963,12.136,8.0205,5.6149,12.396,10.29,3.5082,10.185,6.4361,7.0492,9.3572,9.5315,7.9638,6.057,7.2772,7.1304,7.3416,6.7286,9.7982e-16
4.6013e-16,6.0517,5.8767,5.8561,7.0511,6.5223,7.0758,12.334,12.972,10.284,4.8131,4.6553,6.1802,4.8901,6.1781,8.0842,10.16,6.8766,4.4426,9.6966,11.308,7.7732,10.784,11.774,7.0176,3.3375,7.778,17.254,9.7953,8.7116,10.425,8.461,9.1935,10.092,11.303,8.4421,5.7935,5.4001,10.615,3.8265,5.4073,10.42,11.887,3.8452,11.43,8.5108,7.3861,11.743,9.9586,11.258,7.786,6.6018,7.2361,4.2282,7.5492,4.8703e-16
9.1209e-17,5.1087,4.3156,6.2989,7.3149,5.1478,7.9124,9.6201,9.6453,10.571,6.712,3.4896,4.7291,8.9342,6.3687,5.811,7.3969,6.3533,6.22,11.304,10.931,8.1895,12.57,13.057,11.334,3.9203,9.5332,17.604,6.7301,8.1844,7.8733,6.4478,9.9692,7.4832,8.5346,7.9209,8.13,4.3475,7.942,3.0201,5.0499,9.3168,10.768,6.6013,9.1587,8.9692,6.6604,15.422,10.7,12.672,10.77,7.516,8.8246,4.0568,7.8335,1.2351e-16
4.0993e-17,5.1108,4.2627,4.7236,5.9288,4.2793,7.7635,5.5109,5.739,10.55,9.8079,5.3773,6.8337,11.39,8.2885,6.1852,6.9301,5.2597,10.975,11.259,8.2373,7.6381,8.3961,11.388,12.016,6.7635,9.3611,12.972,9.6731,9.6259,7.0698,6.0128,10.339,5.8405,6.2983,9.3532,9.7082,5.1143,5.2654,5.8099,5.2918,9.1334,8.8822,8.7968,7.1165,8.5956,4.727,14.738,9.9428,9.3526,9.1632,7.9006,8.498,6.3643,8.0306,1.5969e-15
3.6757e-16,5.9875,5.4091,7.6576,7.58,6.0914,8.8911,6.5993,4.3343,11.13,16.555,8.4339,9.9141,9.4196,11.552,6.6305,8.3923,12.307,14.36,12.096,11.129,13.268,5.8671,11.003,12.235,9.4105,11.333,10.89,17.208,15.005,10.462,9.1241,11.781,4.9804,6.8445,13.016,9.3844,9.1853,5.1772,7.8798,6.9163,6.725,9.1465,8.2556,10.039,10.354,8.8259,12.096,8.2998,8.9818,8.9478,10.466,7.4185,7.3845,6.3775,1.0169e-15
1.3934e-16,3.4949,3.2836,5.5794,4.9575,4.0856,5.2258,4.5943,2.2971,6.1392,11.062,5.3363,6.0771,3.8545,7.1197,3.5329,5.0239,9.6269,8.1834,6.8075,7.566,9.4798,2.887,6.0116,6.5949,5.5785,6.9121,5.7547,11.569,9.8803,6.9929,6.1248,6.786,2.4773,4.1518,8.118,4.6199,6.3703,3.0946,4.4847,4.2729,2.541,5.2444,3.8353,6.8102,6.2862,6.7069,5.557,3.8685,5.2594,5.0551,6.5682,3.5936,3.8974,2.6499,6.4388e-16
5.5517e-17,1.0962e-15,7.5736e-16,-2.6351e-17,-5.032e-17,-8.4853e-17,9.7227e-16,-8.5726e-16,6.5439e-16,1.0846e-15,-1.1063e-15,4.4004e-16,2.3558e-15,1.8381e-15,9.8531e-16,4.3055e-16,1.3158e-15,-5.2509e-16,1.4613e-15,9.2422e-16,1.5131e-16,-5.0953e-17,6.171e-16,5.6621e-16,2.5888e-15,1.3566e-15,2.3713e-16,5.6599e-16,1.3782e-15,1.8418e-15,1.1113e-15,5.6129e-16,6.9326e-16,3.442e-16,1.2107e-15,2.963e-15,1.5844e-15,3.0422e-16,1.1687e-16,6.5537e-16,-3.5819e-16,6.8444e-16,2.2934e-15,2.0711e-15,3.1165e-16,7.4346e-16,2.6988e-16,1.7061e-15,7.8788e-16,1.0139e-15,1.4508e-15,4.0659e-16,6.7731e-16,9.1318e-16,6.5398e-16,1.6097e-17
