1.0231e-18,-5.9752e-18,2.5662e-18,6.8469e-19,4.9599e-20,-4.8201e-19,-2.5745e-19,8.3013e-21,-4.9699e-19,3.8806e-19,1.2601e-18,-1.3058e-18,3.4765e-18,2.1924e-18,-2.0941e-18,4.5131e-20,-2.7488e-20,3.3495e-20,1.4038e-19,-3.7322e-21,-6.2941e-24,6.9727e-20,-1.2509e-21,-5.1498e-22,-2.0624e-23,6.1066e-24,-2.3515e-23,7.4811e-23,-2.7573e-22,3.2287e-21,1.3599e-19,1.9093e-21,-8.8575e-22,-7.472e-23,1.5018e-23,-5.8857e-23,-2.3336e-22,1.7058e-22,-3.3813e-21,1.6446e-19,-1.4023e-19,-5.3617e-19,-2.8356e-19,-9.6029e-19,9.176e-18,1.2201e-17,2.4118e-18,2.7896e-18,-6.7977e-19,-1.317e-18,1.1471e-19,2.1329e-18,3.0508e-18,8.8843e-18,2.8871e-16,1.1402e-16
-8.1551e-18,0.20014,0.020629,0.0087583,-6.7132e-13,0.00040133,0.00020525,-1.8322e-13,0.00040132,-0.0003229,0.0078554,0.00060129,0.0082266,-0.0014632,0.0014982,-7.1191e-06,2.6106e-05,-2.369e-05,-0.00011061,2.5621e-15,2.9441e-15,-5.9175e-05,3.3504e-16,-5.4941e-16,-2.7034e-16,1.3954e-16,-1.6044e-16,-2.4158e-16,2.1906e-17,-1.2957e-18,-0.00011061,8.72e-20,-2.7597e-20,-3.6269e-22,-8.4121e-15,-2.2414e-15,1.4161e-08,-3.6778e-09,2.367e-07,-0.00012227,0.00011307,0.00034709,3.3824e-05,0.001456,-0.0066045,-0.0072004,-0.0016808,0.0026829,0.013042,0.00081114,-1.9467e-05,-6.0741e-05,-0.00011631,1.6042e-06,0.65762,-3.1329e-17
-5.003e-18,0.22184,0.038558,0.015677,2.3962e-12,-0.0014325,-0.00073263,6.5398e-13,-0.0014325,0.0011526,0.016441,-0.0019338,0.024559,0.0063239,-0.0053477,2.5411e-05,-9.3183e-05,8.4558e-05,0.00039479,-9.1453e-15,-1.0509e-14,0.00021122,-1.1959e-15,1.9611e-15,9.6494e-16,-4.9807e-16,5.7269e-16,8.6228e-16,-7.8205e-17,4.541e-18,0.00039482,-2.9797e-19,9.695e-20,1.0861e-21,3.0026e-14,8.0006e-15,-5.0547e-08,1.3128e-08,-8.4487e-07,0.00043644,-0.0004036,-0.0012389,-0.00012073,-0.005197,0.029292,0.031438,0.0093025,0.017,0.010666,-0.0028953,6.9487e-05,0.00021681,0.00041517,-5.726e-06,1.1254,3.9611e-17
9.8011e-18,0.044799,0.051685,0.024239,-2.0062e-12,0.0012152,0.00062185,-5.4753e-13,0.0012152,-0.00096495,0.015669,0.0062877,0.031229,0.018618,0.0045396,-2.1274e-05,7.8015e-05,-7.0794e-05,-0.00033053,7.6566e-15,8.7982e-15,-0.00017684,1.0011e-15,-1.6418e-15,-8.0787e-16,4.17e-16,-4.7947e-16,-7.2191e-16,6.5464e-17,-3.9405e-18,-0.00033055,1.4941e-19,-1.0573e-19,1.2041e-21,-2.5138e-14,-6.6983e-15,4.2319e-08,-1.0991e-08,7.0734e-07,-0.0003654,0.00033791,0.0010531,0.00010518,0.0044266,0.099687,0.098305,0.064072,0.037652,0.00057404,0.0024557,-5.8176e-05,-0.00018152,-0.00034759,4.794e-06,0.97173,-3.6698e-17
1.7098e-17,0.094715,0.077469,0.04391,-9.4834e-12,0.014633,0.007688,-2.5883e-12,0.014633,-0.0045615,0.018484,0.046921,0.018286,0.018309,0.0564,-0.00010057,0.00036879,-0.00033466,-0.0015625,3.6194e-14,4.1591e-14,-0.00083594,4.7325e-15,-7.7613e-15,-3.819e-15,1.9712e-15,-2.2665e-15,-3.4126e-15,3.0948e-16,-1.8057e-17,-0.0015626,1.1047e-18,-4.0449e-19,-4.8533e-21,-1.1883e-13,-3.1664e-14,2.0005e-07,-5.1955e-08,3.3437e-06,-0.0017273,0.0015973,0.013866,0.0027946,0.063219,0.13274,0.11869,0.16536,0.05476,0.020227,0.029384,-0.00027501,-0.00085806,-0.0016431,2.2662e-05,0.98862,9.5985e-18
8.7345e-18,0.099241,0.051753,0.033026,4.02e-11,0.020149,0.011452,1.0971e-11,0.020149,0.026739,0.064317,0.10992,0.0072428,0.0079782,0.086128,0.0004263,-0.0015633,0.0018993,0.0088063,-1.5342e-13,-1.763e-13,0.0046542,-2.0062e-14,3.29e-14,1.6188e-14,-8.3558e-15,9.6077e-15,1.4466e-14,-1.3116e-15,7.6597e-17,0.0088067,-4.0138e-18,1.7737e-18,6.4877e-20,5.0373e-13,1.3422e-13,-8.48e-07,2.2023e-07,-1.4174e-05,0.0095049,-0.006771,0.025539,0.013606,0.1339,0.10092,0.11035,0.22737,0.077932,0.033628,0.040819,0.0011657,0.0050794,0.0091481,-9.6062e-05,1.08,5.8696e-17
-3.1442e-19,0.031331,0.0066064,0.0079352,-6.0558e-11,0.01262,0.0078182,-1.6528e-11,0.01262,0.07226,0.12891,0.12052,0.011666,-0.0019694,0.072177,-0.00064219,0.0024666,0.0044399,0.01987,2.3112e-13,2.6558e-13,0.0098381,3.0222e-14,-4.9561e-14,-2.4386e-14,1.2587e-14,-1.4473e-14,-2.1793e-14,1.9807e-15,-1.1589e-16,0.019869,7.4918e-18,-2.7126e-18,7.451e-20,-7.5883e-13,-2.0219e-13,1.2774e-06,-3.3177e-07,2.1352e-05,0.018817,0.010681,0.037464,0.05509,0.16808,0.050893,0.10332,0.18299,0.10323,0.051322,0.040698,-0.0017561,0.01425,0.019353,0.00014471,0.93965,1.9937e-17
-4.2871e-19,0.0042321,-0.0012944,0.00026164,-8.5233e-11,0.0011235,0.00071926,-2.3262e-11,0.0011235,0.081241,0.1536,0.068147,0.029613,-0.0013762,0.037903,-0.00090386,0.014417,0.0042296,0.016848,3.253e-13,3.738e-13,0.0072331,4.2537e-14,-6.9755e-14,-3.4323e-14,1.7716e-14,-2.037e-14,-3.0672e-14,2.786e-15,-1.6372e-16,0.016847,1.0105e-17,-3.8928e-18,2.395e-20,-1.068e-12,-2.8458e-13,1.798e-06,-4.6695e-07,3.0052e-05,0.015366,0.062245,0.063753,0.10597,0.1593,0.030551,0.098735,0.065117,0.10871,0.077366,0.069204,-0.0024716,0.013999,0.016121,0.00020367,0.51677,2.904e-17
1.4798e-18,0.00019077,0.010934,-0.00026681,6.0264e-10,-0.0012041,-0.00077136,1.6448e-10,-0.0012037,0.030182,0.10366,0.090466,0.044698,0.011751,0.019897,0.010556,0.016388,0.0020492,0.0053814,-2.3e-12,-2.6429e-12,0.0020819,-3.0076e-13,4.9321e-13,2.4268e-13,-1.2526e-13,1.4403e-13,2.1687e-13,-1.9681e-14,1.1528e-15,0.0053903,-6.7455e-17,2.6851e-17,-5.8339e-20,7.5515e-12,2.0121e-12,-1.2713e-05,3.3016e-06,-0.00021248,0.019709,0.072058,0.11139,0.078494,0.16592,0.021858,0.06036,0.021878,0.068135,0.06041,0.1545,0.029024,-0.0031197,0.01279,-0.0014401,0.22894,-1.7061e-17
1.7268e-18,-0.00096893,0.011306,8.4184e-05,-1.3065e-09,0.00038056,0.00024339,-3.5659e-10,0.00037981,-0.00785,0.035064,0.13755,0.038428,0.020385,0.010303,0.026456,0.0081872,-0.0016082,-0.0013465,4.9865e-12,5.73e-12,-0.00051651,6.5205e-13,-1.0693e-12,-5.2614e-13,2.7157e-13,-3.1226e-13,-4.7017e-13,4.2671e-14,-2.5001e-15,-0.0013661,1.4569e-16,-5.8243e-17,1.9566e-19,-1.6372e-11,-4.3624e-12,2.7561e-05,-7.1579e-06,0.00046067,0.012766,0.054118,0.10668,0.069205,0.18359,0.017394,0.021309,0.016587,0.020521,0.062502,0.16686,0.074111,0.016758,0.0092102,0.0034689,0.17282,-1.296e-17
-4.485e-19,-0.00014104,4.3083e-05,1.8248e-06,-1.6657e-10,8.3286e-06,5.2763e-06,-4.5461e-11,8.2338e-06,-0.00017018,0.00029285,0.11909,0.015118,0.014915,0.00041082,0.032348,6.4662e-05,-0.00016472,-2.7106e-05,6.3573e-13,7.3052e-13,-1.1197e-05,8.313e-14,-1.3632e-13,-6.7078e-14,3.4623e-14,-3.981e-14,-5.9942e-14,5.4402e-15,-3.1879e-16,-2.9616e-05,1.8541e-17,-7.4203e-18,3.0115e-20,-2.0872e-12,-5.5616e-13,3.5138e-06,-9.1257e-07,5.8731e-05,0.011423,0.035462,0.059848,0.11928,0.17376,0.014796,0.014578,0.00019651,0.00014471,0.083298,0.081967,0.098899,0.061834,0.0031484,0.014294,0.1814,-4.1276e-18
-8.949e-20,0.012964,0.0087356,-1.4934e-05,8.2262e-09,-7.2102e-05,-4.3205e-05,2.2451e-09,-6.7422e-05,0.0013937,-0.002531,0.029628,0.0018574,0.0041604,-0.00051241,0.020211,0.0012039,0.014049,0.00011851,-3.1396e-11,-3.6077e-11,9.1691e-05,-4.1054e-12,6.7323e-12,3.3126e-12,-1.7099e-12,1.966e-12,2.9603e-12,-2.6866e-13,1.5741e-14,0.00024251,-9.1802e-16,3.6684e-16,-1.1598e-18,1.0308e-10,2.7466e-11,-0.00017353,4.5067e-05,-0.0029004,0.070047,0.019974,0.081336,0.12434,0.11093,0.011039,0.033057,-0.00161,-0.00068916,0.028321,0.044528,0.086363,0.04351,-0.0010169,0.016923,0.053672,-2.4303e-20
9.5415e-19,0.019797,0.017567,6.3163e-06,-2.4068e-08,4.2327e-05,1.835e-05,-6.5687e-09,2.8636e-05,-0.00059253,0.0014768,-0.0045193,5.2559e-05,-0.0029772,0.00055666,0.0058995,0.0035878,0.020797,0.0002598,9.1856e-11,1.0555e-10,-3.8948e-05,1.2011e-11,-1.9697e-11,-9.692e-12,5.0027e-12,-5.7521e-12,-8.661e-12,7.8605e-13,-4.6054e-14,-0.00010301,2.686e-15,-1.0733e-15,3.6037e-18,-3.0158e-10,-8.0359e-11,0.0005077,-0.00013186,0.010726,0.12298,0.050012,0.096736,0.067008,0.054754,0.010456,0.056051,0.0006875,-0.0011919,-0.016129,0.027962,0.061613,0.020632,0.004657,0.0090559,0.032038,-1.3732e-17
1.1071e-18,0.012859,0.013014,-6.9458e-07,1.7354e-08,-1.3106e-05,-2.0728e-06,4.7364e-09,-3.2347e-06,6.7341e-05,-0.00045265,0.021753,0.0023603,0.0013461,-5.4407e-05,-0.00032147,0.0025327,0.012711,-0.00024997,-6.6233e-11,-7.6108e-11,4.4021e-06,-8.6608e-12,1.4203e-11,6.9884e-12,-3.6072e-12,4.1476e-12,6.245e-12,-5.6678e-13,3.3207e-14,1.1643e-05,-1.9367e-15,7.7393e-16,-2.608e-18,2.1746e-10,5.7943e-11,-0.00036608,9.5075e-05,0.043809,0.12469,0.099101,0.06349,0.012363,0.029372,0.009647,0.054952,-8.0282e-05,0.001203,0.0055598,0.021594,0.035426,0.019463,0.01386,0.0060418,0.09991,-1.9171e-17
2.5591e-19,0.0021674,0.0023249,-5.9824e-07,9.8932e-08,-5.9552e-05,-2.0985e-06,2.7001e-08,-3.275e-06,7.0459e-05,-0.0020473,0.018126,0.0025241,0.016028,-5.2969e-05,-0.00029389,0.00043749,0.0016389,-0.0014796,-3.7758e-10,-4.3388e-10,4.4716e-06,-4.9374e-11,8.0967e-11,3.984e-11,-2.0564e-11,2.3644e-11,3.5602e-11,-3.2311e-12,1.8931e-13,1.1828e-05,-1.1041e-14,4.412e-15,-1.4773e-17,1.2397e-09,3.3032e-10,-0.0020869,0.000542,0.073455,0.092027,0.097072,0.022989,0.009831,0.014524,0.0022816,0.019431,-9.5868e-05,0.017215,0.062746,0.053707,0.020707,0.018465,0.014035,0.018204,0.032231,-7.9365e-18
-1.0224e-19,-0.0012025,-0.0012968,-9.3052e-08,-3.9884e-07,0.00022878,1.2186e-06,-1.0885e-07,1.9025e-06,-5.049e-05,0.010113,0.0067756,0.0010186,0.019066,2.1891e-05,3.8151e-05,-0.000244,0.0011359,0.0076814,1.5222e-09,1.7492e-09,-2.6588e-06,1.9905e-10,-3.2641e-10,-1.6061e-10,8.2902e-11,-9.5322e-11,-1.4353e-10,1.3026e-11,-7.6319e-13,-7.0362e-06,4.4511e-14,-1.7787e-14,5.8713e-17,-4.9977e-09,-1.3317e-09,0.01067,-0.0021851,0.063644,0.080919,0.050613,0.036281,-0.038371,0.0094687,-0.0025975,-0.0017526,0.00011689,0.023589,0.088658,0.099727,0.083695,0.038252,0.012134,0.011608,-0.045195,3.4604e-18
7.7285e-20,0.00025488,0.00027576,6.5513e-07,5.6571e-07,-0.00032214,-2.1598e-07,1.544e-07,-3.3826e-07,2.2834e-05,0.021394,0.0030754,-0.00015208,0.0098207,8.9779e-06,0.00018537,5.2786e-05,0.0039844,0.01557,-2.1591e-09,-2.481e-09,5.6158e-07,-2.8233e-10,4.6298e-10,2.2781e-10,-1.1759e-10,1.352e-10,2.0358e-10,-1.8476e-11,1.0825e-12,1.4908e-06,-6.3134e-14,2.5229e-14,-8.4865e-17,7.0888e-09,1.8888e-09,0.020482,0.0032773,0.033843,0.094756,0.013282,0.051978,0.13009,0.024849,0.0025132,0.0025419,-0.00010948,0.020471,0.08251,0.10064,0.13909,0.055266,0.01605,-0.0016683,0.072671,1.4645e-17
1.3603e-20,7.6266e-05,8.391e-05,1.21e-06,9.3713e-07,-0.00053308,2.899e-09,2.5577e-07,2.4879e-09,2.6193e-05,0.015132,0.0034593,-4.5514e-05,0.00088255,2.4418e-05,0.00036418,1.7499e-05,0.00053828,0.0094666,-3.5766e-09,-4.1099e-09,1.6487e-07,-4.6769e-10,7.6695e-10,3.7738e-10,-1.9479e-10,2.2397e-10,3.3723e-10,-3.0606e-11,1.7932e-12,4.4515e-07,-1.0458e-13,4.1792e-14,-1.3935e-16,1.1743e-08,3.1289e-09,0.0092951,0.025981,0.020876,0.0989,0.021512,0.027394,0.58447,0.064662,0.017617,0.017522,-0.00016793,0.020626,0.082169,0.074706,0.099051,0.041982,0.021319,-0.00015147,0.34868,1.2602e-17
-3.2426e-20,-7.6489e-05,-9.3464e-05,-7.9596e-06,-6.0485e-06,0.0053929,-4.5214e-07,-1.6508e-06,-6.9243e-07,-0.00015508,0.0042816,0.0015101,4.5702e-05,-0.00085027,-0.00016907,-0.0024191,-2.8893e-05,-0.00052524,0.0022563,2.3084e-08,2.6526e-08,-1.443e-07,3.0186e-09,-4.9501e-09,-2.4357e-09,1.2572e-09,-1.4456e-09,-2.1766e-09,1.9754e-10,-1.1574e-11,-4.403e-07,6.7502e-13,-2.6974e-13,8.9917e-16,-7.5791e-08,-2.0195e-08,-0.0016122,0.051241,0.026663,0.067728,0.046648,0.048607,0.67814,0.10764,0.032401,0.032301,0.0010677,0.024072,0.10558,0.16459,0.048081,0.021864,0.0088577,-0.0021614,0.36668,3.2162e-17
-3.571e-20,2.5376e-05,5.0248e-05,1.6584e-05,1.2565e-05,0.012524,1.0785e-06,3.4294e-06,1.6557e-06,0.00031767,-0.001009,-0.00038021,-1.5276e-05,0.0002571,0.00036134,0.0054921,3.3029e-05,0.00015902,-0.00050101,-4.7957e-08,-5.5107e-08,4.3559e-09,-6.2709e-09,1.0284e-08,5.06e-09,-2.6118e-09,3.0031e-09,4.5218e-09,-4.1038e-10,2.4044e-11,1.3335e-07,-1.4023e-12,5.6036e-13,-1.8667e-15,1.5745e-07,4.1954e-08,0.0058149,0.053905,0.047068,0.057599,0.095988,0.05994,0.41234,0.10784,0.029476,0.018904,-0.002213,0.015004,0.10786,0.17891,0.0080917,0.0070653,-0.0020401,0.0059033,0.35922,2.1532e-17
-3.4541e-20,1.7005e-06,7.8177e-06,4.3365e-06,3.2844e-06,0.012752,2.8704e-07,8.9638e-07,4.408e-07,8.2868e-05,-4.8991e-05,-1.7174e-05,-1.0499e-06,1.1448e-05,0.00037691,0.020953,7.636e-06,7.1317e-06,-2.2533e-05,-1.2535e-08,-1.4404e-08,-9.774e-09,-1.6391e-09,2.6879e-09,1.3226e-09,-6.8268e-10,7.8495e-10,1.1819e-09,-1.0727e-10,6.2847e-12,5.9933e-09,-3.6654e-13,1.4647e-13,-4.8852e-16,4.1155e-08,1.0966e-08,0.021071,0.03124,0.059286,0.090729,0.14044,0.077731,0.10457,0.070301,0.012961,0.006895,-0.00057825,9.6713e-05,0.09798,0.060911,0.00060981,0.00011317,0.00055192,0.019365,0.62683,4.2834e-18
-3.2125e-20,-2.1508e-05,-0.00017569,-0.00011051,-8.3692e-05,0.0037151,-7.3372e-06,-2.2842e-05,-1.1268e-05,-0.0021109,0.00029827,7.3887e-05,1.3732e-05,-4.5035e-05,-0.0016791,0.017711,-0.00019017,-2.9375e-05,9.4438e-05,3.1942e-07,3.6704e-07,2.9735e-07,4.1768e-08,-6.8494e-08,-3.3703e-08,1.7396e-08,-2.0002e-08,-3.0117e-08,2.7334e-09,-1.6015e-10,-2.5015e-08,9.3401e-12,-3.7323e-12,1.2434e-14,-1.0487e-06,-2.7944e-07,0.012553,0.0090459,0.035083,0.10931,0.10972,0.21805,0.0028252,0.064357,0.012849,0.074021,0.027864,0.020229,0.14845,0.04988,0.061145,-0.00047167,0.00066157,0.0056627,1.0911,-3.692e-17
3.4415e-20,5.0213e-05,0.00048308,0.00031084,0.00023541,-0.0013041,2.0649e-05,6.4248e-05,3.1711e-05,0.0067597,-0.00039124,-3.6423e-05,-3.2489e-05,1.0426e-05,0.0061071,0.0064197,0.00053282,1.0829e-05,-3.9561e-05,-8.9844e-07,-1.0324e-06,-8.5912e-07,-1.1748e-07,1.9266e-07,9.4797e-08,-4.8931e-08,5.6261e-08,8.4713e-08,-7.6883e-09,4.5046e-10,1.018e-08,-2.6272e-11,1.0498e-11,-3.4976e-14,2.9498e-06,7.8599e-07,0.0014762,-0.0085938,0.023251,0.099456,0.06707,0.24875,0.0032655,0.092879,0.033978,0.13646,0.054731,0.096972,0.15622,0.062794,0.09217,0.00019247,-0.00026065,0.0023664,1.315,-4.6101e-17
-6.7424e-20,-3.0203e-05,-0.00029835,-0.0001926,-0.00014586,0.00010765,-1.2795e-05,-3.981e-05,-1.965e-05,0.015914,0.0002044,7.3955e-06,1.9588e-05,3.8302e-06,0.023244,-0.00035495,-0.00032996,-3.5462e-07,4.5011e-06,5.567e-07,6.397e-07,5.3434e-07,7.2795e-08,-1.1937e-07,-5.8738e-08,3.0319e-08,-3.4861e-08,-5.249e-08,4.7638e-09,-2.7911e-10,-9.8062e-10,1.6278e-11,-6.5049e-12,2.1672e-14,-1.8278e-06,-4.8702e-07,-3.9739e-06,0.0041203,0.037143,0.077594,0.059374,0.13964,0.029497,0.12268,0.073637,0.13827,0.050737,0.15131,0.09117,0.037486,0.066847,-1.8858e-05,2.5537e-05,0.015267,1.1628,-2.6379e-17
-2.5775e-19,-0.00021174,-0.0021004,-0.0013566,-0.0010274,-4.1794e-06,-9.0125e-05,-0.0002804,-0.00013841,0.007078,0.0034808,3.5574e-05,0.00013738,3.818e-05,0.034059,-0.00060298,-0.0023239,4.4206e-06,9.919e-06,3.9211e-06,4.5058e-06,3.7659e-06,5.1274e-07,-8.4083e-07,-4.1373e-07,2.1355e-07,-2.4554e-07,-3.6972e-07,3.3555e-08,-1.966e-09,-1.1079e-09,1.1466e-10,-4.5818e-11,1.5265e-13,-1.2874e-05,-3.4303e-06,-4.9582e-06,0.057756,0.040753,0.065174,0.069544,0.10101,0.088197,0.12904,0.10831,0.10015,0.026035,0.098136,0.033898,0.013578,0.041492,-2.3528e-05,3.1862e-05,0.014285,0.85953,-3.9382e-17
9.5208e-19,0.00081351,0.010056,0.0065685,0.0050248,0.00055437,0.00034655,0.0010782,0.00053222,0.011133,0.0059649,-0.00012513,-0.00052783,-0.00015472,0.024566,0.0011363,0.011236,-2.1883e-05,-2.2761e-05,-1.5078e-05,-1.7326e-05,-1.4482e-05,-1.9716e-06,3.2332e-06,1.5909e-06,-8.2116e-07,9.4418e-07,1.4217e-06,-1.2903e-07,7.5596e-09,1.66e-10,-4.4089e-10,1.7618e-10,-5.8696e-13,4.9503e-05,1.3191e-05,2.804e-06,0.052658,0.015258,0.054044,0.048021,0.20853,0.097873,0.14879,0.066999,0.064354,0.057204,0.075777,0.044709,0.0082113,0.022381,1.3306e-05,-1.8019e-05,0.005371,0.6286,3.1573e-17
1.9895e-18,-0.0010817,0.019293,0.013577,0.011056,-0.00084211,-0.00046085,-0.0014338,-0.00070775,0.015248,0.0033044,0.00016413,0.00070183,0.00020729,0.0079462,0.0013383,0.022985,3.0052e-05,2.727e-05,2.005e-05,2.304e-05,1.9259e-05,2.6218e-06,-4.2995e-06,-2.1156e-06,1.092e-06,-1.2556e-06,-1.8905e-06,1.7158e-07,-1.0053e-08,5.7717e-10,5.863e-10,-2.3428e-10,7.8055e-13,-6.583e-05,-1.7541e-05,-5.5974e-07,0.010768,0.022054,0.033394,0.018857,0.27137,0.062464,0.14945,0.032446,0.054834,0.081543,0.077933,0.068351,0.0086908,0.0085056,-2.6562e-06,3.597e-06,-0.00072297,0.79331,9.8042e-18
2.3288e-18,-0.0020972,0.011553,0.010909,0.010632,-0.0016622,-0.00089355,-0.0027801,-0.0013723,0.0048293,-0.00070576,0.00031759,0.0013608,0.00040235,0.0010131,5.8772e-05,0.013408,5.8535e-05,5.2033e-05,3.8876e-05,4.4673e-05,3.7342e-05,5.0836e-06,-8.3365e-06,-4.102e-06,2.1173e-06,-2.4345e-06,-3.6656e-06,3.3268e-07,-1.9492e-08,1.343e-09,1.1368e-09,-4.5426e-10,1.5134e-12,-0.00012764,-3.401e-05,-1.9597e-07,0.00011496,0.08649,0.024613,0.034873,0.15166,0.038284,0.097123,0.090853,0.064811,0.034397,0.047769,0.056281,0.0011361,0.00070806,-9.2997e-07,1.2594e-06,-0.00025312,1.3308,-4.783e-17
2.3707e-18,0.012479,0.012691,0.012474,0.012331,0.0099232,0.0053168,0.020681,0.0094316,0.014234,0.0064446,-0.001889,-0.0080968,-0.0023945,-0.0035551,0.00058232,0.0037121,-0.00034859,-0.00030867,-0.00023132,-0.00026581,-0.00022219,-3.0248e-05,4.9603e-05,2.4407e-05,-1.2598e-05,1.4485e-05,2.1811e-05,-1.9795e-06,1.1598e-07,-8.24e-09,-6.7641e-09,2.7029e-09,-9.0051e-12,0.00075947,0.00020237,1.7754e-07,-6.3792e-05,0.08498,0.085727,0.092614,0.088111,0.047098,0.052831,0.13619,0.058836,0.022969,0.052605,0.093959,-0.00099275,-0.00057139,8.4249e-07,-1.1409e-06,0.00022931,1.4962,-5.9495e-17
1.2259e-18,-0.024809,-0.018985,-0.017267,-0.016689,-0.019738,-0.01057,0.010669,-0.0020739,-0.026636,-0.013477,0.0037553,0.016522,0.0047607,0.0063625,-0.0014351,-0.001911,0.00069312,0.00061338,0.00045989,0.00052845,0.00044173,6.0136e-05,-9.8616e-05,-4.8524e-05,2.5046e-05,-2.8798e-05,-4.3362e-05,3.9354e-06,-2.3057e-07,1.6458e-08,1.3448e-08,-5.3737e-09,1.7903e-11,-0.0015099,-0.00040232,-5.1563e-08,1.8528e-05,0.040502,0.10867,0.10408,0.070896,0.058144,0.037646,0.12418,0.033484,0.027488,0.060514,0.11622,0.00025732,7.5659e-05,-2.447e-07,3.3141e-07,-6.6603e-05,1.2341,-5.1258e-17
8.121e-18,-0.0099974,0.00048674,0.0049817,-0.0063824,-0.0079545,-0.0042595,0.019418,0.044349,-0.00042405,-0.0054685,0.0015133,0.02726,0.0019184,0.0025237,-0.0005941,-0.00056162,0.00027931,0.00024716,0.00018532,0.00021295,0.000178,2.4233e-05,-3.9739e-05,-1.9554e-05,1.0093e-05,-1.1605e-05,-1.7474e-05,1.5859e-06,-9.2914e-08,6.6363e-09,5.419e-09,-2.1654e-09,7.2144e-12,-0.00060845,-0.00016212,-3.6079e-09,1.2967e-06,0.011382,0.044249,0.044665,0.033405,0.04532,0.036229,0.083073,0.010836,0.011282,0.039815,0.070178,5.9132e-06,-2.9917e-05,-1.7127e-08,2.3207e-08,-4.6613e-06,0.91331,9.3907e-19
1.8826e-17,0.30836,0.254,0.23861,0.18097,0.22597,0.12224,0.198,0.29314,0.34795,0.15714,0.0075882,-0.054399,-0.026493,-0.04404,0.017259,0.0091857,-0.0048879,-0.0043251,-0.003243,-0.0037266,-0.003115,-0.00042407,0.00069542,0.00034218,-0.00017662,0.00020308,0.00030578,-2.7752e-05,1.626e-06,-1.1615e-07,-9.4831e-08,3.7894e-08,-1.2625e-10,0.017461,0.0050435,1.0218e-08,-3.6772e-06,0.0010557,0.0056725,0.0066533,0.0062392,0.020411,0.021976,0.068547,0.015063,0.00067414,0.022628,0.017369,0.00019788,0.00070971,4.8584e-08,-6.6037e-08,1.3219e-05,0.83363,-2.2388e-17
5.4101e-17,0.54073,0.38433,0.30274,0.22861,0.27305,0.15615,0.22377,0.34359,0.42403,0.20077,0.3567,0.25951,0.16102,0.13885,0.029417,-0.024556,0.013219,0.011697,0.0087709,0.010079,0.0084247,0.0011469,-0.0018808,-0.00092545,0.00047768,-0.00054924,-0.000827,7.5056e-05,-4.3975e-06,3.1413e-07,2.5647e-07,-1.0249e-07,3.4145e-10,0.022305,0.0090835,-3.9705e-09,1.4422e-06,-0.00025456,-0.0015972,-0.0019715,-0.0019639,0.0034939,0.0031919,0.043493,0.018421,0.0019895,0.010694,-0.0038562,-0.00066994,-0.0020027,-1.91e-08,2.6524e-08,-5.1845e-06,0.49293,3.4555e-17
7.6765e-18,0.46305,0.24673,0.13696,0.086705,0.084175,0.060817,0.064682,0.13994,0.14737,0.078193,0.68733,0.66587,0.38451,0.44447,0.17673,0.012688,-0.0068119,-0.0060276,-0.0045196,-0.0051935,-0.0043412,-0.000591,0.00096917,0.00047688,-0.00024615,0.0002841,0.00042769,-3.8676e-05,2.266e-06,-1.6187e-07,-1.3216e-07,5.2811e-08,-1.7595e-10,0.0086874,0.0072904,3.0775e-10,-1.186e-07,2.0936e-05,0.00013136,0.00016214,0.00016151,-3.0182e-05,0.0010021,0.019622,0.0089069,0.0058185,0.0022477,0.00035566,0.00035694,0.0010425,1.5938e-09,-2.4976e-09,4.2639e-07,0.0084319,9.4847e-20
-4.8297e-18,0.22579,0.053781,0.044884,0.011603,0.005535,0.0068653,0.0033715,0.017147,0.013508,0.0088246,0.3385,0.39674,0.23308,0.46346,0.52611,0.23951,-0.061159,-0.054117,-0.040578,-0.046628,-0.038977,-0.0053062,0.0087014,0.0042815,-0.00221,0.0049582,0.0073045,-0.00034724,2.0345e-05,-1.4533e-06,-1.1866e-06,4.7415e-07,-1.5797e-09,0.00098068,0.0014951,3.206e-10,-1.872e-07,3.3062e-05,0.00020744,0.00025606,0.00025506,0.00069422,0.021774,0.042862,0.0013268,0.0015751,2.7725e-05,0.00056167,0.0073145,0.019278,2.719e-09,-6.7277e-09,6.7344e-07,0.13839,7.6763e-19
-8.8434e-18,0.048397,-0.017326,0.011001,-0.0027975,-0.0022373,-0.003168,-0.0012281,-0.008025,-0.0059723,-0.0040685,0.036502,0.081394,0.050708,0.26162,0.4597,0.27776,0.27694,0.24523,0.18389,0.21091,0.178,0.023948,-0.031975,-0.015733,0.008121,0.0036581,0.0046421,0.001276,-7.4761e-05,5.3405e-06,4.3603e-06,-1.7424e-06,5.8049e-09,-0.00045255,-0.00074593,4.5664e-10,1.0051e-07,-1.7816e-05,-0.00011178,-0.00013798,-0.00013744,0.00067036,0.023648,0.040902,-0.00063623,-0.00080339,6.0488e-06,-0.00030266,0.011194,0.020065,-2.2338e-09,1.4217e-08,-3.6318e-07,0.98694,-3.8851e-17
-1.1073e-18,-0.0026856,0.0049546,-0.0011204,0.00080504,0.00043598,0.00059297,0.00022988,0.0015021,0.0011179,0.00075725,-0.0011398,-0.0082975,-0.0048937,0.059581,0.1268,0.14733,0.55633,0.49519,0.37143,0.4204,0.3789,0.047009,0.040713,0.020298,-0.010032,-0.00049873,5.3985e-05,-0.0015826,9.2727e-05,-6.6238e-06,-5.408e-06,2.1611e-06,-7.1998e-09,8.4731e-05,0.00013962,-8.6222e-10,-1.8366e-08,3.3348e-06,2.0923e-05,2.5828e-05,2.5727e-05,-9.7634e-05,0.0082503,0.013045,0.00011561,0.00015038,-1.1322e-06,5.6652e-05,0.0078079,0.0065557,1.3667e-09,-1.5732e-08,6.8343e-08,1.7036,-7.0564e-17
2.3001e-18,0.014083,0.01393,-0.00039031,0.00077722,0.00021589,0.0002425,9.4023e-05,0.00061438,0.00045723,0.00030038,-0.00046715,-0.0050926,-0.0020513,0.002048,0.006504,0.074666,0.26266,0.23974,0.17989,0.19074,0.22617,0.021823,0.26924,0.17753,-0.015916,-0.00016712,0.0015061,-0.0035821,0.00020987,-1.4992e-05,-1.224e-05,4.8913e-06,-1.6296e-08,3.4705e-05,5.7099e-05,-2.049e-09,-6.5332e-09,1.364e-06,8.5578e-06,1.0565e-05,1.0523e-05,-3.9933e-05,0.00061776,0.00087048,3.9686e-05,6.1506e-05,-4.6309e-07,2.3171e-05,0.00096166,0.00044949,2.6306e-09,-3.4981e-08,2.8745e-08,1.5535,-4.1711e-17
6.0599e-19,0.020952,0.015513,-6.2432e-05,-0.0032157,-0.00039582,-0.0002027,-7.8672e-05,-0.00051407,-0.00038257,-0.0001978,0.00039625,0.018212,0.0021549,-0.0014689,-0.0049447,0.022563,0.036137,0.036304,0.026729,0.021527,0.050359,0.012355,0.21099,0.33129,0.20303,0.0050487,-0.0084632,0.022525,-0.0011603,8.2887e-05,6.7673e-05,-2.7042e-05,9.0094e-08,-2.9322e-05,-4.7738e-05,1.1429e-08,-1.3732e-10,-1.1414e-06,-7.1606e-06,-8.8455e-06,-8.8044e-06,3.3413e-05,-0.00048667,-0.00067207,1.0313e-05,-5.1464e-05,3.8748e-07,-1.9388e-05,-0.00078018,-0.00035166,-1.4065e-08,1.9275e-07,-2.8588e-08,1.1354,-1.0135e-16
1.5749e-18,0.018176,0.012554,0.00076065,0.0062198,0.0006003,5.6016e-05,2.1887e-05,0.00014302,0.00010643,-4.7263e-05,-0.00012051,0.023716,0.00059434,0.00040865,0.0013756,-0.0046824,-0.0054264,-0.0067458,-0.0041126,-0.00080059,-0.0052131,0.014984,0.039298,0.34062,0.27052,0.058102,0.035557,-0.0078089,0.0022043,-0.00015746,-0.00012856,5.1372e-05,-1.7115e-07,8.6983e-06,1.3209e-05,-2.1741e-08,1.0745e-08,3.1777e-07,1.9921e-06,2.4716e-06,2.4494e-06,-9.2956e-06,0.00013539,0.00017294,-8.6021e-05,1.4317e-05,-1.078e-07,5.3938e-06,0.00021705,9.7886e-05,2.6581e-08,-3.6598e-07,1.6621e-08,0.57403,-2.7897e-17
1.5742e-18,0.023413,0.00816,0.00047155,0.02634,0.0045905,5.2335e-06,2.1235e-06,1.3876e-05,1.0327e-05,-5.9324e-05,-1.7188e-05,0.0092067,0.00091016,3.9649e-05,0.00013347,-0.00045431,-0.00061699,-0.0012312,-0.00039908,0.0073375,0.015572,0.0087719,0.00034325,0.19286,0.03777,0.11663,0.14949,-0.0045989,0.0012207,-8.7199e-05,-7.1194e-05,2.8449e-05,-9.4782e-08,1.1334e-06,1.243e-06,-1.2042e-08,6.7722e-09,3.0954e-08,1.9331e-07,2.4558e-07,2.3763e-07,-9.019e-07,1.3137e-05,9.2725e-06,-5.2843e-05,1.3891e-06,-1.0459e-08,5.2333e-07,2.1059e-05,9.5259e-06,1.4709e-08,-2.0266e-07,6.2511e-09,0.023081,-1.4585e-17
2.9949e-18,0.031444,0.016661,-0.0064858,0.023715,0.012307,-8.5613e-06,-4.597e-06,-3.0038e-05,-2.2355e-05,0.00088051,0.00011272,0.001026,0.00038,-8.5831e-05,-0.00028893,0.00098347,0.0036596,0.016179,0.00086471,0.0036982,0.0087846,0.0019639,-0.00071823,0.04352,-0.01883,0.043896,0.21917,0.29453,-0.012608,0.001177,0.00096093,-0.00038399,1.2793e-06,-6.4304e-06,-2.1601e-06,1.6255e-07,-9.3384e-08,-6.8692e-08,-4.1877e-07,-6.1099e-07,-5.1417e-07,1.9524e-06,-2.8437e-05,8.3074e-05,0.00072577,-3.0072e-06,2.2637e-08,-1.1329e-06,-4.5587e-05,-2.1013e-05,-1.9851e-07,2.7353e-06,-7.7263e-08,-0.049857,-4.9505e-18
1.2799e-17,0.069454,0.046078,0.020167,0.008015,0.017604,7.5609e-05,1.7334e-06,1.1327e-05,8.4293e-06,-0.0023236,-0.00024247,-0.00025147,-0.0001281,3.2365e-05,0.00010895,-0.00037084,0.0042921,0.018764,-0.00032819,-0.0012735,-0.0030378,-0.00060514,0.00027083,-0.013431,0.0075064,-0.014637,0.13652,0.3978,0.080294,-0.0030605,-0.0024988,0.00099852,-3.3267e-06,1.2956e-05,-5.9054e-07,-4.2268e-07,2.4368e-07,3.0362e-08,1.5871e-07,4.4054e-07,1.9322e-07,-7.3619e-07,1.0723e-05,-0.00030446,-0.0018926,1.134e-06,-8.5261e-09,4.2717e-07,1.719e-05,8.9619e-06,5.1619e-07,-7.1129e-06,1.9789e-07,0.019131,-3.8506e-18
3.1149e-17,0.21187,0.081636,0.082429,0.015185,0.014933,0.0021948,-1.1393e-07,-7.4452e-07,-5.5405e-07,0.00095176,9.623e-05,1.6528e-05,8.4197e-06,-2.1273e-06,-7.161e-06,2.4375e-05,0.0038592,0.0068824,2.2423e-05,8.5949e-05,0.00019967,3.9774e-05,-1.7801e-05,0.00088282,-0.00049338,0.00096203,-0.0052901,0.22421,0.17813,0.0012609,0.00102,-0.00040714,1.3564e-06,-5.0641e-06,6.0086e-07,1.7235e-07,-9.9405e-08,-3.7797e-09,-1.0754e-08,-1.1302e-07,-1.2437e-08,4.8385e-08,-7.0481e-07,0.00012957,0.00077397,-7.4543e-08,5.5655e-10,-2.8073e-08,-1.1298e-06,-1.0044e-06,-2.1047e-07,2.9002e-06,-8.0514e-08,-0.00139,1.8501e-20
8.6287e-17,0.45486,0.097265,0.1271,0.063458,0.0070921,0.0068932,-2.3879e-07,-1.5608e-06,-1.1613e-06,0.022272,0.0025316,3.4636e-05,1.7647e-05,-4.4586e-06,-1.5009e-05,5.1087e-05,0.00088387,0.00072242,5.7065e-05,0.00020665,0.00041849,8.3364e-05,-3.7309e-05,0.0018503,-0.0010341,0.0020163,-0.011088,0.17601,0.14556,0.074088,0.017402,-0.0048912,1.6295e-05,-6.0421e-05,7.9048e-06,2.0705e-06,-1.1943e-06,-2.9016e-08,-2.6353e-08,-1.2308e-06,-2.2959e-08,1.0138e-07,-1.4772e-06,0.0029475,0.018249,-1.5637e-07,1.1209e-09,-5.8794e-08,-2.367e-06,-7.0159e-06,-2.5285e-06,3.4842e-05,-9.6693e-07,-0.0044809,3.7611e-20
7.3684e-17,0.44921,0.098152,0.10274,0.078899,0.012793,0.0046373,1.2285e-07,8.0434e-07,5.9756e-07,0.02145,0.0040355,-1.7797e-05,-9.078e-06,2.2937e-06,7.7214e-06,-2.6282e-05,-0.00042018,-0.00030597,-6.598e-05,-0.00020274,-0.00021529,-4.2887e-05,1.9194e-05,-0.00095181,0.00053216,-0.0010373,0.0057041,0.091136,0.51452,0.32731,-0.011648,0.019516,0.00021536,0.00021226,-2.8239e-05,-7.2826e-06,4.2008e-06,9.1659e-08,2.7426e-08,4.2487e-06,5.0311e-10,-5.2026e-08,7.5997e-07,0.0022706,0.018353,8.0913e-08,-4.11e-10,3.0082e-08,1.2143e-06,2.1472e-05,8.8936e-06,-0.00012255,3.4008e-06,0.008007,1.2418e-18
2.032e-17,0.22528,0.095221,0.054316,0.047229,0.022059,-0.00058989,-2.1438e-08,-1.4192e-07,-1.0443e-07,0.0043652,0.0029384,3.0818e-06,1.5836e-06,-4.0027e-07,-1.3474e-06,4.5864e-06,7.3324e-05,5.3394e-05,5.3345e-05,0.00014552,3.757e-05,7.484e-06,-3.3494e-06,0.000166,-9.3026e-05,0.00018102,-0.0009954,-0.011067,0.70212,0.59605,0.067359,0.019478,0.0047331,-0.00024398,3.2538e-05,8.3725e-06,-4.8295e-06,-1.0364e-07,-2.0627e-08,-4.8711e-06,1.2828e-08,8.9324e-09,-1.3263e-07,-0.00029428,0.0047659,-1.4656e-08,-1.1752e-10,-5.0609e-09,-2.0808e-07,-2.4151e-05,-1.0225e-05,0.00014089,-3.9097e-06,-0.00791,1.2758e-19
1.228e-17,0.053133,0.089315,0.046274,0.010958,0.015855,-0.00028279,-1.0232e-08,-7.17e-08,-5.0223e-08,8.892e-06,0.00039743,1.4098e-06,7.5442e-07,-1.9104e-07,-6.4309e-07,2.1889e-06,3.4995e-05,2.5483e-05,0.00013221,0.00035053,1.7931e-05,3.5719e-06,-1.5986e-06,7.8996e-05,-4.4812e-05,8.6394e-05,-0.00047508,-0.005282,0.11219,0.58608,0.41956,0.020727,0.016831,-0.00064453,8.5987e-05,2.2118e-05,-1.2759e-05,-2.7312e-07,-5.0268e-08,-1.2863e-05,3.9083e-08,3.8898e-09,-6.3325e-08,-0.00014045,0.00020033,-8.3629e-09,-5.3899e-10,-1.9345e-09,-8.9535e-08,-6.3593e-05,-2.7011e-05,0.0003722,-1.0329e-05,-0.020395,-3.1974e-18
1.2524e-17,0.012089,0.065342,0.039922,0.0069613,0.0048825,0.00022676,7.9612e-09,7.7058e-08,4.1133e-08,1.5347e-05,-0.00029845,-7.6944e-07,-5.7953e-07,1.4865e-07,5.0039e-07,-1.7032e-06,-2.723e-05,-1.9829e-05,-0.00067506,-0.0017794,-1.3952e-05,-2.7793e-06,1.2439e-06,-6.0216e-05,3.7086e-05,-6.7223e-05,0.00036967,0.00411,-0.084903,0.22876,0.8336,0.29114,0.036332,0.0037293,-0.00044458,-0.00011435,6.5961e-05,1.4113e-06,2.558e-07,6.6497e-05,-2.0709e-07,-1.025e-09,4.9409e-08,0.00010929,-0.00013361,1.384e-08,3.0079e-09,-1.0729e-09,1.7268e-08,0.00032857,0.00013965,-0.0019243,5.3399e-05,0.13826,6.3159e-18
9.0753e-18,0.064353,0.046461,0.019006,0.011327,-0.0010218,-7.2558e-05,-2.1184e-09,-5.9207e-08,-1.4683e-08,-4.0836e-06,7.9414e-05,-3.9123e-07,1.4059e-07,-3.9553e-08,-1.3315e-07,4.532e-07,7.2455e-06,5.2761e-06,0.0013066,0.0034818,3.7125e-06,7.3954e-07,-3.3098e-07,1.3746e-05,-1.3904e-05,1.7885e-05,-9.8381e-05,-0.0010936,0.022591,-0.046997,0.69171,0.50218,0.099103,-0.0010812,0.00090763,0.0002072,-0.00011952,-2.5571e-06,-4.6237e-07,-0.00012049,3.7661e-07,-3.3697e-09,-1.3394e-08,-2.908e-05,3.555e-05,-1.7027e-08,-5.5108e-09,4.977e-09,9.0758e-08,-0.0005953,-0.00017416,0.0036799,-9.6756e-05,0.19124,-7.7634e-18
1.6616e-17,0.096218,0.057696,0.022583,0.0058364,-0.0001776,-1.761e-05,-2.6765e-10,-3.4216e-08,-4.4377e-09,-5.1595e-07,1.0034e-05,-4.6112e-07,8.3609e-09,-4.9974e-09,-1.6823e-08,5.7261e-08,9.1545e-07,6.6663e-07,0.0061413,0.018686,4.6906e-07,9.3439e-08,-4.1818e-08,1.6388e-07,-4.5444e-06,2.2586e-06,-1.2443e-05,-0.00013819,0.0028544,-0.005938,0.040247,0.3823,0.19183,0.022707,0.0068475,0.00014829,-8.5538e-05,-1.8301e-06,-3.308e-07,-8.6232e-05,2.6967e-07,-2.9419e-09,-1.863e-09,-3.6741e-06,4.4908e-06,-1.137e-08,-3.9501e-09,3.8696e-09,7.7335e-08,-0.00042604,0.0046652,0.014365,-6.9247e-05,0.012749,5.4244e-18
2.6158e-18,0.013973,0.10015,0.10677,0.015547,0.00086198,0.00012662,4.7135e-10,3.6303e-07,3.7061e-08,9.0861e-07,-1.767e-05,5.4743e-06,9.1762e-08,8.8007e-09,2.9626e-08,-1.0084e-07,-1.6122e-06,-1.174e-06,0.0068858,0.02758,-8.2605e-07,-1.6455e-07,7.3644e-08,1.7524e-05,3.9573e-05,-3.9645e-06,2.2051e-05,0.00024351,-0.0050267,0.010457,-0.070485,0.1905,0.25271,0.14571,0.012838,-0.001644,0.00094832,2.0289e-05,3.6672e-06,0.00095602,-2.99e-06,3.3676e-08,5.2133e-09,6.4699e-06,-7.8986e-06,1.2442e-07,4.3806e-08,-4.3516e-08,-8.8214e-07,0.00746,0.022752,0.0059694,0.00076771,-0.027979,1.7331e-18
4.6897e-18,0.064524,0.18893,0.12707,0.014581,-0.001708,-0.00028882,-1.709e-10,-9.009e-07,-8.7745e-08,-3.2943e-07,6.4066e-06,-1.3831e-05,-3.0383e-07,-3.1909e-09,-1.0741e-08,3.6561e-08,5.8452e-07,4.2564e-07,0.0063191,0.020157,2.995e-07,5.9661e-08,-2.6701e-08,-5.161e-05,-9.456e-05,1.4041e-06,-8.347e-06,-8.8663e-05,0.0018225,-0.0037914,0.025556,0.054357,0.47872,0.14562,-0.0085261,0.0043476,-0.0023706,-5.0718e-05,-9.167e-06,-0.0023898,7.4745e-06,-8.4609e-08,-6.8003e-09,-2.3448e-06,2.8383e-06,-3.1035e-07,-1.0951e-07,1.0903e-07,2.2151e-06,0.010601,0.023178,-0.0016307,-0.0019191,0.024442,-1.7155e-18
2.2466e-17,0.23112,0.2519,0.058416,-0.00043739,0.0004883,8.4634e-05,8.2579e-12,2.669e-07,2.5816e-08,1.5919e-08,-3.0957e-07,4.1078e-06,9.324e-08,1.5419e-10,5.1903e-10,-1.7667e-09,-2.8245e-08,-2.0568e-08,0.0052767,0.0048884,-1.4472e-08,-2.8829e-09,1.2902e-09,1.5635e-05,2.786e-05,-5.8189e-08,5.0561e-07,4.3932e-06,-8.8067e-05,0.00018321,-0.0012349,-0.0010725,0.60402,0.2705,0.034851,0.0058409,0.00070397,1.5041e-05,2.7186e-06,0.00070963,-2.2167e-06,2.511e-08,1.7543e-09,1.1302e-07,-1.2977e-07,9.2012e-08,3.2477e-08,-3.2344e-08,-6.5735e-07,0.0051337,0.004768,-1.8005e-06,0.00056914,-0.0053324,-4.1594e-20
1.6172e-17,0.21376,0.18032,0.029887,-0.0013209,0.015433,0.0031857,2.4939e-11,4.6628e-06,4.505e-07,4.8075e-08,-9.3492e-07,7.1793e-05,1.638e-06,4.6564e-10,1.5675e-09,-5.3355e-09,-8.5299e-08,-6.2114e-08,0.0012426,6.9775e-05,-4.3706e-08,-8.7064e-09,3.8965e-09,0.00027411,0.00048628,-8.943e-09,3.2928e-06,1.5147e-05,-0.00026596,0.00055329,-0.0037294,-0.0032388,0.15868,0.90809,0.23834,-0.0080459,0.023384,0.00026282,4.7502e-05,0.022929,-3.8732e-05,4.388e-07,2.9914e-08,3.3633e-07,-2.6443e-07,1.6076e-06,5.6747e-07,-5.6518e-07,-1.1487e-05,0.00086369,-0.00019794,-0.001397,0.0099445,-0.087782,5.8139e-18
4.6495e-18,0.11244,0.075753,0.019464,0.00064986,0.012303,0.0054536,-1.2269e-11,-1.5719e-05,-1.5184e-06,-2.3651e-08,4.5995e-07,-0.00024204,-5.5273e-06,-2.2908e-10,-7.7116e-10,2.6249e-09,4.1965e-08,3.0559e-08,-0.00055944,1.7549e-05,2.1502e-08,4.2833e-09,-1.917e-09,-0.00092462,-0.001639,-5.7616e-07,-7.7664e-06,-1.3995e-05,0.00013085,-0.0002722,0.0018347,0.0015934,-0.072187,0.9369,0.28493,0.035948,0.024437,-0.000886,-0.00016014,0.020314,0.0001548,-1.4793e-06,-1.004e-07,-1.4812e-07,-3.1363e-07,-5.4196e-06,-1.913e-06,1.9053e-06,3.8725e-05,-0.00055373,-0.00018123,0.0055312,-0.033525,0.36065,-2.8672e-17
7.0143e-19,0.038915,0.018163,0.0076766,-0.00010498,-0.0014521,0.0042665,1.982e-12,1.6624e-05,1.6058e-06,3.8207e-09,-7.4302e-08,0.00025599,5.8466e-06,3.7007e-11,1.2458e-10,-4.2403e-10,-6.7791e-09,-4.9365e-09,9.0373e-05,-2.8349e-06,-3.4735e-09,-6.9193e-10,3.0973e-10,0.00099498,0.0017659,7.022e-07,7.7035e-06,9.1255e-06,-2.1137e-05,4.3972e-05,-0.00029639,-0.0002574,0.011662,0.4089,0.40033,0.024519,0.0076,0.00093706,0.00016937,0.0009166,0.00029594,1.5646e-06,1.0612e-07,5.7327e-09,5.1622e-07,5.7319e-06,2.0233e-06,-2.0151e-06,-4.0957e-05,0.00027903,0.00037602,-0.0059757,0.036274,0.91,-2.3422e-17
1.83e-18,0.018774,0.013003,0.0007949,-5.8547e-05,-0.00080988,0.00063626,1.1054e-12,5.1383e-05,4.9633e-06,2.1308e-09,-4.1438e-08,0.00079122,1.8071e-05,2.0639e-11,6.9475e-11,-2.3648e-10,-3.7807e-09,-2.7531e-09,5.0401e-05,-1.581e-06,-1.9372e-09,-3.8589e-10,1.729e-10,0.0075814,0.014066,2.2128e-06,2.3577e-05,2.5614e-05,-1.1788e-05,2.4523e-05,-0.0001653,-0.00014355,0.0065062,0.12555,0.75607,0.023428,0.0041861,0.0028963,0.00052349,-0.00074841,5.4562e-05,4.8358e-06,3.2797e-07,-5.1203e-08,1.6798e-06,1.7716e-05,6.2536e-06,-6.2285e-06,-0.00012659,0.00072242,0.0012464,-0.018527,0.329,0.80994,1.0365e-16
1.8912e-18,0.017594,0.015384,-0.00054235,4.2605e-05,0.0005896,-0.00044485,-8.0441e-13,-0.00024971,-2.4121e-05,-1.5506e-09,3.0155e-08,-0.0038452,-8.7824e-05,-1.5019e-11,-5.0557e-11,1.7209e-10,2.7512e-09,2.0034e-09,-3.6677e-05,1.1505e-06,1.4097e-09,2.8081e-10,-1.2662e-10,0.0045705,0.011361,-1.0792e-05,-0.00011437,-0.00012212,8.5783e-06,-1.7845e-05,0.00012029,0.00010446,-0.0047462,0.022492,0.46941,0.66581,0.032417,-0.014076,-0.0025441,0.00092871,-4.3309e-05,-2.3501e-05,-1.5938e-06,3.1154e-07,-8.2403e-06,-8.6099e-05,-3.0392e-05,3.0269e-05,0.00061522,-0.0033835,-0.0061338,0.12637,0.46949,0.49625,1.1186e-16
1.4994e-18,0.018192,0.014142,0.00013778,-1.0824e-05,-0.00015022,0.00011283,2.0441e-13,0.00043065,4.1599e-05,3.9393e-10,-7.6608e-09,0.0069676,0.00016182,3.8155e-12,1.2844e-11,-4.372e-11,-6.9895e-10,-5.0897e-10,9.3177e-06,-2.9229e-07,-3.5813e-10,-7.134e-11,3.3554e-11,-0.00094252,0.0019762,1.8622e-05,0.00019719,0.00021,-2.1793e-06,4.5337e-06,-3.0559e-05,-2.6539e-05,0.0012258,-0.0032788,0.016637,0.90076,0.28976,0.025314,0.0044807,-0.00087899,1.9233e-05,4.053e-05,2.7487e-06,-5.5351e-07,1.4231e-05,0.00014849,5.2413e-05,-5.2203e-05,-0.001061,0.0058021,0.010598,0.28475,0.56236,0.2188,6.4199e-17
1.776e-18,0.018096,0.014358,2.1812e-05,-1.7135e-06,-2.415e-05,1.7707e-05,3.2401e-14,0.00038368,3.7061e-05,6.2362e-11,-1.2128e-09,0.02932,0.00085617,6.0403e-13,2.0333e-12,-6.9216e-12,-1.1065e-10,-8.0574e-11,1.4751e-06,-4.6272e-08,-5.6695e-11,-1.1294e-11,6.5027e-12,-0.00014921,1.8202e-05,1.6592e-05,0.00017567,0.00018701,-3.45e-07,7.1772e-07,-4.8377e-06,-4.2013e-06,0.00021132,-0.00051206,-0.0053987,0.18795,0.80604,0.093991,0.0104,-0.00069165,1.0116e-05,3.611e-05,2.4489e-06,-4.952e-07,1.2681e-05,0.00013229,4.6696e-05,-4.6509e-05,-0.00094528,0.0051651,0.0094448,0.3661,0.63606,0.038781,5.4349e-17
2.0861e-18,0.017586,0.01412,-3.2523e-05,2.5549e-06,3.9592e-05,-2.4896e-05,-4.8709e-14,-0.003634,-0.00035103,-9.2984e-11,1.8083e-09,0.014107,0.0010903,-9.0063e-13,-3.0318e-12,1.0324e-11,1.6497e-10,1.2014e-10,-2.1994e-06,6.8993e-08,8.4534e-11,1.6839e-11,-2.1253e-11,0.00022248,-0.00013286,-0.00015716,-0.0016639,-0.0017712,5.1441e-07,-1.0701e-06,7.2128e-06,6.2641e-06,-0.00048252,0.00069547,0.0089028,-0.043563,1.1586,0.056761,-0.015709,0.0063933,-8.371e-05,-0.00034201,-2.3195e-05,4.6938e-06,-0.00012012,-0.001253,-0.00044228,0.00044051,0.0089532,-0.048914,-0.047195,0.53176,0.30258,-0.00749,9.1737e-18
3.1934e-18,0.019055,0.01508,1.1337e-05,-8.9062e-07,-2.2536e-05,5.009e-06,1.7951e-14,0.0096045,0.00092774,3.2414e-11,-6.3036e-10,-0.0028392,0.00062335,3.1396e-13,1.0569e-12,-3.609e-12,-5.7481e-11,-4.188e-11,7.667e-07,-2.4051e-08,-2.9469e-11,-5.8702e-12,3.5576e-11,-7.7555e-05,0.00031086,0.0003775,0.0044233,0.004681,-1.7932e-07,3.7305e-07,-2.5136e-06,-2.1832e-06,0.00057628,-7.6638e-05,-0.0050039,0.017084,0.75496,0.49168,0.07217,-0.015297,0.00019643,0.00082154,5.5716e-05,-1.1276e-05,0.00028853,0.0030098,0.0010624,-0.0010581,-0.021506,0.13517,0.61836,0.41694,0.026156,0.00878,-9.2636e-18
1.9875e-18,0.017844,0.014228,-3.389e-07,2.6623e-08,2.2214e-06,5.0054e-07,-7.092e-16,0.026563,0.0025658,-9.6893e-13,1.8843e-11,9.7519e-05,-1.0034e-05,-9.385e-15,-3.1592e-14,1.0965e-13,1.7134e-12,1.2519e-12,-2.2919e-08,7.1894e-10,8.8089e-13,1.7547e-13,-6.0545e-12,2.3183e-06,-5.6168e-05,-6.8469e-05,0.012993,0.012946,5.3604e-09,-1.1151e-08,7.4997e-08,6.5186e-08,-8.9536e-05,-2.7088e-05,0.00048649,-0.00043449,-0.012604,1.2873,0.15781,0.0027732,-3.5504e-05,-0.000149,-1.0105e-05,2.0452e-06,-5.2331e-05,-0.00054589,-0.00019269,0.00019191,0.0039025,0.54724,1.3644,0.064614,0.030897,0.017944,1.3718e-17
1.0652e-18,0.0068757,0.0060863,-1.7509e-06,1.3754e-07,5.7883e-05,2.2083e-05,-8.8175e-15,0.0082583,0.00079771,-5.0058e-12,9.735e-11,0.00048722,-5.184e-05,-4.8486e-14,-1.6322e-13,6.1941e-13,8.7076e-12,6.4678e-12,-1.1841e-07,3.7143e-09,4.551e-12,9.0656e-13,-1.8093e-10,1.1977e-05,-0.0016957,-0.0020683,0.0065211,0.0040249,2.7694e-08,-5.7612e-08,3.8325e-07,3.3447e-07,-0.0026307,-0.0010208,0.022218,0.0024123,-0.065116,1.4576,0.044282,0.10533,-0.00084594,-0.0045011,-0.00030527,6.1783e-05,-0.0015808,-0.01649,-0.0058208,0.0057974,0.21597,0.80469,0.58628,-0.0073117,0.014531,0.0052498,6.7561e-18
1.8466e-19,0.00052955,0.00052653,8.249e-07,-6.4801e-08,-0.00018196,-7.5398e-05,2.1343e-14,-0.0036097,-0.00034868,2.3584e-12,-4.5864e-11,-0.00017424,2.4423e-05,2.2843e-14,7.6897e-14,-4.6826e-13,-3.6206e-12,-3.0472e-12,5.5784e-08,-1.7499e-09,-2.1441e-12,-4.2711e-13,5.841e-10,-5.6416e-06,0.0064784,0.0078483,0.00030665,-0.0017593,-1.3047e-08,2.7143e-08,-1.6655e-07,-1.4989e-07,0.0099784,0.0040581,0.019396,0.0070885,0.030678,0.72384,0.46336,-0.12891,0.0071359,0.016734,0.00098737,-0.00019984,0.0058226,0.063391,0.018827,-0.018752,0.23957,0.86508,-0.015232,0.021584,-0.0032829,-0.0022828,-3.0003e-18
3.7606e-21,-0.00031326,8.1478e-06,-1.2228e-07,9.6059e-09,0.00017468,7.3234e-05,-1.9577e-14,0.00053509,5.1686e-05,-3.496e-13,6.7987e-12,-2.6977e-05,-3.6202e-06,-3.3862e-15,-1.1399e-14,2.3788e-13,7.6708e-14,4.5171e-13,-8.2692e-09,2.594e-10,3.1783e-13,6.3312e-14,-5.629e-10,8.3536e-07,0.013622,0.015574,4.0738e-05,0.00026079,1.9341e-09,-4.0235e-09,1.1307e-08,1.4883e-08,0.020592,0.0088761,0.0006281,0.0018771,-0.0045476,-0.070154,0.79061,0.36232,0.039225,0.027315,-0.00095181,0.00019264,0.0085603,0.13973,-0.018112,0.018332,0.33356,0.62332,0.04106,0.015711,0.00057283,0.00033839,-1.1582e-18
2.4062e-19,-0.0013354,5.3292e-06,-8.001e-08,6.2859e-09,0.0006345,0.00026648,-7.0614e-14,0.00035012,3.382e-05,-2.2875e-13,4.4486e-12,-0.00020363,-2.3684e-06,-2.2157e-15,-7.4585e-15,7.4898e-13,-1.5699e-12,2.9559e-13,-5.4108e-09,1.6973e-10,2.0797e-13,4.1427e-14,-2.0459e-09,5.4332e-07,0.004764,0.0030402,2.6656e-05,0.00017064,1.2655e-09,-2.6327e-09,-3.9731e-08,-1.6101e-08,0.0061687,0.0038554,-0.00075918,5.8102e-05,-0.0029756,-0.045904,0.15171,2.0966,0.066553,-4.8743e-05,-0.0034595,0.00070017,-0.0016957,0.044831,-0.052878,0.15536,0.74052,0.1202,0.015022,0.002312,0.00037482,0.00022142,3.8861e-19
1.276e-18,0.0081257,-3.6337e-06,5.471e-08,-4.3005e-09,-0.0029108,-0.0012229,3.2352e-13,-0.00023941,-2.3126e-05,1.5642e-13,-3.042e-12,0.0010248,1.6176e-06,1.5151e-15,5.1001e-15,-3.3373e-12,8.7874e-12,-2.0227e-13,3.6999e-09,-1.1606e-10,-1.4221e-13,-2.8328e-14,9.3866e-09,-3.559e-07,-0.00037456,-0.0020086,-1.8227e-05,-0.00011669,-8.6537e-10,1.8002e-09,2.5157e-07,1.3404e-07,-0.0014876,0.00015698,0.00053064,-2.8218e-05,0.0020347,0.031389,-0.10015,1.7382,-0.0101,0.038134,0.020114,-0.002481,0.03028,-0.058142,0.46797,0.094611,0.41423,-0.048361,-0.0073137,-0.0015025,-0.0002563,-0.0001514,3.8059e-19
-5.7968e-19,0.012773,8.6252e-07,-1.324e-08,1.0445e-09,0.0049828,0.002092,-5.2961e-13,5.795e-05,5.5976e-06,-3.7863e-14,7.363e-13,-0.0017,-3.8841e-07,-3.6672e-16,-1.2345e-15,5.4401e-12,-1.4776e-11,4.9199e-14,-8.9556e-10,2.8093e-11,3.4421e-14,6.8567e-15,-1.5369e-08,6.0524e-08,0.00015537,0.00048617,4.4119e-06,2.8244e-05,2.0946e-10,-4.3574e-10,-4.2885e-07,-2.3418e-07,0.0007263,0.00013861,-0.00012844,6.8302e-06,-0.0004925,-0.0075977,0.02424,0.38908,0.10716,-0.0043986,0.027559,0.014668,0.16928,0.47197,0.79015,-0.014667,-0.077093,0.012411,0.001835,0.00036369,6.2039e-05,3.6645e-05,-1.2831e-19
6.7064e-19,0.0027873,1.4903e-07,-2.5575e-09,2.0568e-10,0.022429,0.0093059,-5.7318e-13,1.1205e-05,1.0823e-06,-7.3224e-15,1.4237e-13,-0.0018434,-7.1832e-08,-7.0954e-17,-2.3868e-16,5.8841e-12,-1.6051e-11,9.7617e-15,-1.7316e-10,5.4319e-12,6.6554e-15,1.3258e-15,-1.6634e-08,-1.5023e-08,3.0041e-05,9.4003e-05,8.5306e-07,5.461e-06,4.05e-11,-8.4253e-11,-4.6675e-07,-2.5572e-07,0.00045497,0.00014352,-2.4835e-05,1.3206e-06,-9.5228e-05,-0.0014691,0.0046869,0.09657,0.41176,0.0134,0.0013417,0.024672,0.3952,1.4078,0.3638,0.019716,-0.015101,0.0023998,0.0003548,7.032e-05,1.1996e-05,7.0837e-06,-5.2218e-20
1.7412e-20,-0.00066883,-4.1817e-08,3.2965e-09,-2.9863e-10,0.011455,0.0043132,4.7635e-12,-1.4537e-05,-1.4042e-06,9.5122e-15,-1.8472e-13,0.022113,6.5284e-08,9.1965e-17,3.0973e-16,-4.8896e-11,1.3349e-10,-1.4791e-14,2.2466e-10,-7.0473e-12,-8.6347e-15,-1.7201e-15,1.3824e-07,2.477e-07,-3.8975e-05,-0.00012196,-1.1067e-06,-7.085e-06,-5.2544e-11,1.0931e-10,3.8831e-06,2.1287e-06,-0.0032761,-0.0011829,3.222e-05,-1.7134e-06,0.00012355,0.0019059,-0.0060808,0.033301,0.21235,0.70425,0.013862,-0.033845,0.53404,1.1021,0.089564,0.034932,0.019647,-0.0031134,-0.00046026,-9.1229e-05,-1.5571e-05,-9.1747e-06,3.7562e-21
-8.4919e-21,0.00025762,-3.4005e-07,-1.0543e-09,1.7434e-10,-0.0018913,-0.0012557,-1.0989e-11,4.8712e-06,4.7053e-07,-3.2058e-15,6.1918e-14,0.024854,4.3337e-08,-3.0322e-17,-1.0379e-16,1.128e-10,-3.0798e-10,9.9234e-15,-7.5282e-11,2.3615e-12,2.8934e-15,5.7637e-16,-3.1892e-07,-6.1623e-07,1.306e-05,4.0867e-05,3.707e-07,2.3741e-06,1.7607e-11,-3.6628e-11,-8.9594e-06,-4.912e-06,0.008058,0.0029831,-1.0797e-05,5.7414e-07,-4.1399e-05,-0.00063866,0.0020376,-0.0093277,-0.060831,1.2266,0.040165,0.21092,0.35185,0.3343,0.025891,0.015957,-0.0067081,0.0010432,0.00015412,3.0563e-05,5.2355e-06,3.038e-06,-1.0592e-20
2.8609e-21,-2.6244e-06,2.4789e-08,7.8255e-12,-6.2603e-12,2.4202e-05,1.2924e-05,6.7787e-13,-5.0136e-08,-4.8428e-09,3.4152e-17,-6.3932e-16,-0.00015311,-4.3672e-09,3.2933e-19,1.0451e-18,-6.958e-12,1.8999e-11,-4.008e-16,7.7496e-13,-2.4305e-14,-2.978e-17,-5.9322e-18,1.9673e-08,3.8404e-08,-1.3442e-07,-4.2061e-07,-3.8067e-09,-2.4435e-08,-1.8122e-13,3.7699e-13,5.5268e-07,3.0301e-07,0.023503,0.0088543,1.1112e-07,-5.9092e-09,4.261e-07,6.5733e-06,-2.0971e-05,9.5792e-05,0.0017363,1.1756,0.099151,0.52649,0.011012,-0.00021416,0.0009727,-7.5196e-05,7.6535e-05,-1.0733e-05,-1.5796e-06,-3.1418e-07,-5.4949e-08,-2.9084e-08,1.237e-21
5.8516e-22,-3.9101e-05,2.387e-06,-1.5917e-10,-5.1756e-10,0.00038404,0.00020508,6.3646e-11,-7.9561e-07,-7.6849e-08,6.7322e-16,-1.0258e-14,-0.0024254,-4.365e-07,4.5811e-18,1.706e-17,-6.5328e-10,1.7838e-09,-3.4329e-14,1.2309e-11,-3.8568e-13,-4.7256e-16,-9.4135e-17,1.8471e-06,3.6119e-06,-2.133e-06,-6.6742e-06,-5.9603e-08,-3.8775e-07,-2.8757e-12,5.9823e-12,5.1891e-05,2.845e-05,0.0083364,0.0035446,1.7634e-06,-9.377e-08,6.7615e-06,0.00010431,-0.00033273,0.0015003,0.12575,1.0888,0.22469,0.18266,-0.026328,-0.020168,-0.0013203,-0.00095757,0.0019162,-0.00016998,-2.4444e-05,-4.9491e-06,-9.7159e-07,-2.57e-07,2.0218e-21
-4.2969e-21,9.5362e-06,-7.4458e-06,9.7691e-10,1.5696e-09,-0.00017347,-9.2635e-05,-1.9768e-10,3.5944e-07,3.4712e-08,-7.1225e-16,5.0295e-15,0.0010818,1.37e-06,-6.2629e-19,-8.0135e-18,2.029e-09,-5.5403e-09,1.0484e-13,-5.5988e-12,1.7421e-13,2.1345e-16,4.252e-17,-5.7368e-06,-1.1221e-05,9.6348e-07,3.0138e-06,2.4355e-08,1.7515e-07,1.2989e-12,-2.7022e-12,-0.00016117,-8.8363e-05,-0.0026464,-0.00065161,-7.965e-07,4.2356e-08,-3.0542e-06,-4.7116e-05,0.00015013,-0.00061467,-0.36609,0.70962,0.15777,-0.067639,0.012047,0.009172,0.00061256,-0.00032022,-0.0031069,7.5679e-05,9.0547e-06,2.1191e-06,7.5706e-07,-5.3718e-07,-1.9105e-21
-6.0098e-21,5.6957e-06,6.4704e-06,-9.0868e-10,-1.3584e-09,2.3335e-05,1.2461e-05,1.7167e-10,-4.8407e-08,-4.6695e-09,4.4633e-16,-1.0168e-15,-0.00013375,-1.1916e-06,-1.1255e-18,1.337e-18,-1.7621e-09,4.8115e-09,-9.0826e-14,7.8629e-13,-2.3435e-14,-2.8714e-17,-5.7195e-18,4.9822e-06,9.7457e-06,-1.2961e-07,-4.0462e-07,-1.0707e-09,-2.356e-08,-1.7473e-13,3.6349e-13,0.00013997,7.6739e-05,0.00037794,0.0001096,1.0714e-07,-5.6976e-09,4.1084e-07,6.3379e-06,-2.0058e-05,2.8547e-05,0.41194,0.21942,-0.01154,0.014374,-0.0016247,-0.0012763,-8.5564e-05,0.00069829,0.0023689,-9.2349e-06,4.8805e-07,-1.8507e-07,-3.7512e-07,6.3331e-07,2.245e-21
-1.2164e-22,3.3604e-05,2.7886e-05,-3.9549e-09,-5.8507e-09,1.8044e-05,9.6354e-06,7.3981e-10,-3.7663e-08,-3.6107e-09,1.8118e-15,-2.2097e-15,-5.4158e-05,-5.1361e-06,-5.9397e-18,2.1106e-18,-7.5936e-09,2.0734e-08,-3.9126e-13,7.4672e-13,-1.8121e-14,-2.2203e-17,-4.4193e-18,2.147e-05,4.1998e-05,-1.0022e-07,-3.0956e-07,8.4003e-09,-1.8218e-08,-1.3511e-13,2.8107e-13,0.00060318,0.0003307,0.00029223,8.4747e-05,8.2848e-08,-4.4056e-09,3.1768e-07,4.9007e-06,-1.4934e-05,-0.00020445,3.6692,0.070935,-0.0099092,0.062376,-0.0012735,-0.0011646,-7.9397e-05,0.0073965,0.022264,-3.1853e-06,7.5161e-06,2.7527e-07,-1.4335e-06,2.8373e-06,1.4662e-20
-1.7023e-20,-0.00015342,-0.00012123,1.7224e-08,2.5432e-08,-1.1641e-05,-6.2161e-06,-3.2161e-09,2.5347e-08,2.3296e-09,-7.786e-15,7.8479e-15,-0.00018732,2.2329e-05,2.6695e-17,-6.2294e-18,3.3011e-08,-9.0137e-08,1.7008e-12,-1.1076e-12,1.169e-14,1.4326e-17,2.8425e-18,-9.3335e-05,-0.00018258,6.4653e-08,1.8479e-07,-4.7053e-08,1.1753e-08,8.7162e-14,-1.8133e-13,-0.0026221,-0.0014376,-0.00018853,-5.4673e-05,-5.3448e-08,2.8422e-09,-2.0494e-07,-3.1616e-06,7.039e-06,0.0011539,4.0018,0.062722,0.028202,0.031954,0.00089948,0.0015532,0.00011094,0.0049025,0.014532,-1.579e-05,-3.7056e-05,-2.0651e-06,6.0837e-06,-1.2422e-05,7.4822e-21
1.4398e-20,0.0002395,0.00018791,-2.6706e-08,-3.942e-08,2.678e-06,1.4299e-06,4.9852e-09,-7.4568e-09,-5.3618e-10,1.2048e-14,-1.176e-14,0.00038761,-3.4611e-05,-4.1577e-17,8.9746e-18,-5.117e-08,1.3972e-07,-2.6363e-12,1.2249e-12,-2.6891e-15,-3.2987e-18,-6.4745e-19,0.00014468,0.00028301,-1.4872e-08,-1.9388e-08,7.536e-08,-2.7036e-09,-2.005e-14,4.1711e-14,0.004226,0.0023169,4.3368e-05,1.2577e-05,1.2295e-08,-6.538e-10,4.7144e-08,7.2728e-07,2.4043e-06,-0.0018496,2.5147,0.067508,0.026901,-0.0055703,-0.00032402,-0.0016003,-0.00011808,-0.00091046,-0.0027733,3.1294e-05,5.8447e-05,3.4008e-06,-9.3961e-06,1.9275e-05,-6.0427e-22
-1.4425e-20,0.00031004,0.00024302,-3.454e-08,-5.098e-08,6.218e-07,3.3182e-07,6.4471e-09,-3.7569e-09,-1.248e-10,1.5577e-14,-1.5135e-14,0.00051927,-4.4762e-05,-5.3808e-17,1.148e-17,-6.6176e-08,1.8069e-07,-3.4094e-12,1.4932e-12,-6.24e-16,-7.6584e-19,-1.5234e-19,0.0001871,0.000366,-3.4512e-09,2.4313e-08,9.7908e-08,-6.2736e-10,-4.6508e-15,9.6791e-15,0.020132,0.011038,1.0064e-05,2.9184e-06,2.853e-09,-1.5172e-10,1.094e-08,1.6877e-07,5.5717e-06,-0.0024033,2.0376,0.06652,0.0024509,-0.0012385,0.00010713,-0.0019203,-0.00014275,-0.00023014,-0.00079736,4.1732e-05,7.5774e-05,4.4351e-06,-1.2145e-05,2.4931e-05,2.4107e-20
-3.5596e-19,-0.0023053,-0.0018066,2.5677e-07,3.7898e-07,-7.1868e-07,-3.8209e-07,-4.7927e-08,1.9841e-08,1.466e-10,-1.158e-13,1.124e-13,-0.0037219,0.00049573,4.002e-16,-8.5151e-17,4.9194e-07,-1.3433e-06,2.5345e-11,-1.0975e-11,7.1839e-16,9.3436e-19,-3.6453e-20,-0.0013909,-0.0027208,3.9742e-09,-2.4859e-07,-7.2845e-07,7.2239e-10,5.3594e-15,-1.1145e-14,0.0097333,0.0053364,-1.1588e-05,-3.3605e-06,-3.2852e-09,1.7469e-10,-1.2597e-08,-1.9433e-07,-4.4802e-05,0.017881,1.1507,0.050257,-0.00221,0.001012,0.0033133,0.019786,0.0010475,0.00040944,0.0020957,-0.00031196,-0.00056355,-3.3021e-05,9.0279e-05,-0.00018534,3.2256e-20
-1.3531e-19,0.0055373,0.0043394,-5.6845e-07,-8.3902e-07,2.3744e-07,1.2305e-07,1.0611e-07,-4.1122e-08,-5.3693e-11,2.5635e-13,-2.4881e-13,0.010927,0.00079903,-8.8553e-16,1.8866e-16,-1.0891e-06,2.9738e-06,-5.6111e-11,2.4254e-11,-2.3101e-16,-3.8996e-19,3.2729e-19,0.0033409,0.0065353,-1.2801e-09,5.7387e-07,1.6129e-06,-2.3259e-10,-1.7272e-15,3.5877e-15,-0.0026974,-0.0014788,3.7309e-06,1.082e-06,1.0577e-09,-5.6235e-11,4.0558e-09,6.2568e-08,0.00010036,-0.039592,0.34085,0.015001,-0.00054391,0.00060114,0.0024453,0.021959,-0.0022866,-0.00045517,-0.0033109,0.00069125,0.0012477,7.3122e-05,-0.00019986,0.00041032,8.6096e-20
-4.1564e-19,0.01691,0.013252,-3.5822e-08,-5.2873e-08,2.8998e-09,1.3122e-09,6.6865e-09,-2.5664e-09,-9.6965e-13,1.616e-14,-1.5679e-14,0.031404,0.00090936,-5.5549e-17,1.2011e-17,-6.8633e-08,1.874e-07,-3.536e-12,1.5281e-12,-2.6149e-18,6.8364e-19,2.4356e-18,0.010203,0.019958,-1.367e-11,3.6374e-08,1.0164e-07,-2.4772e-12,-1.8474e-17,3.8221e-17,-2.8728e-05,-1.5751e-05,3.9737e-08,1.1524e-08,1.1266e-11,-5.9832e-13,4.3198e-11,6.6639e-10,6.3349e-06,-0.0024951,0.17257,0.00082873,0.00097136,6.3207e-05,-2.3393e-05,9.7439e-05,0.00091027,-2.4662e-05,-0.0001968,4.3566e-05,7.8629e-05,4.6081e-06,-1.2595e-05,2.5858e-05,2.4811e-19
3.2806e-19,0.0058229,0.0045631,3.4805e-06,5.1372e-06,-8.3134e-08,-2.1431e-08,-6.4966e-07,2.4894e-07,5.4468e-11,-1.5696e-12,1.5234e-12,0.010748,0.0011461,5.4245e-15,-1.154e-15,6.6683e-06,-1.8208e-05,3.4356e-10,-1.4846e-10,3.7432e-17,2.1752e-18,3.129e-18,0.0035132,0.0068723,2.2507e-10,-3.5375e-06,-9.8758e-06,4.0159e-11,3.0943e-16,-6.1693e-16,0.00046567,0.0002553,-6.4419e-07,-1.8681e-07,-1.8264e-10,9.6385e-12,-7.0031e-10,-1.0803e-08,-0.00061567,0.40173,0.27012,0.043414,0.022269,-0.0060989,0.0038114,0.003362,0.025324,0.00233,0.018927,-0.004233,-0.0071804,-0.00044773,0.0012237,-0.0025123,5.8149e-19
-1.8106e-19,-0.0023106,-0.0018107,-1.0387e-05,-1.5331e-05,1.4664e-07,9.777e-09,1.9388e-06,-7.427e-07,-1.4225e-10,4.6841e-12,-4.5463e-12,-0.0042621,-0.0026701,-1.6186e-14,3.4443e-15,-1.99e-05,5.4338e-05,-1.0253e-09,4.4304e-10,-1.0003e-17,-5.6536e-18,-6.9569e-18,-0.001394,-0.002727,-1.0818e-10,1.0559e-05,2.9472e-05,-1.7408e-11,-1.6363e-16,2.6071e-16,-0.00020171,-0.00011057,2.7924e-07,8.0979e-08,7.9194e-11,-3.9917e-12,3.0366e-10,4.6828e-09,0.0018374,0.34139,0.58332,-0.021458,0.043388,0.026168,-0.010643,-0.00091182,0.010338,-0.0038854,-0.053349,0.014647,0.030353,0.0024558,-0.0036519,0.0074974,1.4066e-18
2.4021e-20,0.00027809,0.00021787,8.0059e-06,1.1817e-05,-1.0181e-07,-1.5471e-09,-1.4944e-06,5.7243e-07,1.074e-10,-3.6104e-12,3.5042e-12,0.00051268,0.004275,1.2476e-14,-2.6549e-15,1.5339e-05,-4.1882e-05,7.9025e-10,-3.4149e-10,-3.5403e-18,4.2833e-18,5.1079e-18,0.00016774,0.00032812,2.1094e-11,-8.1386e-06,-2.2716e-05,2.0946e-12,4.2133e-17,-2.6244e-17,2.4155e-05,1.3227e-05,-3.36e-08,-9.7439e-09,-9.5479e-12,3.3848e-13,-3.6603e-11,-5.6346e-10,-0.0014162,0.029921,0.678,0.084451,0.079249,0.054819,0.042553,0.021856,0.0053475,0.070885,0.10936,0.033695,0.077532,0.023099,0.0028163,-0.0057745,5.9263e-18
1.4318e-20,0.00025725,0.00020129,4.1405e-05,6.1114e-05,-5.1773e-07,-3.2955e-09,-7.7286e-06,2.9605e-06,5.5367e-10,-1.8673e-11,1.8123e-11,0.00047291,0.029166,6.4524e-14,-1.3731e-14,7.9329e-05,-0.00021661,4.0871e-09,-1.7661e-09,-2.7143e-17,2.2105e-17,2.6319e-17,0.00015499,0.00030317,6.0149e-11,-4.2092e-05,-0.00011749,1.9353e-12,1.5189e-16,1.4983e-18,2.1738e-05,1.1833e-05,-3.1045e-08,-9.003e-09,-8.9171e-12,-4.0117e-13,-3.4151e-11,-5.2058e-10,-0.0073247,0.49868,0.17539,0.6352,0.41392,0.14459,0.37049,0.20152,0.034493,0.23986,0.68054,0.027342,0.036026,0.029349,0.015537,-0.026949,3.5623e-18
2.4335e-21,-0.00015844,-0.00012289,-0.00017106,-0.00025249,2.1322e-06,1.0011e-08,3.193e-05,-1.2231e-05,-2.2861e-09,7.7144e-11,-7.4873e-11,-0.00028543,0.019226,-2.6658e-13,5.6726e-14,-0.00032774,0.0008949,-1.6885e-08,7.2965e-09,1.1891e-16,-9.1278e-17,-1.086e-16,-9.4654e-05,-0.00018516,-2.1102e-10,0.0001739,0.00048538,-1.1819e-12,-5.7701e-16,-1.1128e-16,-1.0787e-05,-5.5641e-06,1.896e-08,5.4984e-09,5.8535e-12,3.3052e-12,2.2273e-11,3.1778e-10,0.030261,1.7793,-0.062942,0.83757,1.7599,0.78072,1.1542,0.7482,-0.12441,0.14536,0.52603,0.091454,-0.082401,-0.092818,-0.044767,0.2143,9.7398e-18
-9.2625e-21,3.6465e-05,2.6713e-05,0.00025016,0.00036924,-3.1167e-06,-1.3862e-08,-4.6695e-05,1.7887e-05,3.3429e-09,-1.1282e-10,1.095e-10,5.7261e-05,-0.0032631,3.8985e-13,-8.2957e-14,0.00049608,-0.0013087,2.4693e-08,-1.0671e-08,-1.7536e-16,1.3347e-16,1.5879e-16,2.063e-05,4.0356e-05,3.005e-10,-0.00023753,-0.00070983,2.5757e-13,8.3291e-16,1.8545e-16,-1.2832e-06,-1.2156e-06,-4.1327e-09,-1.1984e-09,-1.8711e-12,-5.1892e-12,-6.923e-12,-6.9041e-11,-0.043146,2.6908,0.52554,0.80544,2.849,1.4459,1.7753,2.1728,0.55581,0.18113,0.33825,0.27846,0.23524,0.21721,0.23666,0.88401,4.3557e-17
-1.6045e-20,1.288e-05,7.2457e-06,0.00038232,0.0005643,-4.7629e-06,-2.1015e-08,-7.1363e-05,2.7336e-05,5.1089e-09,-1.7242e-10,1.6734e-10,8.4644e-06,-0.00089668,5.958e-13,-1.2678e-13,0.0025412,-0.0020001,3.7739e-08,-1.6308e-08,-2.683e-16,2.04e-16,2.4269e-16,5.676e-06,1.1102e-05,4.5747e-10,0.00142,-0.0010848,7.0805e-14,1.2706e-15,2.8839e-16,-5.7051e-06,-3.9105e-06,-1.1373e-09,-3.2975e-10,-1.3914e-12,-8.0087e-12,-4.9507e-12,-1.8669e-11,0.051768,2.1949,1.327,0.79656,2.2635,1.3353,1.5159,3.4605,1.907,0.52297,0.76673,0.4483,0.88269,0.91026,0.78369,1.4399,3.6082e-17
2.0919e-20,-3.3181e-05,-6.7937e-06,-0.00142,-0.0032272,0.0006117,1.4155e-07,0.00048142,-0.00018441,-3.4465e-08,1.1631e-09,-1.1289e-09,4.1971e-05,0.00092265,-4.0193e-12,8.5527e-13,0.0012806,0.018778,-2.5459e-07,1.1001e-07,1.8103e-15,-1.3761e-15,-1.637e-15,-5.8881e-06,-1.1514e-05,-3.0839e-09,0.011806,0.010185,-7.3031e-14,-8.5682e-15,-1.9518e-15,4.3179e-05,2.8953e-05,1.1819e-09,3.4228e-10,7.5461e-12,5.4125e-11,2.6342e-11,1.7099e-11,1.2701,0.80295,0.61578,0.30182,0.717,0.46205,0.50702,1.4773,0.92739,0.26729,0.43047,0.27279,0.44868,0.45138,0.37962,0.61512,1.9733e-17
-5.6683e-19,5.2733e-05,5.5153e-07,0.017648,0.014582,0.0057997,-3.0039e-07,-0.00094944,0.00046382,7.3153e-08,-2.4688e-09,2.3961e-09,-0.00012173,-0.00026911,8.5312e-12,-1.8154e-12,-0.00033749,0.022688,5.4037e-07,-2.3351e-07,-3.8426e-15,2.9209e-15,3.4748e-15,1.8204e-06,3.5521e-06,6.545e-09,0.01238,0.012306,2.1679e-14,1.8185e-14,4.1448e-15,-9.3197e-05,-6.2302e-05,-3.6996e-10,-1.0626e-10,-1.5411e-11,-1.1492e-10,-5.3586e-11,-4.2614e-13,2.2727,-0.047945,-0.15883,-0.076208,-0.17601,-0.11533,-0.12577,-0.38116,-0.24338,-0.053112,-0.029163,0.043646,-0.095424,-0.11874,-0.099573,-0.15873,-3.2054e-19
-1.2554e-18,9.7228e-06,-2.7264e-07,0.04087,0.03894,0.010698,-5.8141e-08,0.0028463,0.0031198,1.416e-08,-4.7786e-10,4.638e-10,-2.4456e-05,-5.8763e-06,1.6513e-12,-3.5138e-13,-1.1172e-05,0.00042508,1.0459e-07,-4.5198e-08,-7.4377e-16,5.6539e-16,6.7257e-16,6.0262e-08,1.1616e-07,1.2668e-09,0.0002271,0.00023056,5.4877e-16,3.5198e-15,8.0229e-16,-1.8082e-05,-1.2082e-05,-1.31e-11,-3.5992e-12,-2.9663e-12,-2.2244e-11,-1.0308e-11,8.9876e-13,1.8477,0.15457,0.00073511,-0.0024678,-0.0058266,-0.0038177,-0.0041634,-0.012618,-0.0080566,-0.0019596,-0.0019538,9.4674e-05,-0.0034236,-0.0039311,-0.0032953,-0.0052545,5.6328e-18
-4.9291e-19,0.00078605,1.1308e-05,0.014272,0.013791,0.0035927,1.945e-06,0.021733,0.0068501,-4.7368e-07,1.5986e-08,-1.5515e-08,0.00082327,-6.9797e-05,-5.5241e-11,1.1755e-11,6.1601e-05,-0.0023426,-3.499e-06,1.512e-06,2.4882e-14,-1.8914e-14,-2.25e-14,-3.3226e-07,-5.9243e-07,-4.238e-08,-0.0012516,-0.0012706,2.6679e-15,-1.1775e-13,-2.6841e-14,0.00060513,0.00040433,1.0098e-10,2.2601e-11,9.9138e-11,7.4414e-10,3.4449e-10,-3.5721e-11,0.48341,0.51255,0.03645,0.012865,0.032125,0.021049,0.022955,0.069569,0.04442,0.010805,0.010776,-0.00051766,0.018877,0.021694,0.018139,0.028971,2.7921e-18
-4.4108e-20,0.0094845,-3.3496e-05,-0.0054843,-0.005172,-0.0013456,-5.5795e-06,0.018529,0.004859,1.3588e-06,-4.5858e-08,4.4508e-08,-0.0022717,0.00037853,1.5847e-10,-3.372e-11,-2.5651e-05,0.00097524,1.0037e-05,-4.3374e-06,-7.1378e-14,5.4256e-14,6.4543e-14,1.3832e-07,1.0558e-07,1.2157e-07,0.00052104,0.00052898,-1.7828e-14,3.3778e-13,7.6996e-14,-0.001736,-0.0011599,-1.2647e-10,-1.7502e-11,-2.8434e-10,-2.1347e-09,-9.8804e-10,1.0521e-10,-0.17972,0.85942,0.013054,0.0098626,-0.013374,-0.0087628,-0.0095565,-0.028962,-0.018493,-0.0044981,-0.004486,0.00021551,-0.0078587,-0.0090875,-0.0074642,-0.012061,-3.0808e-18
-6.308e-19,0.015128,2.2566e-05,0.00064653,0.00052229,0.0001395,3.742e-06,-0.001315,-0.00035972,-9.1133e-07,3.0756e-08,-2.9851e-08,0.0037276,0.00090416,-1.0628e-10,2.2615e-11,2.7124e-06,-0.00010296,-6.7319e-06,2.909e-06,4.7872e-14,-3.6388e-14,-4.3287e-14,-1.4604e-08,8.2091e-08,-8.1535e-08,-5.5014e-05,-5.586e-05,1.2933e-14,-2.2654e-13,-5.1639e-14,0.001172,0.00078307,6.9162e-11,7.1977e-12,1.907e-10,1.4317e-09,6.6264e-10,-7.0823e-11,0.021214,0.8613,0.038746,0.029684,0.001412,0.00092517,0.001009,0.0030578,0.0019524,0.00047491,0.00047363,-2.2758e-05,0.00082971,0.00099858,0.00073227,0.0012734,-5.3482e-19
-2.1242e-19,0.0033644,0.00014265,0.0011418,0.00043973,0.00014071,2.3637e-05,-0.0014771,-0.00055467,-5.7567e-06,1.9428e-07,-1.8856e-07,0.026896,0.00021896,-6.7135e-10,1.4286e-10,3.0701e-06,-0.00011553,-4.2524e-05,1.8375e-05,3.024e-13,-2.2986e-13,-2.7344e-13,-1.6392e-08,6.6694e-07,-5.1504e-07,-6.1764e-05,-6.2757e-05,8.2641e-14,-1.431e-12,-3.2619e-13,0.01522,0.01017,4.2168e-10,4.106e-11,1.2046e-09,9.0435e-09,4.1857e-09,-4.4763e-10,0.037614,0.28154,0.010714,0.007382,0.0015849,0.0010384,0.0011325,0.0034322,0.0021915,0.00053305,0.00053162,-2.5572e-05,0.00093125,0.003283,0.0023989,0.0014293,1.5717e-19
2.3075e-19,-0.0015105,-0.00056155,-0.0023604,0.00081833,-1.6825e-05,-9.3042e-05,0.00086088,0.00093755,2.2659e-05,-7.6472e-07,7.4221e-07,0.018362,-0.00012097,2.6426e-09,-5.6231e-10,-1.8847e-06,6.6845e-05,0.00016738,-7.233e-05,-1.1903e-12,9.0476e-13,1.0763e-12,9.5051e-09,-2.7328e-06,2.0273e-06,3.5877e-05,3.6628e-05,-3.2598e-13,5.6328e-12,1.284e-12,0.010678,0.0071349,-1.6488e-09,-1.5842e-10,-4.7415e-09,-3.5597e-08,-1.6476e-08,1.7621e-09,-0.073209,0.077527,-0.0033518,-0.0036906,-0.00091899,-0.00060211,-0.00065668,-0.0019901,-0.0012707,-0.00030909,-0.00030826,1.4939e-05,-0.00053983,0.0094257,0.012976,-0.00082876,9.6448e-19
7.7222e-19,-0.00015314,0.0007717,0.0028939,0.0061754,-8.5284e-05,0.00012786,-0.00018318,-0.0010369,-3.1138e-05,1.0509e-06,-1.0199e-06,-0.0029016,2.4872e-05,-3.6314e-09,7.7273e-10,5.3099e-07,-1.3556e-05,-0.00023002,9.9395e-05,1.6357e-12,-1.2433e-12,-1.4791e-12,-1.9563e-09,3.7772e-06,-2.7859e-06,-7.4694e-06,-7.8644e-06,4.481e-13,-7.7405e-12,-1.7644e-12,-0.0016936,-0.0011316,2.2636e-09,2.1706e-10,6.5158e-09,4.8917e-08,2.2641e-08,-2.4216e-09,0.16984,0.20126,0.0022889,0.0002371,0.0001891,0.00012387,0.00013513,0.00040951,0.00026147,6.36e-05,6.343e-05,-3.2264e-06,0.00011087,0.012018,0.017721,0.00017053,2.1286e-18
-1.9872e-19,-0.00085144,0.0013837,0.015288,0.011759,-0.00018098,0.00022926,-6.9709e-05,-0.0017942,-5.5834e-05,1.8843e-06,-1.8288e-06,-0.00093877,8.0147e-06,-6.5114e-09,1.3856e-09,4.1927e-07,-4.0433e-06,-0.00041244,0.00017822,2.933e-12,-2.2294e-12,-2.6521e-12,-6.3371e-10,6.7785e-06,-4.9954e-06,-2.567e-06,-3.1103e-06,8.0352e-13,-1.3879e-11,-3.1638e-12,-0.00054793,-0.0003661,4.0582e-09,3.8904e-10,1.1683e-08,8.7713e-08,4.0597e-08,-4.3421e-09,0.70229,0.17341,0.0032745,0.0016816,6.1183e-05,4.0033e-05,4.3735e-05,0.00013249,8.459e-05,2.0576e-05,2.0522e-05,-1.3073e-06,3.551e-05,0.0015216,0.0022662,5.5172e-05,1.8114e-19
-2.2292e-18,0.0059367,-0.0085657,0.0069211,0.0072491,0.0011527,-0.0014192,0.00013274,0.015006,0.00047833,-1.1664e-05,1.1321e-05,0.00088763,-7.3704e-06,4.0308e-08,-8.5771e-09,-1.9801e-06,1.6302e-06,0.0034938,-0.00016262,-1.8156e-11,1.3801e-11,1.6417e-11,6.0411e-10,-4.1967e-05,3.0923e-05,3.3897e-06,6.5623e-06,-4.9741e-12,8.5918e-11,1.9585e-11,0.00051807,0.00034614,-2.5121e-08,-2.4081e-09,-7.2323e-08,-5.4297e-07,-2.5131e-07,2.6879e-08,0.45446,0.15179,0.023074,0.021277,-5.7863e-05,-3.7575e-05,-4.1447e-05,-0.00012526,-7.9948e-05,-1.9446e-05,-1.9407e-05,2.9222e-06,-3.1266e-05,-0.0014126,-0.0021045,-5.2158e-05,-1.8454e-19
-8.7798e-18,-0.0085129,0.018879,2.3187e-05,-0.0049294,-0.0023532,0.0028847,-0.0001763,0.018024,0.00064703,2.3709e-05,-2.3012e-05,-0.00026333,1.7611e-06,-8.1931e-08,1.7434e-08,3.8324e-06,4.0094e-06,0.0043769,0.012337,3.6904e-11,-2.8052e-11,-3.337e-11,-1.893e-10,8.5306e-05,-6.2855e-05,-2.9777e-06,-9.3669e-06,1.0111e-11,-1.7464e-10,-3.9809e-11,-0.00015368,-0.00010265,5.1062e-08,4.8947e-09,1.4701e-07,1.1037e-06,5.1082e-07,-5.4635e-08,0.4928,0.18321,0.025684,0.024132,1.7192e-05,1.0578e-05,1.249e-05,3.7134e-05,2.3649e-05,5.7516e-06,5.7621e-06,-4.3215e-06,4.5434e-06,0.00041904,0.00062425,1.5456e-05,8.9003e-20
-3.5333e-17,0.17079,0.073973,0.00054937,-0.0012628,-0.00077966,0.0009552,-5.4002e-05,0.00042579,2.9172e-05,7.8508e-06,-7.6197e-06,-1.508e-05,-3.5587e-08,-2.7129e-08,5.7729e-09,1.26e-06,1.6703e-06,0.00013739,0.027152,1.222e-11,-9.2885e-12,-1.105e-11,-1.4074e-11,2.8247e-05,-2.0813e-05,-8.029e-07,-2.9157e-06,3.3478e-12,-5.7828e-11,-1.3182e-11,-8.7952e-06,-5.8668e-06,1.6908e-08,1.6208e-09,4.8678e-08,3.6545e-07,1.6915e-07,-1.8091e-08,1.0928,0.19832,0.0073013,0.00074773,9.9291e-07,4.2318e-07,7.7734e-07,2.1184e-06,1.3321e-06,3.238e-07,3.3151e-07,-1.3552e-06,-1.2573e-06,2.3984e-05,3.5722e-05,8.7953e-07,4.9875e-21
-1.2722e-16,0.85506,0.1503,0.019628,0.05523,0.016137,-0.019768,0.0011017,0.0012557,-0.00026748,-0.00016247,0.00015769,5.1044e-05,2.976e-06,5.6143e-07,-1.1947e-07,-2.6042e-05,-3.5807e-05,-0.00045985,0.0097805,-2.5289e-10,1.9222e-10,2.2867e-10,1.1531e-10,-0.00058457,0.00043072,1.5953e-05,5.9667e-05,-6.9283e-11,1.1967e-09,2.7279e-10,2.9656e-05,1.9613e-05,-3.499e-07,-3.3541e-08,-1.0074e-06,-7.5629e-06,-3.5004e-06,3.7439e-07,0.73494,0.11525,0.022157,-0.0025182,-3.536e-06,2.3888e-06,-3.9309e-06,-6.999e-06,-4.0446e-06,-9.7934e-07,-1.1543e-06,2.7772e-05,3.6015e-05,-8.0914e-05,-0.00012035,-2.86e-06,-1.2267e-20
-1.3161e-17,1.2224,0.70697,0.30259,0.16343,-0.044507,0.062403,-0.0030314,-0.0080776,0.00058362,0.00044811,-0.00043492,-2.0971e-05,-9.2362e-06,-1.5485e-06,3.2951e-07,7.1813e-05,9.933e-05,0.00017592,-0.0035114,6.9749e-10,-5.3018e-10,-6.307e-10,-2.3728e-10,0.0019042,-0.001188,-4.3696e-05,-0.00016426,1.9109e-10,-3.3007e-09,-7.5239e-10,-1.1864e-05,-7.3687e-06,9.6506e-07,9.251e-08,2.7784e-06,2.0859e-05,9.6546e-06,-1.0326e-06,0.48053,0.013753,0.021766,0.0010078,1.9443e-06,-1.1705e-05,5.2623e-06,2.3944e-06,3.5861e-07,7.488e-08,5.6445e-07,-7.6473e-05,-0.00010392,3.2486e-05,4.7863e-05,8.4641e-07,1.9145e-21
1.2956e-16,0.85133,1.0675,0.50706,0.19518,0.025391,0.16346,0.0017674,0.0049922,-0.00031878,-0.00025446,0.00024697,2.1994e-06,5.328e-06,8.793e-07,-1.8711e-07,-4.0777e-05,-5.4793e-05,-1.1375e-05,0.00031673,-3.9607e-10,3.0106e-10,3.5814e-10,1.2819e-10,0.0062831,0.00067813,2.6444e-05,9.4905e-05,-1.0851e-10,1.8743e-09,4.2724e-10,1.0701e-06,3.9804e-07,-5.48e-07,-5.2531e-08,-1.5777e-06,-1.1845e-05,-5.4823e-06,5.8636e-07,0.5253,0.027584,-3.0822e-05,-9.1121e-05,-4.7133e-07,7.0611e-06,-2.5361e-06,1.0552e-08,6.7125e-07,1.7029e-07,-1.0828e-07,4.3414e-05,5.9383e-05,-2.9954e-06,-4.1599e-06,8.9976e-08,-7.4307e-22
2.5495e-17,0.15857,0.25587,0.1236,0.044438,0.39798,0.17856,0.092179,0.092772,-0.0022809,-0.0020139,0.0019547,5.4587e-06,4.2272e-05,6.9594e-06,-1.4809e-06,-0.00032274,0.002345,1.8914e-05,0.00044253,-3.1347e-09,2.3828e-09,2.8345e-09,1.0065e-09,0.0070256,0.01132,0.0029879,0.0035298,-8.5881e-10,1.4834e-08,3.3814e-09,1.4948e-06,-1.5096e-06,-4.3373e-06,-4.1577e-07,-1.2487e-05,-9.3748e-05,-4.339e-05,4.6408e-06,0.30206,0.18875,-0.0005715,-0.00012902,-2.9517e-06,5.6396e-05,-1.9516e-05,1.7699e-06,6.3895e-06,1.6097e-06,-5.9579e-07,0.0003436,0.00047045,-4.6906e-06,-4.5931e-06,1.4144e-06,3.5784e-21
-3.3832e-17,-0.072203,-0.13318,-0.064409,-0.023041,0.28975,0.54541,0.41596,0.16658,0.018524,0.011603,-0.007346,-1.2301e-05,-0.00015894,-2.6155e-05,5.5655e-06,0.0014819,0.019008,-0.00014597,-0.00024416,1.1781e-08,-8.9548e-09,-1.0653e-08,-3.7772e-09,0.0032216,0.012699,0.016713,0.013619,3.2276e-09,-5.575e-08,-1.2708e-08,-8.238e-07,8.8764e-06,1.63e-05,1.5625e-06,4.6929e-05,0.00035232,0.00016307,-1.7441e-05,1.3511,0.22959,0.0024389,7.7815e-05,1.0558e-05,-0.0002123,7.2961e-05,-7.8109e-06,-2.4753e-05,-6.2295e-06,2.0595e-06,-0.0012913,-0.0017684,4.5561e-06,-2.2128e-06,-5.7983e-06,-1.2565e-20
4.2683e-19,0.032762,0.02576,0.012458,0.0044583,-0.04256,0.67414,0.50214,0.50236,0.11072,0.0539,0.0097849,1.4266e-05,0.00020427,3.3613e-05,-7.1526e-06,0.0026248,0.024663,0.00020167,4.7144e-05,-1.5141e-08,1.1509e-08,1.3691e-08,4.8533e-09,-0.00043664,0.015593,0.029763,0.015834,-4.148e-09,7.1649e-08,1.6332e-08,1.5783e-07,-1.201e-05,-2.0949e-05,-2.0081e-06,-6.0312e-05,-0.0004528,-0.00020957,2.2415e-05,1.8765,0.16843,0.0017046,-2.3511e-05,-1.3468e-05,0.00027291,-9.3696e-05,1.0256e-05,3.1951e-05,8.0399e-06,-2.6131e-06,0.0017033,0.0023331,-3.3989e-06,6.5035e-06,7.5426e-06,1.6568e-20
1.3603e-18,0.0084575,0.0097509,0.0047159,0.0016909,-0.016072,0.093194,0.068956,0.98678,0.23542,0.17055,0.072758,2.942e-05,0.00042801,7.0428e-05,-1.4986e-05,0.00043862,0.0030493,0.00042683,1.7677e-05,-3.1723e-08,2.4113e-08,2.8685e-08,1.0169e-08,-0.00016529,0.027583,0.025992,0.0021548,-8.691e-09,1.5012e-07,3.422e-08,5.6685e-08,-2.5346e-05,-4.3893e-05,-4.2075e-06,-0.00012637,-0.00094871,-0.00043911,4.6965e-05,0.2627,0.20424,0.0029529,-2.5996e-05,-2.8188e-05,0.00057183,-0.00019629,2.1556e-05,6.6988e-05,1.6856e-05,-5.4648e-06,0.010219,0.014065,-6.3743e-06,1.474e-05,1.5831e-05,1.2119e-19
-1.0499e-18,-0.0073131,-0.0084815,-0.004102,-0.0014899,0.01375,-0.07926,-0.058661,0.47268,0.18888,0.47997,0.10984,0.0024147,-0.0024527,-0.00040359,8.588e-05,-0.00067549,0.00013965,-0.0020965,-1.4376e-05,1.8179e-07,-1.3818e-07,-1.6438e-07,-5.8271e-08,0.00014384,0.013223,0.0090493,-0.0018125,4.9804e-08,-8.6027e-07,-1.961e-07,-3.1157e-08,0.00014544,0.00025153,2.4111e-05,0.0044741,0.0089003,0.0034123,-0.00026913,-0.10765,0.39306,0.0076465,0.00012404,0.0001615,-0.0032769,0.0011248,-0.00012359,-0.00038392,-9.6603e-05,3.1305e-05,0.0055206,0.0078231,3.5727e-05,-8.5658e-05,-9.075e-05,2.8877e-20
2.4668e-19,0.0020792,0.0024113,0.0011662,0.00046104,-0.003461,0.022499,0.01671,-0.11018,0.064253,1.0768,0.15732,0.032535,0.0056393,0.00078449,-0.00016693,0.00082633,0.0035235,0.0089737,2.1314e-06,-3.5336e-07,2.686e-07,3.1952e-07,1.1327e-07,-4.1015e-05,-0.0030864,-0.0018979,0.00047712,-9.6809e-08,1.6722e-06,3.8117e-07,-2.6651e-08,-0.00028277,-0.00048892,-4.6867e-05,0.039861,0.026996,0.0046574,0.00064977,1.1952,0.43605,0.013251,0.0021185,-0.00018728,0.0064399,-0.0021864,0.00024027,0.00074628,0.00018778,-6.0848e-05,-0.0012109,-0.0020706,-6.9209e-05,0.00016686,0.00017641,2.5741e-20
2.2952e-20,0.00017307,0.00020072,9.7075e-05,5.5656e-05,-8.129e-05,0.0018566,0.001406,-0.0091089,0.0017678,1.3911,0.18495,0.24975,0.047331,0.0003743,-7.9647e-05,0.0027189,0.0029283,0.025879,-7.2492e-07,-1.6859e-07,1.2815e-07,1.5245e-07,5.4041e-08,-3.47e-06,-0.00025696,-0.00011086,2.21e-05,-4.6189e-08,7.9783e-07,1.8186e-07,-1.86e-08,-0.00013492,-0.00023327,-2.2361e-05,0.077716,0.038698,0.0002639,0.0067949,2.1975,0.59334,0.070662,0.12146,0.0063954,0.0066723,-0.0010432,0.00011464,0.00035606,8.9593e-05,-2.9031e-05,-5.6059e-05,-0.00026813,-3.3005e-05,7.9634e-05,8.4169e-05,-6.8146e-21
-2.0675e-20,-0.00042447,-0.00049227,-0.00023808,-0.00040363,-0.0029975,-0.0021187,-0.0014957,0.021381,-0.0043123,0.46752,0.061149,0.7629,0.15263,-0.0056946,0.0012118,0.001235,0.020824,0.010082,1.5727e-05,2.565e-06,-1.9497e-06,-2.3194e-06,-8.222e-07,9.3745e-06,0.00063094,-0.0004565,0.00021811,7.0273e-07,-1.2138e-05,-2.7669e-06,2.9886e-07,0.0042378,0.0057342,0.00034021,0.039316,0.027636,-0.0014584,0.020541,0.89936,2.1051,0.25982,0.48352,0.037316,-0.007022,0.015871,-0.0017441,-0.0054172,-0.0013631,0.00044169,-0.000554,0.0021381,0.0005021,-0.0012116,-0.0012806,4.4989e-20
3.6098e-20,0.00016327,0.00018931,9.1556e-05,0.0012333,0.011149,0.019048,0.020112,-0.0049679,0.0016583,-0.15798,-0.020622,0.65218,0.36921,0.026768,-0.0028576,-0.00082187,0.020142,-0.0035277,-4.3754e-05,-6.8025e-06,5.1707e-06,6.151e-06,2.1805e-06,-5.9411e-06,-0.00024463,0.0025005,-0.00081998,-1.8636e-06,3.2191e-05,7.3378e-06,-7.995e-07,0.011774,0.0072737,-0.00090223,0.031677,0.012824,0.0027567,0.025915,0.28995,5.8602,0.4273,0.53171,0.11253,0.39771,-0.028924,0.0074731,0.01935,0.0036149,-0.00081541,0.0024382,-0.0048244,-0.0013315,0.0038389,0.0038254,8.3105e-19
3.6998e-20,-1.2115e-05,-1.4026e-05,-6.7833e-06,0.0090395,0.031232,0.033876,0.033203,0.016784,-0.00012286,0.011705,0.0015278,0.046396,0.44397,0.30213,0.010951,0.00023806,-0.0011567,0.00029029,2.0347e-05,3.1424e-06,-2.3886e-06,-2.8414e-06,-1.0073e-06,1.4999e-06,1.9031e-05,0.0083775,0.00039587,8.609e-07,-1.487e-05,-3.3897e-06,3.6978e-07,0.013677,0.0014051,0.00041792,0.061441,0.0060207,-0.0012004,0.00086906,1.2919,7.3923,0.38405,0.45295,0.55093,1.7668,0.36842,0.073338,0.12541,-0.0016571,0.0099852,0.0084415,0.002198,0.00062647,0.0151,0.0098116,2.5277e-18
1.9035e-19,-2.2061e-05,-2.5326e-05,-1.2249e-05,0.021192,0.017735,0.029381,0.015521,0.027248,-0.00022186,0.021136,0.0027589,-0.032055,0.10678,0.81046,0.148,0.0022237,-0.0039025,0.00081703,0.00020992,3.2387e-05,-2.4618e-05,-2.9286e-05,-1.0381e-05,1.3438e-05,4.354e-05,0.0078976,0.0078412,8.873e-06,-0.00015326,-3.4936e-05,3.8119e-06,0.003234,-0.0019844,0.007851,0.034942,0.0043506,-0.012253,0.13987,1.7173,1.9068,0.11858,0.88862,1.3695,3.5427,1.4676,0.25091,0.30976,0.022767,0.071343,0.054442,0.10053,0.041894,0.052141,0.02403,4.5887e-18
1.4853e-19,1.23e-05,1.3332e-05,6.4478e-06,0.013278,0.0029299,0.011921,0.0013708,0.014007,0.00011679,-0.011126,-0.0014523,0.017579,-0.052463,0.52838,0.6316,-0.0062168,0.0088012,-0.0015194,-0.00075472,-0.00011642,8.849e-05,0.00010527,3.7316e-05,-4.6985e-05,-5.705e-05,0.0031987,0.0058582,-3.1894e-05,0.00055091,0.00012558,-1.3703e-05,-0.0015297,0.0084124,0.0040994,0.030658,0.012586,0.077899,1.1588,0.93301,-0.7977,0.030841,0.98797,0.8919,2.1852,1.0846,0.51042,0.39646,0.32608,0.22693,0.29026,0.39609,0.1968,0.20446,0.12656,1.8013e-17
-2.5953e-21,-3.0405e-06,-2.4114e-06,-1.1662e-06,-0.0017481,-0.00020778,-0.001429,5.7343e-07,-0.0017765,-2.1124e-05,0.0020124,0.00026268,-0.0032757,0.0094892,-0.060628,1.1577,0.036578,-0.0091069,0.0015982,0.00092245,0.0001681,-0.00010576,-0.00012581,-4.4598e-05,5.5925e-05,5.0875e-05,-0.00038016,-0.00072958,3.8118e-05,-0.00065841,-0.00015008,1.6376e-05,0.00020885,0.013309,0.0012132,0.042434,-0.00082743,0.50872,1.6848,0.002652,0.14833,0.072846,0.55308,-0.088098,-0.21001,-0.018165,0.49431,0.2768,0.46322,0.25805,0.37444,0.47663,0.25206,0.25145,0.16641,2.3276e-17
4.575e-21,-3.269e-06,-1.0654e-06,-5.1527e-07,-0.00077234,-9.1803e-05,-0.00063134,2.5335e-07,-0.0007849,-9.3329e-06,0.00088911,0.00011606,-0.0016741,0.0041924,-0.029452,1.1583,0.14281,0.071769,0.0092241,0.0060677,0.0058157,-0.00025857,-0.00030759,-0.00010904,0.00013665,0.0001182,-0.00016126,-0.0001788,9.3195e-05,-0.0016098,-0.00036694,4.0039e-05,-6.7835e-05,0.00053628,0.013631,0.026495,-0.0057642,1.0758,0.58996,0.00024102,0.067772,0.012419,0.064379,-0.046738,-0.11278,-0.041349,0.070475,0.035652,0.071359,0.038155,0.056686,0.082208,0.0569,0.037781,0.025316,2.9075e-18
8.0136e-21,1.3297e-05,8.5898e-07,4.1544e-07,0.00062271,7.4017e-05,0.00050902,-2.0427e-07,0.00063283,7.5247e-06,-0.00071685,-9.3586e-05,0.0041171,-0.0033794,0.026363,0.45132,0.13574,0.68584,0.015729,0.0045049,0.024928,0.0028927,0.0016433,0.00058253,-0.00072996,-0.00062532,9.2922e-05,-0.0006506,-0.00049789,0.011596,0.0026587,-0.00021391,0.00094118,0.011068,0.014694,0.023429,0.26901,0.70768,0.19303,0.093187,-0.04613,-0.00965,-0.049951,0.037774,0.091146,0.0337,-0.055214,-0.027803,-0.056085,-0.029938,-0.044224,-0.049358,-0.018452,-0.029665,-0.019888,-3.1412e-18
-1.4203e-20,-2.3503e-05,-2.3376e-07,-1.1305e-07,-0.00016946,-2.0142e-05,-0.00013852,5.5588e-08,-0.00017221,-2.0477e-06,0.00019508,2.549e-05,0.01418,0.00091829,0.0078027,-0.09574,0.05443,1.3253,0.16889,0.010987,0.02852,0.014668,-0.0030496,-0.001081,0.0013546,0.0012981,0.00018334,0.0016593,0.00092397,0.017514,0.0041654,0.00039696,-0.0019095,0.026094,0.0055682,-0.027959,1.48,0.22926,0.27461,0.050293,0.031167,0.0030077,0.013594,-0.010292,-0.024804,-0.0091705,0.015026,0.0075661,0.015262,0.0081471,0.011479,0.013906,0.0055433,0.0080727,0.0054121,7.6379e-19
-2.3783e-20,-1.4778e-05,-2.6036e-08,-1.2592e-08,-1.8874e-05,-2.2435e-06,-1.5429e-05,6.1914e-09,-1.9181e-05,-2.2807e-07,2.1728e-05,2.8529e-06,0.024013,0.00010145,0.023317,-0.010664,0.0021265,1.273,0.47416,0.020074,0.0087499,0.024162,-0.0019311,-0.00068454,0.00085777,0.0088058,0.0081195,0.0010913,0.00058508,0.0016298,0.0004322,0.00025137,-0.0012238,0.012316,0.0073367,0.075254,2.6531,0.30453,0.062292,0.0022753,0.025758,0.00060675,0.0015147,-0.0011537,-0.0027626,-0.0010213,0.0016739,0.00084271,0.0016999,0.00090743,0.00093861,0.0016532,0.00061742,0.00089914,0.0006028,-3.1849e-19
-2.2765e-20,0.00017946,5.0526e-08,2.4436e-08,3.6628e-05,4.3537e-06,2.9941e-05,-1.2015e-08,3.7223e-05,4.4261e-07,-4.2165e-05,-5.7072e-06,0.0089455,-0.00018665,0.010295,0.020694,-0.0040962,0.44451,0.67119,0.029529,0.0035346,0.0074813,0.023481,0.0083236,-0.01043,0.016983,0.026565,-0.013357,-0.0018712,-0.010201,-0.0030135,-0.0030564,0.014912,-0.010459,0.023015,0.80541,1.2408,0.13896,-0.0038402,-0.004791,0.0055571,-0.00039006,-0.002947,0.0023303,0.0053612,0.0019799,-0.0032517,-0.0016353,-0.0032989,-0.001761,0.0050147,-0.0045015,-0.0011982,-0.0017449,-0.0011698,-3.5495e-19
1.4236e-19,-0.00045746,-1.8682e-08,-9.0353e-09,-1.3543e-05,-1.6098e-06,-1.1071e-05,4.4426e-09,-1.3763e-05,-1.6365e-07,1.5591e-05,2.5533e-06,-0.0029016,4.2472e-05,-0.0034007,-0.0076516,0.0015145,-0.037268,0.76929,0.29379,-0.0079944,0.00068672,-0.059868,-0.021222,0.026593,0.0032708,-0.007728,0.04116,0.068182,0.026833,0.0075641,0.0085973,-0.037631,0.095241,-0.04625,1.604,0.12389,-0.025526,0.040675,0.0032154,-0.0016487,-5.0838e-05,0.0011091,-0.0010988,-0.0019823,-0.00072696,0.001211,0.00060444,0.0012197,0.00065112,0.0090053,0.0054617,0.00044303,0.00064517,0.00043253,4.3521e-20
2.5723e-19,0.00016159,1.0676e-09,5.1631e-10,7.7391e-07,9.1989e-08,6.3262e-07,-2.5387e-10,7.8649e-07,9.3518e-09,-8.9091e-07,-2.9904e-07,0.00016583,6.7461e-06,0.00019433,0.00043724,-8.6547e-05,0.079738,0.718,0.93631,0.011945,-0.0010923,0.021112,0.0074842,-0.0093768,0.001891,0.0069895,0.18972,0.22438,0.12906,0.02063,0.020219,0.024896,-0.016217,0.16989,1.5815,0.39647,0.014015,0.068356,0.010962,9.4219e-05,7.2113e-05,-7.0089e-05,0.00014525,0.00011328,3.9779e-05,-7.2219e-05,-3.4469e-05,-6.9692e-05,-3.7207e-05,1.7815e-05,0.011187,-2.5316e-05,-3.6868e-05,-2.4717e-05,1.2021e-19
-2.2247e-19,0.004272,2.6492e-09,1.2813e-09,1.9205e-06,2.2828e-07,1.5699e-06,-6.2999e-10,1.9517e-06,2.3208e-08,-2.2108e-06,-2.8998e-06,0.00041183,0.00014599,0.00048224,0.001085,-0.00021477,0.033874,0.41623,1.5911,0.28402,-0.017548,0.30566,0.11116,-0.12976,0.060355,0.15269,0.33412,0.32156,0.22909,0.035446,0.029347,0.2255,-0.32434,1.0361,0.47861,0.16626,0.084327,0.065866,0.024765,0.00023389,0.0011541,-0.00026851,0.0048945,0.00028111,7.3871e-05,-0.00022171,-8.4538e-05,-0.00017282,-9.2333e-05,-0.00074757,0.0030691,-6.2824e-05,-9.149e-05,-6.1336e-05,-4.3143e-21
-3.3593e-19,0.0033477,-1.3325e-09,-6.4447e-10,-9.66e-07,-1.1483e-07,-7.8966e-07,3.1688e-10,-9.8171e-07,-1.1674e-08,1.1119e-06,9.1356e-06,-0.00020823,-0.0005333,-0.00024256,-0.00054577,0.00010803,-0.016354,0.12068,1.1288,1.2375,0.10255,-0.97963,-0.33393,0.49903,0.081344,-0.077213,0.28351,0.051913,0.12418,0.15799,0.19024,-0.64506,1.8223,1.2561,-0.014711,-0.033081,0.18085,0.070062,0.016921,-0.00011792,-0.0040501,0.00054693,0.016206,-0.00014139,5.1233e-05,0.00026271,3.8962e-05,8.6487e-05,4.6443e-05,0.00037933,-0.0014407,3.16e-05,4.6019e-05,3.0852e-05,-1.4568e-20
-3.2234e-19,-0.0004145,2.2395e-10,1.0831e-10,1.6235e-07,1.9301e-08,1.3272e-07,-5.3256e-11,1.6499e-07,1.9628e-09,-1.8672e-07,-9.9483e-06,3.6183e-05,0.00061861,4.0766e-05,9.1725e-05,-1.8152e-05,0.0027484,-0.011567,0.18601,1.548,0.6473,1.781,0.58421,-0.29205,0.32783,0.46751,0.029466,0.098979,-0.0027095,0.15329,0.34602,0.81995,3.7548,0.82153,0.16405,0.0067619,0.18623,0.074663,0.0013989,2.0125e-05,0.0046684,0.00086342,0.018922,2.3763e-05,-0.00010547,-0.00020984,-2.6468e-06,-1.4051e-05,-7.8054e-06,-6.3751e-05,0.00024213,-5.3108e-06,-7.7341e-06,-5.1851e-06,-1.5435e-21
-3.7195e-20,-0.00021378,1.155e-10,5.5862e-11,8.3731e-08,9.9633e-09,6.847e-08,-2.7467e-11,8.5093e-08,1.0147e-09,-9.5892e-08,-2.8357e-05,2.194e-05,0.0076353,2.1025e-05,4.7308e-05,-9.3531e-06,0.0014174,-0.0059656,-0.0069743,0.25238,1.3271,10.554,7.0302,-0.50943,1.4894,2.4525,0.19555,1.366,0.63625,0.08479,0.29808,6.7641,2.0662,0.55192,0.1125,0.0060552,0.033555,0.052455,0.0046105,1.1226e-05,0.05683,0.00014536,0.0030428,1.2256e-05,-0.00032181,-0.00056565,9.4054e-06,-5.9106e-06,-4.0256e-06,-3.2879e-05,0.00012488,-2.739e-06,-3.9888e-06,-2.6742e-06,1.1156e-21
2.0035e-20,0.00016076,-8.6857e-11,-4.2007e-11,-6.2965e-08,-7.5377e-09,-5.1594e-08,2.0655e-11,-6.3989e-08,-7.7542e-10,6.999e-08,0.000142,-3.3534e-05,0.019188,-1.5811e-05,-3.5579e-05,6.9879e-06,-0.0010655,0.0044874,0.0063315,-0.18402,0.70003,9.2048,21.419,12.506,4.1254,2.8772,1.9804,3.3003,3.0442,1.0299,0.28071,9.1929,0.85687,0.42409,0.066954,0.013378,-0.015826,0.017157,0.0034688,-1.2839e-05,0.14078,-0.00010614,-0.0022172,-9.2188e-06,0.0023164,0.0045301,-6.3033e-05,-2.4985e-06,3.0272e-06,2.4725e-05,-9.3906e-05,2.0597e-06,2.9996e-06,2.011e-06,-8.4034e-22
2.889e-20,-4.1807e-05,2.2588e-11,1.0925e-11,1.6375e-08,2.0408e-09,1.3604e-08,-5.3715e-12,1.6641e-08,2.236e-10,-1.444e-08,-0.00025108,3.8952e-05,0.017611,4.1118e-06,9.2608e-06,-1.7364e-06,0.00027643,-0.0011692,-0.0016466,0.047854,-0.1094,4.8746,26.016,19.242,5.0895,1.5548,2.3263,3.1039,4.3585,1.9798,0.22467,5.786,0.52668,0.29399,0.048156,0.021276,0.011227,-0.0033345,-0.00075663,1.1141e-05,0.12845,2.7602e-05,0.00057662,2.4012e-06,0.0051977,0.015582,0.0001157,1.2971e-05,-7.8726e-07,-6.43e-06,2.4421e-05,-5.3566e-07,-7.8007e-07,-5.2297e-07,-1.8911e-22
1.0893e-20,-5.9354e-06,3.2069e-12,1.551e-12,2.3248e-09,3.5201e-10,2.0758e-09,-7.6261e-13,2.3626e-09,4.8711e-11,8.5899e-10,-0.00020123,2.8905e-05,0.0011524,5.8376e-07,1.321e-06,-1.8396e-07,3.8724e-05,-0.00016769,-0.00023378,0.0067921,-0.017794,5.4084,13.011,7.9572,2.7992,0.089838,0.15927,0.57147,2.7776,1.7668,0.06186,0.42628,0.11656,0.18023,0.043115,0.021296,0.010573,-0.00051609,-0.00010742,7.615e-06,0.0083713,3.9188e-06,8.1864e-05,3.4382e-07,0.0047876,0.022069,9.3212e-05,1.1369e-05,-1.1177e-07,-9.1289e-07,3.4672e-06,-7.6049e-08,-1.1075e-07,-7.4248e-08,-3.5057e-22
1.0974e-21,9.5792e-06,-5.1756e-12,-2.5031e-12,-3.752e-09,-1.2184e-09,-4.857e-09,1.2308e-12,-3.813e-09,-2.5579e-10,-3.1764e-08,0.0042229,-0.00029075,-0.0018479,-9.4212e-07,-2.1964e-06,-3.5639e-07,-5.7053e-05,0.00028837,0.00037735,-0.010943,0.028759,2.0506,2.682,1.3003,0.62031,-0.14091,-0.16256,0.059047,0.94069,0.81986,0.017048,-0.56059,0.18293,0.27925,0.20513,0.062559,0.011926,0.0012786,0.00017337,-7.5293e-05,-0.013202,-6.3245e-06,-0.00013212,-5.8528e-07,0.0014935,0.008115,-0.00095228,-0.00011784,1.8038e-07,1.4733e-06,-5.5956e-06,1.2273e-07,1.7874e-07,1.1983e-07,-1.9368e-22
6.2632e-22,-3.4056e-06,1.84e-12,8.8991e-13,1.3339e-09,2.0513e-09,5.4769e-09,-4.3756e-13,1.3556e-09,5.3184e-10,8.6889e-08,0.013577,0.00078495,0.00065697,3.3494e-07,9.4128e-07,1.7524e-06,6.7393e-06,-0.00014666,-0.00013429,0.0038442,-0.010275,-0.60868,-0.39008,0.28814,-0.083289,0.094293,0.17757,0.28219,0.086224,0.094846,0.32965,0.45175,0.73287,0.39024,0.27978,0.078583,0.0042705,-0.0015637,-6.1635e-05,0.00018355,0.0041428,2.2485e-06,4.6967e-05,2.8373e-07,-0.00044789,-0.0025034,0.0025775,0.00043635,-6.4131e-08,-5.2379e-07,1.9894e-06,-4.3635e-08,-6.3545e-08,-4.2601e-08,7.9639e-23
2.1782e-22,1.3365e-07,-7.2209e-14,-3.4923e-14,-5.2347e-11,-4.5954e-10,-1.0934e-09,1.7172e-14,-5.3198e-11,-1.2415e-10,-2.1118e-08,0.017422,0.0021188,-2.5782e-05,-1.3144e-08,-7.4517e-08,-4.4958e-07,2.9082e-06,1.6095e-05,5.3014e-06,-0.00014,0.00041516,0.045483,0.26017,0.28031,0.070981,0.0028265,0.36786,0.4013,0.25762,0.31818,0.7572,1.0849,1.2688,0.38021,0.16816,0.045062,0.00060656,0.0003215,2.4188e-06,-4.3929e-05,-3.3317e-05,-8.8239e-08,-1.8421e-06,-2.8854e-08,1.7579e-05,0.00010116,0.0069601,0.0044657,2.5167e-09,2.0555e-08,-7.807e-08,1.7124e-09,2.4937e-09,1.6718e-09,-5.2617e-22
-2.4539e-23,5.1131e-07,-2.7626e-13,-1.3361e-13,-2.0027e-10,-1.011e-08,-2.3538e-08,6.5695e-14,-2.0353e-10,-2.7505e-09,-4.7095e-07,0.0046669,0.0006414,-9.8636e-05,-5.0288e-08,-1.1131e-06,-1.011e-05,8.103e-05,0.00028939,2.0975e-05,-0.00029642,0.0018511,0.15801,0.36768,0.23922,-0.055166,-0.15699,1.399,1.4988,0.92628,1.469,0.91258,1.8399,1.246,0.32342,0.065989,0.017615,0.040748,0.014439,9.2538e-06,-0.00097724,0.0075381,-3.3758e-07,-7.0253e-06,-5.0081e-07,6.7301e-05,0.00045136,0.0021071,0.011965,9.6284e-09,7.8641e-08,-2.9868e-07,6.5513e-09,9.5405e-09,6.3961e-09,-2.3936e-21
2.7918e-23,-2.4612e-07,1.3298e-13,6.4315e-14,9.6402e-11,3.3312e-08,7.7253e-08,-3.1623e-14,9.7969e-11,9.0745e-09,1.5556e-06,-0.0020685,-0.00028735,4.748e-05,2.4207e-08,3.3559e-06,3.3445e-05,-0.0002771,-0.00091524,-1.2457e-05,-0.00067204,-0.0017859,0.045241,0.34994,1.0702,0.81454,0.74182,1.451,1.9077,1.7389,2.3048,1.6122,1.7721,0.97903,0.22736,0.04921,0.011762,0.095353,0.023476,-4.4544e-06,0.0042105,0.019455,1.625e-07,3.3058e-06,1.5709e-06,-3.2559e-05,-0.0004364,-0.00094401,0.008122,-4.6348e-09,-3.7855e-08,1.4377e-07,-3.1535e-09,-4.5924e-09,-3.0788e-09,-1.6824e-21
2.463e-23,3.8134e-08,-2.0603e-14,-9.9647e-15,-1.4936e-11,-3.367e-08,-7.8038e-08,4.8996e-15,-1.5179e-11,-9.1736e-09,-1.5728e-06,0.00032016,4.4522e-05,-7.3563e-06,-3.7505e-09,-3.3463e-06,-3.3823e-05,0.00028867,0.00094347,4.2955e-06,0.00093433,0.0011976,0.08189,0.43919,2.1687,1.8878,1.7273,0.8902,1.4222,1.7953,1.9879,1.9515,1.0259,0.62195,0.15619,0.06213,0.011801,0.093488,0.017622,6.9015e-07,0.014929,0.018997,-2.5177e-08,-4.3611e-07,-1.5761e-06,5.2075e-06,0.00030085,0.00014626,-0.00088766,7.1809e-10,5.8651e-09,-2.2276e-08,4.8859e-10,7.1153e-10,4.7702e-10,1.4131e-22
5.3138e-24,2.302e-08,-1.2438e-14,-6.0153e-15,-9.0165e-12,-1.1275e-07,-2.6132e-07,2.9577e-15,-9.163e-12,-3.0722e-08,-5.2675e-06,0.00019221,2.6876e-05,-4.4408e-06,-2.264e-09,-1.1184e-05,-0.00011328,0.0031189,0.010422,1.0262e-05,0.0073864,0.010962,0.044343,0.33808,2.4157,2.5678,1.7741,1.1524,0.97931,0.70452,0.83218,0.88454,0.49725,0.21424,0.15816,0.033813,0.0017437,0.015245,0.0028765,4.1662e-07,0.021115,0.0034118,-1.5199e-08,-1.6593e-08,-5.2723e-06,3.6721e-06,0.0050516,8.8293e-05,-0.00053585,4.3349e-10,3.5406e-09,-1.3447e-08,2.9495e-10,4.2953e-10,2.8796e-10,-1.3573e-23
5.6354e-25,-1.623e-08,8.7688e-15,4.241e-15,6.3568e-12,5.3216e-07,1.2333e-06,-2.0853e-15,6.4602e-12,1.45e-07,2.4861e-05,-0.00013034,-1.8948e-05,3.1308e-06,1.5962e-09,5.2762e-05,0.00091622,0.0062969,0.01998,-4.4796e-05,0.0028501,0.017706,0.02115,0.59826,2.7221,6.5854,3.5667,1.2244,0.49346,0.19046,0.45053,0.39807,0.2321,0.11279,0.12501,0.029992,0.0020774,-0.0078765,-0.0028186,-2.9373e-07,0.0099055,-0.001947,1.0715e-08,-1.1964e-06,2.4879e-05,-5.1772e-06,0.016648,-6.2249e-05,0.00037779,-3.0562e-10,-2.4962e-09,9.4805e-09,-2.0795e-10,-3.0283e-10,-2.0302e-10,-3.3308e-22
2.5758e-25,4.0258e-09,-2.1751e-15,-1.052e-15,-1.5768e-12,-8.9456e-07,-2.0731e-06,5.1725e-16,-1.6024e-12,-2.4374e-07,-4.1791e-05,2.361e-05,4.7001e-06,-7.766e-07,-3.9594e-10,-8.8688e-05,0.003916,0.011864,0.016373,7.4385e-05,0.0018447,0.020415,0.016537,0.32704,2.2796,10.022,7.2385,1.4517,0.54,0.55793,0.60717,0.4036,0.16385,0.18771,0.081936,0.031898,0.023364,0.018746,0.0022477,7.2859e-08,-0.0019051,0.00049131,-2.6579e-09,2.3318e-06,-4.1819e-05,5.6444e-06,0.017051,1.5441e-05,-9.371e-05,7.5809e-11,6.1917e-10,-2.3516e-09,5.1581e-11,7.5116e-11,5.0359e-11,-2.2479e-22
1.2765e-24,7.0617e-10,-3.8154e-16,-1.8453e-16,-2.7659e-13,-8.806e-07,-2.0408e-06,9.0733e-17,-2.8109e-13,-2.3993e-07,-4.1139e-05,-4.1338e-06,8.2447e-07,-1.3623e-07,-6.9453e-11,-8.7303e-05,0.010123,0.015901,0.0012292,7.3096e-05,0.014033,0.026335,0.0011654,-0.10659,1.6407,8.4925,9.3449,2.1715,1.2315,1.0725,0.61592,0.26462,0.21794,0.20359,0.078514,0.0098477,0.046112,0.036885,0.0078366,1.278e-08,-0.00033417,8.6182e-05,-4.6624e-10,2.3403e-06,-4.1166e-05,5.128e-06,0.0013591,2.7085e-06,-1.6438e-05,1.3298e-11,1.0861e-10,-4.1251e-10,9.048e-12,1.3176e-11,8.8337e-12,-4.8986e-24
-2.3258e-24,-9.7937e-10,5.2915e-16,2.5592e-16,3.836e-13,7.791e-06,1.8056e-05,-1.2584e-16,3.8983e-13,2.1228e-06,0.00036397,8.086e-05,-1.1434e-06,1.8893e-07,9.6322e-11,0.0011253,0.018908,0.0060169,-0.0016889,-0.00064651,0.017002,0.040001,0.0038966,2.0924,4.1499,4.2902,5.208,2.3183,1.3969,0.97208,0.70593,0.4498,0.28184,0.19772,0.071905,0.00010327,0.028597,0.039888,0.0034116,-1.7725e-08,0.00046345,-0.00011952,6.4661e-10,-2.0779e-05,0.00036422,-4.4677e-05,-0.0019672,-3.7564e-06,2.2797e-05,-1.8442e-11,-1.5063e-10,5.7209e-10,-1.2548e-11,-1.8274e-11,-1.2251e-11,2.785e-23
2.6432e-23,3.3474e-10,-1.8086e-16,-8.7471e-17,-1.3111e-13,-1.8342e-05,-4.2507e-05,4.3039e-17,-1.3324e-13,-4.9976e-06,-0.00085687,-0.00020693,3.9081e-07,-6.4574e-08,-3.2922e-11,0.0012422,0.014276,-0.0017557,0.00057727,0.0017189,0.013683,0.02616,0.038966,4.1477,6.5675,1.2186,0.89736,1.4422,0.87747,0.45892,0.49321,0.40271,0.19034,0.1151,0.038516,0.00011194,0.0048155,0.022618,-0.0010129,6.0582e-09,-0.0001584,4.0852e-05,-2.2101e-10,4.8945e-05,-0.00085745,0.00010492,0.00090683,1.2839e-06,-7.7919e-06,6.3034e-12,5.1484e-11,-1.9554e-10,4.2889e-12,6.2459e-12,4.1873e-12,-6.6916e-24
1.532e-23,-6.7781e-12,3.6622e-18,1.7711e-18,2.6548e-15,2.2399e-06,5.191e-06,-8.5235e-19,2.698e-15,6.1031e-07,0.00010467,2.5564e-05,-7.9136e-09,1.3076e-09,6.6663e-13,-1.526e-05,-0.00016428,3.555e-05,-1.1689e-05,0.006419,0.014612,-7.1383e-05,0.0075203,3.4654,6.7851,0.56305,0.12877,0.25541,0.20545,0.033188,0.046925,0.026555,0.0091202,-0.0012438,-0.00040551,-2.2667e-06,-1.4264e-05,-0.00024203,2.0511e-05,-1.2267e-10,3.2075e-06,-8.2721e-07,4.4751e-12,-5.9777e-06,0.00010474,-1.2808e-05,-4.6301e-05,-2.5997e-08,1.5778e-07,-1.2764e-13,-1.0425e-12,3.9594e-12,-8.6846e-14,-1.2647e-13,-8.4789e-14,1.468e-24
-6.4673e-23,-5.3166e-11,2.8724e-17,1.3895e-17,2.0824e-14,0.00010332,0.00023945,-7.1021e-18,2.1164e-14,2.8152e-05,0.010164,0.0023805,-6.2072e-08,1.0256e-08,5.2289e-12,-0.00011969,-0.0012885,0.00027885,-9.1686e-05,0.0072691,0.02037,0.0090194,-0.098793,1.0085,6.0449,0.57875,0.049797,-0.011723,6.6628e-05,-0.019674,-0.0097419,-0.026392,-0.01271,-0.0097561,-0.0031807,-1.7779e-05,-0.00011188,-0.0018984,0.00016088,-9.6221e-10,2.5159e-05,-6.4884e-06,3.5102e-11,-0.00027574,0.010167,-0.00059079,-0.0016454,-2.0392e-07,1.2376e-06,-1.0012e-12,-8.1771e-12,3.1057e-11,-6.812e-13,-9.9202e-13,-6.6506e-13,3.9937e-24
4.5615e-22,2.4523e-11,-1.3244e-17,-6.4305e-18,-9.6051e-15,-0.00032746,-0.00075888,2.4357e-18,-9.7587e-15,-8.9221e-05,0.019326,0.0039849,2.8631e-08,-4.7306e-09,-2.4118e-12,5.5208e-05,0.00059434,-0.00012862,4.229e-05,0.0041017,0.008529,-0.035416,0.42366,1.0136,3.0161,0.33591,0.0071337,0.028438,0.010966,0.013797,0.025711,0.012442,0.0059321,0.0045,0.0014671,8.2007e-06,5.1604e-05,0.00087564,-7.4208e-05,4.4382e-10,-1.1605e-05,2.9928e-06,-1.6191e-11,0.0010202,0.019313,0.0021858,0.0059865,9.4057e-08,-5.7083e-07,4.6178e-13,3.7717e-12,-1.4325e-11,3.142e-13,4.5757e-13,3.0676e-13,-9.7813e-23
4.3955e-22,-3.4683e-12,1.8703e-18,9.1887e-19,1.3586e-15,0.00030635,0.00070763,-1.0673e-18,1.3828e-15,8.1769e-05,0.016655,0.0030017,-4.0493e-09,6.6906e-10,3.4111e-13,-7.8081e-06,-8.4059e-05,1.8191e-05,-5.9812e-06,-0.00073226,0.0017114,0.03387,1.1052,2.6936,-0.030765,-0.0030693,0.0033615,-0.0031682,0.016489,-0.0020999,-0.0033287,-0.0016906,-0.00078957,-0.00063645,-0.0002075,-1.1598e-06,-7.2985e-06,-0.00012384,1.0495e-05,-6.277e-11,1.6413e-06,-4.2327e-07,2.2899e-12,0.0020667,0.016664,0.0044279,0.015982,-1.3303e-08,8.0734e-08,-6.5311e-14,-5.3343e-13,2.026e-12,-4.4438e-14,-6.4715e-14,-4.3386e-14,-2.3641e-22
-4.0376e-21,-2.4642e-12,1.2678e-18,9.0463e-19,9.6631e-16,0.0037314,0.0076918,-3.3833e-19,9.812e-16,0.00032321,0.0027936,0.00046041,-2.877e-09,4.7537e-10,2.4236e-13,-5.5477e-06,-5.9724e-05,1.2924e-05,-4.2496e-06,-0.0018107,0.010346,0.34049,1.1655,2.6291,0.031785,0.041518,0.039358,0.0008708,0.0031667,-0.0024673,-0.0032408,-0.00093607,-0.00037152,-0.00045219,-0.00014743,-8.2406e-07,-5.1856e-06,-8.7991e-05,7.4569e-06,-4.4598e-11,1.1661e-06,-3.0073e-07,1.627e-12,0.00041857,0.0028345,0.0008968,0.014217,-9.4515e-09,5.7361e-08,-4.6403e-14,-3.79e-13,1.4395e-12,-3.1573e-14,-4.598e-14,-3.0826e-14,-2.0221e-22
-1.2173e-20,1.6358e-12,-1.0286e-18,1.3099e-19,-6.3917e-16,0.0071033,0.011266,1.8414e-19,-6.5116e-16,-0.0014429,-0.0016122,-0.00018553,1.9098e-09,-3.1556e-10,-1.6088e-13,3.6827e-06,3.9646e-05,-8.5795e-06,2.821e-06,0.0071806,-0.049171,0.42592,1.5394,2.1801,0.22777,0.069097,0.037754,0.0038344,-0.0020207,0.0081985,0.007977,-0.00060688,-0.0006312,0.00030018,9.7864e-05,5.4703e-07,3.4423e-06,5.841e-05,-4.9501e-06,2.9605e-11,-7.7409e-07,1.9963e-07,-1.08e-12,-0.00026786,-0.0017958,-0.00057389,0.0052655,6.2741e-09,-3.8078e-08,3.0804e-14,2.5159e-13,-9.5555e-13,2.0959e-14,3.0522e-14,2.0463e-14,-7.5932e-23
-1.1907e-20,-3.859e-13,3.2135e-20,5.4971e-19,1.5204e-16,0.0058564,0.0075637,2.8158e-20,1.5349e-16,0.0024379,0.00017,-0.00012272,-4.5054e-10,7.4444e-11,3.7954e-14,-8.6877e-07,-9.3528e-06,2.024e-06,-6.655e-07,-0.01123,0.083122,0.79143,1.4161,1.3745,-0.020897,0.017413,0.011007,-0.00080092,0.00047669,0.017923,0.015068,0.0022406,0.0016457,-7.0814e-05,-2.3087e-05,-1.2905e-07,-8.1207e-07,-1.378e-05,1.1678e-06,-6.9841e-12,1.8262e-07,-4.7096e-08,2.5478e-13,6.319e-05,0.00042365,0.00013538,-0.00089847,-1.4801e-09,8.9828e-09,-7.2669e-15,-5.9353e-14,2.2542e-13,-4.9444e-15,-7.2005e-15,-4.8273e-15,1.3485e-23
-2.8418e-21,-8.1635e-14,2.8133e-20,6.8394e-20,3.2022e-17,0.00050479,0.0006118,1.5152e-18,3.2052e-17,0.014559,0.003093,-0.0002162,-9.531e-11,1.5748e-11,8.0289e-15,-1.8378e-07,-1.9785e-06,4.2816e-07,-1.4078e-07,-0.013272,0.44017,1.4641,0.339,0.14454,-0.0071345,0.0039983,0.00047862,-0.00016943,0.00010084,0.018293,0.014505,0.014517,0.010192,-1.498e-05,-4.8839e-06,-2.73e-08,-1.7179e-07,-2.915e-06,2.4703e-07,-1.4774e-12,3.8631e-08,-9.9627e-09,5.3898e-14,1.3367e-05,8.9621e-05,2.864e-05,-0.00019006,-3.1311e-10,1.9003e-09,-1.5373e-15,-1.2556e-14,4.7687e-14,-1.046e-15,-1.5232e-15,-1.0212e-15,2.3106e-24
4.1736e-22,9.7506e-14,-4.0775e-20,-6.7664e-20,-3.8316e-17,-0.00059554,-0.00072079,2.0319e-18,-3.7069e-17,0.020242,0.017914,0.002526,1.1384e-10,-1.881e-11,-9.5901e-15,2.1952e-07,2.3632e-06,-5.1141e-07,1.6815e-07,0.14575,0.43754,1.0249,0.025902,-0.085712,0.008549,0.0011728,-0.00055303,0.00020237,-0.00012045,0.0062404,0.0048447,0.02029,0.01367,1.7893e-05,5.8335e-06,3.2607e-08,2.0519e-07,3.4817e-06,-2.9506e-07,1.7647e-12,-4.6142e-08,1.19e-08,-6.4377e-14,-1.5966e-05,-0.00010705,-3.4208e-05,0.00022702,3.7399e-10,-2.2697e-09,1.8361e-15,1.4997e-14,-5.6958e-14,1.2493e-15,1.8194e-15,1.2197e-15,-3.3616e-24
-4.8545e-22,-2.7317e-14,9.1818e-21,2.7876e-20,1.0687e-17,0.00016685,0.00020193,9.992e-19,1.2874e-17,0.01096,0.015197,0.0025027,-3.1893e-11,5.2697e-12,2.6864e-15,-6.1499e-08,-6.6207e-07,1.4328e-07,-4.7109e-08,0.14305,0.16871,0.24645,0.078501,0.05738,-0.0023951,-0.00026462,0.00015494,-5.6696e-05,3.3744e-05,-0.0014449,-0.0011178,0.010945,0.0071668,-5.0128e-06,-1.6343e-06,-9.1352e-09,-5.7485e-08,-9.7543e-07,8.2664e-08,-4.944e-13,1.2927e-08,-3.3338e-09,1.8036e-14,4.4731e-06,2.999e-05,9.5837e-06,-6.3601e-05,-1.0478e-10,6.3588e-10,-5.1441e-16,-4.2015e-15,1.5957e-14,-3.5001e-16,-5.0971e-16,-3.4172e-16,7.2168e-25
-1.9247e-22,-3.5897e-22,-1.2365e-21,-1.9491e-21,3.874e-21,-1.737e-19,-2.6222e-19,-1.0939e-20,-6.4564e-20,2.8673e-18,3.7354e-18,-1.9918e-19,-1.4173e-20,-1.1522e-20,-1.2514e-20,-1.4717e-19,-1.3767e-19,-8.0596e-19,-5.078e-18,1.7607e-17,5.3156e-17,1.8254e-16,-2.6237e-17,-4.4999e-17,3.3122e-18,4.0853e-19,-2.5727e-19,6.4161e-20,-6.0368e-20,1.6414e-18,1.685e-18,2.0681e-18,2.5283e-18,8.3357e-20,-1.525e-20,-2.0644e-21,-1.1765e-21,1.2566e-21,3.7706e-22,1.7142e-22,-7.5189e-24,4.7734e-23,-2.1628e-22,-4.6893e-21,-3.9028e-20,-1.5834e-20,9.1079e-20,-6.1735e-21,-2.6652e-21,-8.4456e-22,-1.5727e-23,-5.8748e-24,1.4438e-24,8.6945e-25,-6.0954e-25,-1.7667e-25
