Date,Tragelaphus.sylvaticus,Kobus.ellipsiprymnus,Redunca.arundinum,Phacochoerus.africanus,Ourebia.ourebi,Tragelaphus.angasii,Aepyceros.melampus,Thryonomys.swinderianus,Neotragus.moschatus,Civettictis.civetta,Hippotragus.niger,Syncerus.caffer,Sylvicapra.grimmia,Tragelaphus.strepsiceros,Leptailurus.serval,Connochaetes.taurinus,Loxodonta.africana
Before cyclone,0.039206531,0.105476455,0.052222492,0,0.180607652,0.538950244,0.037837003,0,0.014387464,0.010422257,0.005555857,0,0,0.015334045,0,0,0
Before cyclone,0.00741878,0.016762006,0.51094924,0,0.006279388,0,0.433110924,0,0.014864542,0.010615121,0,0,0,0,0,0,0
Before cyclone,0.197768403,0.023040847,0.077138466,0.035385617,0,0.412065991,0.063033271,0,0.112217508,0,0,0.019299264,0.060050633,0,0,0,0
Before cyclone,0.78189734,0.102112519,0.05179941,0.017200765,0,0,0,0,0.015868826,0,0.031121141,0,0,0,0,0,0
Before cyclone,0.077801642,0,0.265336104,0.168455188,0.184881564,0,0,0.078391603,0.113072079,0,0,0,0,0,0.112061819,0,0
Before cyclone,0.28927691,0.006944343,0.635201429,0,0.006204064,0.004132322,0,0,0.03893942,0,0.019301512,0,0,0,0,0,0
Before cyclone,0.832343707,0.049480337,0.009009738,0,0,0.02676301,0.048617061,0,0.033786146,0,0,0,0,0,0,0,0
Before cyclone,0.956551195,0.021666408,0.007057492,0,0,0,0,0,0,0,0,0,0,0.014724905,0,0,0
Before cyclone,0.83719451,0.13965532,0.02315017,0,0,0,0,0,0,0,0,0,0,0,0,0,0
Before cyclone,0.089487555,0.014624434,0.033576127,0,0,0.017836567,0.735582809,0,0.034054507,0,0,0,0,0.055106483,0,0,0.019731518
Before cyclone,0.305169344,0.059984774,0.538853006,0.033271852,0.021875441,0.007866427,0,0,0.021809918,0,0,0,0,0,0.011169237,0,0
Before cyclone,0.216695478,0.118873355,0.097175323,0.051623848,0.041836629,0.194707142,0.075132383,0,0.114998338,0.067558508,0,0,0,0,0.021398996,0,0
Before cyclone,0.050467784,0.05245115,0.076296686,0.179454268,0.641330113,0,0,0,0,0,0,0,0,0,0,0,0
Before cyclone,0,0,0,0,0,0,0,0.02471748,0.015921285,0.959361235,0,0,0,0,0,0,0
Before cyclone,0.019999125,0,0,0.02651759,0.062058743,0.795024593,0,0,0.039024334,0,0,0,0,0.057375615,0,0,0
Before cyclone,0.610679625,0,0.042649648,0.058733963,0,0.07609729,0,0,0.038619302,0,0,0,0,0.173220173,0,0,0
Before cyclone,0.234564393,0.120649179,0.376885819,0,0.065103234,0.123812289,0,0,0.078985086,0,0,0,0,0,0,0,0
Before cyclone,0,0.043671319,0.03127548,0,0.849342785,0,0.014716982,0,0.016126834,0.021087189,0.023779412,0,0,0,0,0,0
Before cyclone,0.215497493,0.283343846,0.405763421,0,0.095395239,0,0,0,0,0,0,0,0,0,0,0,0
Before cyclone,0.570327062,0.13048487,0.254102803,0,0.037236325,0,0.00784894,0,0,0,0,0,0,0,0,0,0
Before cyclone,0.051363594,0.022682593,0.107907641,0.618030828,0.055901458,0,0,0,0.081968223,0.020603308,0.030429929,0,0.011112427,0,0,0,0
Before cyclone,0.266625811,0.06721017,0.007771221,0.070826932,0.08671352,0,0.335544551,0,0.09632952,0,0,0,0.042080258,0,0,0,0.026898018
Before cyclone,0.022867026,0.076793351,0.519183133,0,0.327446281,0,0.025974882,0,0.007205573,0.010171776,0.010357978,0,0,0,0,0,0
1-3 mo. after cyclone,0.09694196,0.797369647,0.059025046,0,0.023335956,0,0.023327392,0,0,0,0,0,0,0,0,0,0
1-3 mo. after cyclone,0.290140281,0.403176553,0.148424215,0.020201439,0.017011423,0.075043012,0.021444863,0,0.024558213,0,0,0,0,0,0,0,0
1-3 mo. after cyclone,0.021223684,0.667943351,0.057936255,0,0,0,0,0,0.011733912,0,0,0,0,0,0,0.241162798,0
1-3 mo. after cyclone,0.071136528,0.052830933,0.862268176,0,0.013764363,0,0,0,0,0,0,0,0,0,0,0,0
1-3 mo. after cyclone,0.135987713,0.505609138,0.089050054,0,0.007236368,0.088164265,0.173952464,0,0,0,0,0,0,0,0,0,0
4-9 mo. after cyclone,0.129317488,0.163750558,0.484694633,0,0.013594221,0.020142877,0.188500223,0,0,0,0,0,0,0,0,0,0
4-9 mo. after cyclone,0.307521737,0.088352303,0.283946285,0,0.016394559,0,0.273713975,0,0.011895483,0.018175657,0,0,0,0,0,0,0
4-9 mo. after cyclone,0.025819858,0.042769762,0.011415665,0.3295898,0.004840133,0.009102925,0.003657866,0,0.007908408,0.006211619,0.254370603,0,0,0.300569828,0.003743534,0,0
4-9 mo. after cyclone,0.066962522,0.013728226,0.369469515,0.066647239,0.051825059,0.015218037,0.096164653,0,0.245512843,0,0.037290605,0.037181302,0,0,0,0,0
4-9 mo. after cyclone,0.333655203,0.00950599,0.460879096,0.044598718,0,0,0.009567308,0.008738532,0.051334874,0.022668264,0,0.029330283,0,0,0.029721733,0,0
4-9 mo. after cyclone,0.22583379,0.042589868,0.443977137,0.025610262,0,0,0.026305034,0,0.104407459,0.080481262,0,0,0,0,0,0,0.050795188
4-9 mo. after cyclone,0.305917863,0.006106505,0.043630131,0.063720036,0.332751119,0.00681151,0.020961053,0,0.049310753,0,0,0,0.156117848,0,0.014673183,0,0
4-9 mo. after cyclone,0.714340939,0,0.064648222,0.01328115,0.061788906,0.050222529,0,0,0.008971717,0,0.03550999,0,0,0.051236547,0,0,0
4-9 mo. after cyclone,0.35451506,0.034104639,0.250709015,0,0.006946079,0.017683352,0,0,0.017102014,0,0.306179266,0,0,0.006342531,0,0.006418044,0
4-9 mo. after cyclone,0.494916922,0.315663921,0.13310467,0,0.018056454,0,0.038258034,0,0,0,0,0,0,0,0,0,0
4-9 mo. after cyclone,0.661208855,0.034849236,0.018468013,0,0,0.21821173,0.067262166,0,0,0,0,0,0,0,0,0,0
4-9 mo. after cyclone,0.312095349,0.549802706,0.045773767,0,0,0.040628113,0.016964728,0,0.034735337,0,0,0,0,0,0,0,0
4-9 mo. after cyclone,0.149529736,0.392901035,0.097143946,0.120524047,0.033135217,0.018106887,0.083642316,0,0.028679909,0.029846178,0.007602846,0.004377065,0.018800492,0,0,0.005500273,0.010210052
4-9 mo. after cyclone,0.20580881,0.580605421,0.093230526,0,0.029978814,0.063077378,0.027299051,0,0,0,0,0,0,0,0,0,0