ID_pair;KDE;Period_num;Factor;Level;Difference
H11_2018;KDE50;1;VRM;Flat;-4,866909186
H11_2019;KDE50;1;VRM;Flat;12,09405771
H10_2019;KDE50;1;VRM;Flat;10,32369089
H10_2020;KDE50;1;VRM;Flat;-0,156170877
H10_2022;KDE50;1;VRM;Flat;12,70519643
G2_2016;KDE50;1;VRM;Flat;36,08766856
G2_2018;KDE50;1;VRM;Flat;28,49792497
G2_2019;KDE50;1;VRM;Flat;-52,91233144
G2_2022;KDE50;1;VRM;Flat;29,67590386
HA17_2018;KDE50;1;VRM;Flat;-38,584821
HA17_2020;KDE50;1;VRM;Flat;-14,68607264
HA13_2020;KDE50;1;VRM;Flat;-32,96008886
HA12_2019;KDE50;1;VRM;Flat;2,787774384
H1_2016;KDE50;1;VRM;Flat;24,52709254
H6_2021;KDE50;1;VRM;Flat;-23,87684399
HA11_2019;KDE50;1;VRM;Flat;-16,72136047
A6_2016;KDE50;1;VRM;Flat;7,503782218
A6_2020_1;KDE50;1;VRM;Flat;-24,81958476
A6_2020_2;KDE50;1;VRM;Flat;-26,2881068
A6_2021;KDE50;1;VRM;Flat;-17,20957353
G3_2018;KDE50;1;VRM;Flat;47,89595682
HA1_2020;KDE50;1;VRM;Flat;-9,820462618
HA15_2022;KDE50;1;VRM;Flat;8,618365531
A4_2020;KDE50;1;VRM;Flat;14,4386361
H4_2016;KDE50;1;VRM;Flat;3,797660513
H4_2018;KDE50;1;VRM;Flat;38,16257488
H4_2019;KDE50;1;VRM;Flat;-1,293578523
A2_2017;KDE50;1;VRM;Flat;16,5825969
A2_2021;KDE50;1;VRM;Flat;-8,935784526
HA9_2020;KDE50;1;VRM;Flat;38,07035728
D15_2020;KDE50;1;VRM;Flat;13,14836102
H11_2018;KDE50;1;VRM;Hilly;-6,600723059
H11_2019;KDE50;1;VRM;Hilly;-24,0025655
H10_2019;KDE50;1;VRM;Hilly;-10,32369089
H10_2020;KDE50;1;VRM;Hilly;0,156170877
H10_2022;KDE50;1;VRM;Hilly;-12,70519643
G2_2016;KDE50;1;VRM;Hilly;-42,12608053
G2_2018;KDE50;1;VRM;Hilly;-34,53633694
G2_2019;KDE50;1;VRM;Hilly;46,87391947
G2_2022;KDE50;1;VRM;Hilly;-7,243727592
HA17_2018;KDE50;1;VRM;Hilly;31,22796996
HA17_2020;KDE50;1;VRM;Hilly;10,67973705
HA13_2020;KDE50;1;VRM;Hilly;2,962869611
HA12_2019;KDE50;1;VRM;Hilly;-14,30981427
H1_2016;KDE50;1;VRM;Hilly;-27,555765
H6_2021;KDE50;1;VRM;Hilly;22,15020116
HA11_2019;KDE50;1;VRM;Hilly;4,294337066
A6_2016;KDE50;1;VRM;Hilly;-7,647460379
A6_2020_1;KDE50;1;VRM;Hilly;24,6759066
A6_2020_2;KDE50;1;VRM;Hilly;26,14442864
A6_2021;KDE50;1;VRM;Hilly;17,06589537
G3_2018;KDE50;1;VRM;Hilly;-48,98577278
HA1_2020;KDE50;1;VRM;Hilly;0,960807824
HA15_2022;KDE50;1;VRM;Hilly;-14,26206772
A4_2020;KDE50;1;VRM;Hilly;-14,56678333
H4_2016;KDE50;1;VRM;Hilly;-5,102342017
H4_2018;KDE50;1;VRM;Hilly;-39,2870762
H4_2019;KDE50;1;VRM;Hilly;-0,011102981
A2_2017;KDE50;1;VRM;Hilly;-16,18544745
A2_2021;KDE50;1;VRM;Hilly;8,868537691
HA9_2020;KDE50;1;VRM;Hilly;-40,42279987
D15_2020;KDE50;1;VRM;Hilly;-12,53232939
H11_2018;KDE50;1;VRM;Rugged;11,46763225
H11_2019;KDE50;1;VRM;Rugged;11,90850779
H10_2019;KDE50;1;VRM;Rugged;0
H10_2020;KDE50;1;VRM;Rugged;0
H10_2022;KDE50;1;VRM;Rugged;0
G2_2016;KDE50;1;VRM;Rugged;6,03841197
G2_2018;KDE50;1;VRM;Rugged;6,03841197
G2_2019;KDE50;1;VRM;Rugged;6,03841197
G2_2022;KDE50;1;VRM;Rugged;-22,43217627
HA17_2018;KDE50;1;VRM;Rugged;7,356851047
HA17_2020;KDE50;1;VRM;Rugged;4,006335583
HA13_2020;KDE50;1;VRM;Rugged;29,99721925
HA12_2019;KDE50;1;VRM;Rugged;11,52203989
H1_2016;KDE50;1;VRM;Rugged;3,028672458
H6_2021;KDE50;1;VRM;Rugged;1,726642825
HA11_2019;KDE50;1;VRM;Rugged;12,42702341
A6_2016;KDE50;1;VRM;Rugged;0,143678161
A6_2020_1;KDE50;1;VRM;Rugged;0,143678161
A6_2020_2;KDE50;1;VRM;Rugged;0,143678161
A6_2021;KDE50;1;VRM;Rugged;0,143678161
G3_2018;KDE50;1;VRM;Rugged;1,089815955
HA1_2020;KDE50;1;VRM;Rugged;8,859654793
HA15_2022;KDE50;1;VRM;Rugged;5,643702185
A4_2020;KDE50;1;VRM;Rugged;0,128147233
H4_2016;KDE50;1;VRM;Rugged;1,304681504
H4_2018;KDE50;1;VRM;Rugged;1,124501324
H4_2019;KDE50;1;VRM;Rugged;1,304681504
A2_2017;KDE50;1;VRM;Rugged;-0,397149449
A2_2021;KDE50;1;VRM;Rugged;0,067246835
HA9_2020;KDE50;1;VRM;Rugged;2,352442595
D15_2020;KDE50;1;VRM;Rugged;-0,61603163
G4_2019;KDE99;1;VRM;Flat;42,62991516
H11_2018;KDE99;1;VRM;Flat;14,73741196
H11_2019;KDE99;1;VRM;Flat;27,0828889
H10_2017;KDE99;1;VRM;Flat;13,02459595
H10_2019;KDE99;1;VRM;Flat;3,953449703
H10_2020;KDE99;1;VRM;Flat;6,803221902
H10_2022;KDE99;1;VRM;Flat;10,28526492
G2_2016;KDE99;1;VRM;Flat;31,52564028
G2_2018;KDE99;1;VRM;Flat;28,06885611
G2_2019;KDE99;1;VRM;Flat;20,83434262
G2_2022;KDE99;1;VRM;Flat;38,95206192
HA17_2018;KDE99;1;VRM;Flat;-23,04784039
HA17_2020;KDE99;1;VRM;Flat;-7,81590835
HA13_2020;KDE99;1;VRM;Flat;-5,205984595
HA12_2019;KDE99;1;VRM;Flat;3,535953972
H1_2016;KDE99;1;VRM;Flat;13,40210749
H6_2016;KDE99;1;VRM;Flat;19,26613203
H6_2021;KDE99;1;VRM;Flat;-7,072634821
HA11_2019;KDE99;1;VRM;Flat;-3,574083679
A6_2016;KDE99;1;VRM;Flat;0,667686968
A6_2020_1;KDE99;1;VRM;Flat;-12,9704943
A6_2020_2;KDE99;1;VRM;Flat;-7,358460741
A6_2021;KDE99;1;VRM;Flat;-8,543573394
G3_2018;KDE99;1;VRM;Flat;39,93832772
HA1_2020;KDE99;1;VRM;Flat;3,427771557
HA15_2022;KDE99;1;VRM;Flat;17,79618977
A4_2020;KDE99;1;VRM;Flat;9,691056023
H4_2016;KDE99;1;VRM;Flat;11,28201734
H4_2018;KDE99;1;VRM;Flat;40,00104211
H4_2019;KDE99;1;VRM;Flat;-2,700474561
A2_2017;KDE99;1;VRM;Flat;18,81265675
A2_2021;KDE99;1;VRM;Flat;9,35569558
H7_2020;KDE99;1;VRM;Flat;29,42744854
HA9_2020;KDE99;1;VRM;Flat;37,72341857
D15_2020;KDE99;1;VRM;Flat;11,69035866
G4_2019;KDE99;1;VRM;Hilly;-29,38873494
H11_2018;KDE99;1;VRM;Hilly;-16,00405821
H11_2019;KDE99;1;VRM;Hilly;-24,15060314
H10_2017;KDE99;1;VRM;Hilly;-13,02795605
H10_2019;KDE99;1;VRM;Hilly;-3,956809805
H10_2020;KDE99;1;VRM;Hilly;-6,806582004
H10_2022;KDE99;1;VRM;Hilly;-10,28862502
G2_2016;KDE99;1;VRM;Hilly;-34,5518836
G2_2018;KDE99;1;VRM;Hilly;-31,21726432
G2_2019;KDE99;1;VRM;Hilly;-24,80353111
G2_2022;KDE99;1;VRM;Hilly;-21,19884868
HA17_2018;KDE99;1;VRM;Hilly;14,27604889
HA17_2020;KDE99;1;VRM;Hilly;1,579997169
HA13_2020;KDE99;1;VRM;Hilly;-0,916266872
HA12_2019;KDE99;1;VRM;Hilly;-14,99408054
H1_2016;KDE99;1;VRM;Hilly;-15,39359868
H6_2016;KDE99;1;VRM;Hilly;-19,65672113
H6_2021;KDE99;1;VRM;Hilly;6,274615484
HA11_2019;KDE99;1;VRM;Hilly;-0,411901586
A6_2016;KDE99;1;VRM;Hilly;-0,877601691
A6_2020_1;KDE99;1;VRM;Hilly;13,22732404
A6_2020_2;KDE99;1;VRM;Hilly;7,422749774
A6_2021;KDE99;1;VRM;Hilly;8,592257068
G3_2018;KDE99;1;VRM;Hilly;-37,53327348
HA1_2020;KDE99;1;VRM;Hilly;-8,78577864
HA15_2022;KDE99;1;VRM;Hilly;-19,56911252
A4_2020;KDE99;1;VRM;Hilly;-9,708159521
H4_2016;KDE99;1;VRM;Hilly;-11,19821552
H4_2018;KDE99;1;VRM;Hilly;-39,0038423
H4_2019;KDE99;1;VRM;Hilly;1,669034747
A2_2017;KDE99;1;VRM;Hilly;-19,22276908
A2_2021;KDE99;1;VRM;Hilly;-9,956413538
H7_2020;KDE99;1;VRM;Hilly;-30,56894098
HA9_2020;KDE99;1;VRM;Hilly;-35,17427666
D15_2020;KDE99;1;VRM;Hilly;-11,12792567
G4_2019;KDE99;1;VRM;Rugged;-13,24118022
H11_2018;KDE99;1;VRM;Rugged;1,266646251
H11_2019;KDE99;1;VRM;Rugged;-2,932285764
H10_2017;KDE99;1;VRM;Rugged;0,003360102
H10_2019;KDE99;1;VRM;Rugged;0,003360102
H10_2020;KDE99;1;VRM;Rugged;0,003360102
H10_2022;KDE99;1;VRM;Rugged;0,003360102
G2_2016;KDE99;1;VRM;Rugged;3,026243318
G2_2018;KDE99;1;VRM;Rugged;3,148408208
G2_2019;KDE99;1;VRM;Rugged;3,969188482
G2_2022;KDE99;1;VRM;Rugged;-17,75321324
HA17_2018;KDE99;1;VRM;Rugged;8,771791494
HA17_2020;KDE99;1;VRM;Rugged;6,235911181
HA13_2020;KDE99;1;VRM;Rugged;6,122251467
HA12_2019;KDE99;1;VRM;Rugged;11,45812657
H1_2016;KDE99;1;VRM;Rugged;1,991491194
H6_2016;KDE99;1;VRM;Rugged;0,3905891
H6_2021;KDE99;1;VRM;Rugged;0,798019337
HA11_2019;KDE99;1;VRM;Rugged;3,985985265
A6_2016;KDE99;1;VRM;Rugged;0,209914722
A6_2020_1;KDE99;1;VRM;Rugged;-0,256829735
A6_2020_2;KDE99;1;VRM;Rugged;-0,064289032
A6_2021;KDE99;1;VRM;Rugged;-0,048683675
G3_2018;KDE99;1;VRM;Rugged;-2,405054241
HA1_2020;KDE99;1;VRM;Rugged;5,358007083
HA15_2022;KDE99;1;VRM;Rugged;1,772922745
A4_2020;KDE99;1;VRM;Rugged;0,017103498
H4_2016;KDE99;1;VRM;Rugged;-0,083801822
H4_2018;KDE99;1;VRM;Rugged;-0,997199805
H4_2019;KDE99;1;VRM;Rugged;1,031439814
A2_2017;KDE99;1;VRM;Rugged;0,410112323
A2_2021;KDE99;1;VRM;Rugged;0,600717957
H7_2020;KDE99;1;VRM;Rugged;1,141492441
HA9_2020;KDE99;1;VRM;Rugged;-2,549141917
D15_2020;KDE99;1;VRM;Rugged;-0,562432987
H11_2018;KDE50;1;OSO;Crop;0,25529199
H11_2019;KDE50;1;OSO;Crop;0,25529199
H10_2019;KDE50;1;OSO;Crop;1,707592836
H10_2020;KDE50;1;OSO;Crop;1,785535159
H10_2022;KDE50;1;OSO;Crop;0,691215201
G2_2016;KDE50;1;OSO;Crop;0,006286738
G2_2018;KDE50;1;OSO;Crop;0,006286738
G2_2019;KDE50;1;OSO;Crop;0,006286738
G2_2022;KDE50;1;OSO;Crop;0,006286738
HA17_2018;KDE50;1;OSO;Crop;0
HA17_2020;KDE50;1;OSO;Crop;0
HA13_2020;KDE50;1;OSO;Crop;0
HA12_2019;KDE50;1;OSO;Crop;0
H1_2016;KDE50;1;OSO;Crop;0,030747944
H6_2021;KDE50;1;OSO;Crop;0,695686187
HA11_2019;KDE50;1;OSO;Crop;0
A6_2016;KDE50;1;OSO;Crop;0,454492142
A6_2020_1;KDE50;1;OSO;Crop;0,454492142
A6_2020_2;KDE50;1;OSO;Crop;0,454492142
A6_2021;KDE50;1;OSO;Crop;0,454492142
G3_2018;KDE50;1;OSO;Crop;0
HA1_2020;KDE50;1;OSO;Crop;0
HA15_2022;KDE50;1;OSO;Crop;0
A4_2020;KDE50;1;OSO;Crop;0,510334269
H4_2016;KDE50;1;OSO;Crop;0,017710609
H4_2018;KDE50;1;OSO;Crop;0,017710609
H4_2019;KDE50;1;OSO;Crop;0,017710609
A2_2017;KDE50;1;OSO;Crop;1,356803797
A2_2021;KDE50;1;OSO;Crop;1,356803797
HA9_2020;KDE50;1;OSO;Crop;0,339805825
D15_2020;KDE50;1;OSO;Crop;0,092682927
H11_2018;KDE50;1;OSO;Forest;-27,62785708
H11_2019;KDE50;1;OSO;Forest;-26,88648619
H10_2019;KDE50;1;OSO;Forest;-16,18860244
H10_2020;KDE50;1;OSO;Forest;2,251799857
H10_2022;KDE50;1;OSO;Forest;0,672161868
G2_2016;KDE50;1;OSO;Forest;-37,52858894
G2_2018;KDE50;1;OSO;Forest;-55,06705048
G2_2019;KDE50;1;OSO;Forest;-68,52858894
G2_2022;KDE50;1;OSO;Forest;-29,70505953
HA17_2018;KDE50;1;OSO;Forest;1,512729181
HA17_2020;KDE50;1;OSO;Forest;3,224429422
HA13_2020;KDE50;1;OSO;Forest;34,7477267
HA12_2019;KDE50;1;OSO;Forest;31,63434593
H1_2016;KDE50;1;OSO;Forest;-7,656757882
H6_2021;KDE50;1;OSO;Forest;37,61959038
HA11_2019;KDE50;1;OSO;Forest;2,376715614
A6_2016;KDE50;1;OSO;Forest;-19,43760263
A6_2020_1;KDE50;1;OSO;Forest;-18,08167042
A6_2020_2;KDE50;1;OSO;Forest;-1,140068817
A6_2021;KDE50;1;OSO;Forest;-5,609234464
G3_2018;KDE50;1;OSO;Forest;-13,59550902
HA1_2020;KDE50;1;OSO;Forest;36,56423032
HA15_2022;KDE50;1;OSO;Forest;0,667277654
A4_2020;KDE50;1;OSO;Forest;6,450969863
H4_2016;KDE50;1;OSO;Forest;-2,127803126
H4_2018;KDE50;1;OSO;Forest;-13,28709428
H4_2019;KDE50;1;OSO;Forest;-32,28205255
A2_2017;KDE50;1;OSO;Forest;0,333025532
A2_2021;KDE50;1;OSO;Forest;-1,705957942
HA9_2020;KDE50;1;OSO;Forest;5,233720589
D15_2020;KDE50;1;OSO;Forest;-9,128196086
H11_2018;KDE50;1;OSO;Open;19,46705042
H11_2019;KDE50;1;OSO;Open;19,51584499
H10_2019;KDE50;1;OSO;Open;0,08934947
H10_2020;KDE50;1;OSO;Open;40,14775926
H10_2022;KDE50;1;OSO;Open;26,0287088
G2_2016;KDE50;1;OSO;Open;36,13607645
G2_2018;KDE50;1;OSO;Open;53,67453799
G2_2019;KDE50;1;OSO;Open;67,13607645
G2_2022;KDE50;1;OSO;Open;44,07725292
HA17_2018;KDE50;1;OSO;Open;-12,84906115
HA17_2020;KDE50;1;OSO;Open;-21,03508771
HA13_2020;KDE50;1;OSO;Open;-30,86734104
HA12_2019;KDE50;1;OSO;Open;-7,891438673
H1_2016;KDE50;1;OSO;Open;5,949058678
H6_2021;KDE50;1;OSO;Open;-8,731874678
HA11_2019;KDE50;1;OSO;Open;-19,67193606
A6_2016;KDE50;1;OSO;Open;18,92446634
A6_2020_1;KDE50;1;OSO;Open;17,56853413
A6_2020_2;KDE50;1;OSO;Open;0,626932528
A6_2021;KDE50;1;OSO;Open;5,096098175
G3_2018;KDE50;1;OSO;Open;13,21186939
HA1_2020;KDE50;1;OSO;Open;9,91014021
HA15_2022;KDE50;1;OSO;Open;-13,32701143
A4_2020;KDE50;1;OSO;Open;-7,149489893
H4_2016;KDE50;1;OSO;Open;12,88826293
H4_2018;KDE50;1;OSO;Open;35,54542558
H4_2019;KDE50;1;OSO;Open;29,85569916
A2_2017;KDE50;1;OSO;Open;-2,729650821
A2_2021;KDE50;1;OSO;Open;-0,845466108
HA9_2020;KDE50;1;OSO;Open;5,527194906
D15_2020;KDE50;1;OSO;Open;9,006244866
H11_2018;KDE50;1;OSO;Urban;6,962533292
H11_2019;KDE50;1;OSO;Urban;6,136729906
H10_2019;KDE50;1;OSO;Urban;8,743859667
H10_2020;KDE50;1;OSO;Urban;-20,32881451
H10_2022;KDE50;1;OSO;Urban;-20,40063906
G2_2016;KDE50;1;OSO;Urban;1,386225757
G2_2018;KDE50;1;OSO;Urban;1,386225757
G2_2019;KDE50;1;OSO;Urban;1,386225757
G2_2022;KDE50;1;OSO;Urban;-14,37848013
HA17_2018;KDE50;1;OSO;Urban;0,256144219
HA17_2020;KDE50;1;OSO;Urban;0,213188892
HA13_2020;KDE50;1;OSO;Urban;0,071356366
HA12_2019;KDE50;1;OSO;Urban;0,061030451
H1_2016;KDE50;1;OSO;Urban;1,67695126
H6_2021;KDE50;1;OSO;Urban;-29,59457757
HA11_2019;KDE50;1;OSO;Urban;0,716845878
A6_2016;KDE50;1;OSO;Urban;0,058644147
A6_2020_1;KDE50;1;OSO;Urban;0,058644147
A6_2020_2;KDE50;1;OSO;Urban;0,058644147
A6_2021;KDE50;1;OSO;Urban;0,058644147
G3_2018;KDE50;1;OSO;Urban;0,327950003
HA1_2020;KDE50;1;OSO;Urban;0
HA15_2022;KDE50;1;OSO;Urban;0,481094191
A4_2020;KDE50;1;OSO;Urban;0,188185762
H4_2016;KDE50;1;OSO;Urban;-0,768303071
H4_2018;KDE50;1;OSO;Urban;0,150417848
H4_2019;KDE50;1;OSO;Urban;0,330598028
A2_2017;KDE50;1;OSO;Urban;1,089530999
A2_2021;KDE50;1;OSO;Urban;1,16693038
HA9_2020;KDE50;1;OSO;Urban;14,68224141
D15_2020;KDE50;1;OSO;Urban;0,024390244
H11_2018;KDE50;1;OSO;Wetland;0,432578095
H11_2019;KDE50;1;OSO;Wetland;0,432578095
H10_2019;KDE50;1;OSO;Wetland;0,020062193
H10_2020;KDE50;1;OSO;Wetland;0,020062193
H10_2022;KDE50;1;OSO;Wetland;0,020062193
G2_2016;KDE50;1;OSO;Wetland;0
G2_2018;KDE50;1;OSO;Wetland;0
G2_2019;KDE50;1;OSO;Wetland;0
G2_2022;KDE50;1;OSO;Wetland;0
HA17_2018;KDE50;1;OSO;Wetland;0
HA17_2020;KDE50;1;OSO;Wetland;0
HA13_2020;KDE50;1;OSO;Wetland;0
HA12_2019;KDE50;1;OSO;Wetland;0,080303225
H1_2016;KDE50;1;OSO;Wetland;NA
H6_2021;KDE50;1;OSO;Wetland;0
HA11_2019;KDE50;1;OSO;Wetland;0
A6_2016;KDE50;1;OSO;Wetland;0
A6_2020_1;KDE50;1;OSO;Wetland;0
A6_2020_2;KDE50;1;OSO;Wetland;0
A6_2021;KDE50;1;OSO;Wetland;0
G3_2018;KDE50;1;OSO;Wetland;0,006187736
HA1_2020;KDE50;1;OSO;Wetland;0
HA15_2022;KDE50;1;OSO;Wetland;0
A4_2020;KDE50;1;OSO;Wetland;0
H4_2016;KDE50;1;OSO;Wetland;0,023614145
H4_2018;KDE50;1;OSO;Wetland;0,023614145
H4_2019;KDE50;1;OSO;Wetland;0,023614145
A2_2017;KDE50;1;OSO;Wetland;-0,049709507
A2_2021;KDE50;1;OSO;Wetland;0,027689873
HA9_2020;KDE50;1;OSO;Wetland;-28,93257324
D15_2020;KDE50;1;OSO;Wetland;0,004878049
H11_2018;KDE50;1;OSO;Rocky;0,510403283
H11_2019;KDE50;1;OSO;Rocky;0,546041201
H10_2019;KDE50;1;OSO;Rocky;5,627738272
H10_2020;KDE50;1;OSO;Rocky;-23,87634196
H10_2022;KDE50;1;OSO;Rocky;-7,011508997
G2_2016;KDE50;1;OSO;Rocky;0
G2_2018;KDE50;1;OSO;Rocky;0
G2_2019;KDE50;1;OSO;Rocky;0
G2_2022;KDE50;1;OSO;Rocky;0
HA17_2018;KDE50;1;OSO;Rocky;11,08018775
HA17_2020;KDE50;1;OSO;Rocky;17,5974694
HA13_2020;KDE50;1;OSO;Rocky;-3,951742024
HA12_2019;KDE50;1;OSO;Rocky;-23,88424093
H1_2016;KDE50;1;OSO;Rocky;NA
H6_2021;KDE50;1;OSO;Rocky;0,011175682
HA11_2019;KDE50;1;OSO;Rocky;16,57837457
A6_2016;KDE50;1;OSO;Rocky;NA
A6_2020_1;KDE50;1;OSO;Rocky;NA
A6_2020_2;KDE50;1;OSO;Rocky;NA
A6_2021;KDE50;1;OSO;Rocky;NA
G3_2018;KDE50;1;OSO;Rocky;0,049501887
HA1_2020;KDE50;1;OSO;Rocky;-46,47437053
HA15_2022;KDE50;1;OSO;Rocky;12,17863959
A4_2020;KDE50;1;OSO;Rocky;0
H4_2016;KDE50;1;OSO;Rocky;-10,03348148
H4_2018;KDE50;1;OSO;Rocky;-22,4500739
H4_2019;KDE50;1;OSO;Rocky;2,054430604
A2_2017;KDE50;1;OSO;Rocky;NA
A2_2021;KDE50;1;OSO;Rocky;NA
HA9_2020;KDE50;1;OSO;Rocky;3,149610507
D15_2020;KDE50;1;OSO;Rocky;NA
G4_2019;KDE99;1;OSO;Crop;0,062359092
H11_2018;KDE99;1;OSO;Crop;1,244179073
H11_2019;KDE99;1;OSO;Crop;1,287162095
H10_2017;KDE99;1;OSO;Crop;3,061053056
H10_2019;KDE99;1;OSO;Crop;1,084768471
H10_2020;KDE99;1;OSO;Crop;1,687007254
H10_2022;KDE99;1;OSO;Crop;1,676970011
G2_2016;KDE99;1;OSO;Crop;0,059283412
G2_2018;KDE99;1;OSO;Crop;0,059283412
G2_2019;KDE99;1;OSO;Crop;0,059283412
G2_2022;KDE99;1;OSO;Crop;-0,120249802
HA17_2018;KDE99;1;OSO;Crop;0,049652433
HA17_2020;KDE99;1;OSO;Crop;0,049652433
HA13_2020;KDE99;1;OSO;Crop;0,060766371
HA12_2019;KDE99;1;OSO;Crop;0,005751975
H1_2016;KDE99;1;OSO;Crop;0,433477826
H6_2016;KDE99;1;OSO;Crop;0,615752229
H6_2021;KDE99;1;OSO;Crop;0,644093732
HA11_2019;KDE99;1;OSO;Crop;0,095922239
A6_2016;KDE99;1;OSO;Crop;1,647455721
A6_2020_1;KDE99;1;OSO;Crop;1,180711264
A6_2020_2;KDE99;1;OSO;Crop;1,647455721
A6_2021;KDE99;1;OSO;Crop;1,621595881
G3_2018;KDE99;1;OSO;Crop;0,118686075
HA1_2020;KDE99;1;OSO;Crop;0,003800692
HA15_2022;KDE99;1;OSO;Crop;0,647396736
A4_2020;KDE99;1;OSO;Crop;1,199185435
H4_2016;KDE99;1;OSO;Crop;1,260648661
H4_2018;KDE99;1;OSO;Crop;1,260648661
H4_2019;KDE99;1;OSO;Crop;1,260648661
A2_2017;KDE99;1;OSO;Crop;2,278442813
A2_2021;KDE99;1;OSO;Crop;2,278442813
H7_2020;KDE99;1;OSO;Crop;0,291444878
HA9_2020;KDE99;1;OSO;Crop;0,305678567
D15_2020;KDE99;1;OSO;Crop;0,287677294
G4_2019;KDE99;1;OSO;Forest;14,85835545
H11_2018;KDE99;1;OSO;Forest;-29,67800418
H11_2019;KDE99;1;OSO;Forest;-41,60461596
H10_2017;KDE99;1;OSO;Forest;2,98321069
H10_2019;KDE99;1;OSO;Forest;-19,55960881
H10_2020;KDE99;1;OSO;Forest;-2,182183712
H10_2022;KDE99;1;OSO;Forest;-0,150199537
G2_2016;KDE99;1;OSO;Forest;-34,23005045
G2_2018;KDE99;1;OSO;Forest;-37,07520645
G2_2019;KDE99;1;OSO;Forest;-47,20101558
G2_2022;KDE99;1;OSO;Forest;-30,82698829
HA17_2018;KDE99;1;OSO;Forest;5,345952635
HA17_2020;KDE99;1;OSO;Forest;11,59417007
HA13_2020;KDE99;1;OSO;Forest;39,56057361
HA12_2019;KDE99;1;OSO;Forest;15,17713094
H1_2016;KDE99;1;OSO;Forest;-15,70873393
H6_2016;KDE99;1;OSO;Forest;-32,95872742
H6_2021;KDE99;1;OSO;Forest;38,0238675
HA11_2019;KDE99;1;OSO;Forest;13,44815756
A6_2016;KDE99;1;OSO;Forest;-31,05966607
A6_2020_1;KDE99;1;OSO;Forest;-25,32467466
A6_2020_2;KDE99;1;OSO;Forest;-13,55749164
A6_2021;KDE99;1;OSO;Forest;-14,27757444
G3_2018;KDE99;1;OSO;Forest;-16,89394394
HA1_2020;KDE99;1;OSO;Forest;21,88472775
HA15_2022;KDE99;1;OSO;Forest;9,354974915
A4_2020;KDE99;1;OSO;Forest;2,047706691
H4_2016;KDE99;1;OSO;Forest;-3,73672907
H4_2018;KDE99;1;OSO;Forest;-11,27015527
H4_2019;KDE99;1;OSO;Forest;-25,44676625
A2_2017;KDE99;1;OSO;Forest;-9,880472156
A2_2021;KDE99;1;OSO;Forest;-20,62900262
H7_2020;KDE99;1;OSO;Forest;16,78669427
HA9_2020;KDE99;1;OSO;Forest;11,70922524
D15_2020;KDE99;1;OSO;Forest;-10,42884421
G4_2019;KDE99;1;OSO;Open;-14,11049382
H11_2018;KDE99;1;OSO;Open;23,0817599
H11_2019;KDE99;1;OSO;Open;33,63315034
H10_2017;KDE99;1;OSO;Open;44,02013821
H10_2019;KDE99;1;OSO;Open;10,03463097
H10_2020;KDE99;1;OSO;Open;36,41199572
H10_2022;KDE99;1;OSO;Open;22,47073414
G2_2016;KDE99;1;OSO;Open;33,34356777
G2_2018;KDE99;1;OSO;Open;35,20818978
G2_2019;KDE99;1;OSO;Open;46,61606787
G2_2022;KDE99;1;OSO;Open;44,25676649
HA17_2018;KDE99;1;OSO;Open;-7,759807861
HA17_2020;KDE99;1;OSO;Open;-9,896824455
HA13_2020;KDE99;1;OSO;Open;-16,8568223
HA12_2019;KDE99;1;OSO;Open;1,899337418
H1_2016;KDE99;1;OSO;Open;13,59339193
H6_2016;KDE99;1;OSO;Open;31,07470941
H6_2021;KDE99;1;OSO;Open;-5,491062519
HA11_2019;KDE99;1;OSO;Open;-18,00485866
A6_2016;KDE99;1;OSO;Open;28,99425514
A6_2020_1;KDE99;1;OSO;Open;23,72600819
A6_2020_2;KDE99;1;OSO;Open;11,49208071
A6_2021;KDE99;1;OSO;Open;12,23802336
G3_2018;KDE99;1;OSO;Open;15,89652995
HA1_2020;KDE99;1;OSO;Open;12,56026323
HA15_2022;KDE99;1;OSO;Open;-12,34751578
A4_2020;KDE99;1;OSO;Open;-3,852210664
H4_2016;KDE99;1;OSO;Open;15,83032183
H4_2018;KDE99;1;OSO;Open;29,08324302
H4_2019;KDE99;1;OSO;Open;21,18348168
A2_2017;KDE99;1;OSO;Open;6,424988472
A2_2021;KDE99;1;OSO;Open;17,44354744
H7_2020;KDE99;1;OSO;Open;21,40402969
HA9_2020;KDE99;1;OSO;Open;8,793961877
D15_2020;KDE99;1;OSO;Open;9,932216352
G4_2019;KDE99;1;OSO;Urban;-0,810220718
H11_2018;KDE99;1;OSO;Urban;4,271629271
H11_2019;KDE99;1;OSO;Urban;5,109562847
H10_2017;KDE99;1;OSO;Urban;-30,01383242
H10_2019;KDE99;1;OSO;Urban;5,941371796
H10_2020;KDE99;1;OSO;Urban;-20,86624972
H10_2022;KDE99;1;OSO;Urban;-18,72009924
G2_2016;KDE99;1;OSO;Urban;0,79570495
G2_2018;KDE99;1;OSO;Urban;1,776238939
G2_2019;KDE99;1;OSO;Urban;0,494169986
G2_2022;KDE99;1;OSO;Urban;-13,3410227
HA17_2018;KDE99;1;OSO;Urban;0,314465409
HA17_2020;KDE99;1;OSO;Urban;0,283107616
HA13_2020;KDE99;1;OSO;Urban;0,336002288
HA12_2019;KDE99;1;OSO;Urban;0,103535547
H1_2016;KDE99;1;OSO;Urban;1,681864175
H6_2016;KDE99;1;OSO;Urban;1,21771896
H6_2021;KDE99;1;OSO;Urban;-33,19291209
HA11_2019;KDE99;1;OSO;Urban;3,523543581
A6_2016;KDE99;1;OSO;Urban;0,393590104
A6_2020_1;KDE99;1;OSO;Urban;0,393590104
A6_2020_2;KDE99;1;OSO;Urban;0,393590104
A6_2021;KDE99;1;OSO;Urban;0,393590104
G3_2018;KDE99;1;OSO;Urban;0,435400523
HA1_2020;KDE99;1;OSO;Urban;0,043707955
HA15_2022;KDE99;1;OSO;Urban;1,484144366
A4_2020;KDE99;1;OSO;Urban;0,617556663
H4_2016;KDE99;1;OSO;Urban;0,2726648
H4_2018;KDE99;1;OSO;Urban;0,777495739
H4_2019;KDE99;1;OSO;Urban;1,016159224
A2_2017;KDE99;1;OSO;Urban;1,213054576
A2_2021;KDE99;1;OSO;Urban;1,108621365
H7_2020;KDE99;1;OSO;Urban;-12,37517864
HA9_2020;KDE99;1;OSO;Urban;6,442049557
D15_2020;KDE99;1;OSO;Urban;0,202713239
G4_2019;KDE99;1;OSO;Wetland;NA
H11_2018;KDE99;1;OSO;Wetland;0,372860514
H11_2019;KDE99;1;OSO;Wetland;0,372860514
H10_2017;KDE99;1;OSO;Wetland;0,023520715
H10_2019;KDE99;1;OSO;Wetland;0,023520715
H10_2020;KDE99;1;OSO;Wetland;0,023520715
H10_2022;KDE99;1;OSO;Wetland;0,023520715
G2_2016;KDE99;1;OSO;Wetland;0,029641706
G2_2018;KDE99;1;OSO;Wetland;0,029641706
G2_2019;KDE99;1;OSO;Wetland;0,029641706
G2_2022;KDE99;1;OSO;Wetland;0,029641706
HA17_2018;KDE99;1;OSO;Wetland;0,006206554
HA17_2020;KDE99;1;OSO;Wetland;0,006206554
HA13_2020;KDE99;1;OSO;Wetland;0,01429797
HA12_2019;KDE99;1;OSO;Wetland;2,093336367
H1_2016;KDE99;1;OSO;Wetland;NA
H6_2016;KDE99;1;OSO;Wetland;0,032166161
H6_2021;KDE99;1;OSO;Wetland;0,001779264
HA11_2019;KDE99;1;OSO;Wetland;0,063948159
A6_2016;KDE99;1;OSO;Wetland;0,024365102
A6_2020_1;KDE99;1;OSO;Wetland;0,024365102
A6_2020_2;KDE99;1;OSO;Wetland;0,024365102
A6_2021;KDE99;1;OSO;Wetland;0,024365102
G3_2018;KDE99;1;OSO;Wetland;0,003490767
HA1_2020;KDE99;1;OSO;Wetland;0,001900346
HA15_2022;KDE99;1;OSO;Wetland;0,107139601
A4_2020;KDE99;1;OSO;Wetland;-0,033372179
H4_2016;KDE99;1;OSO;Wetland;0,072582802
H4_2018;KDE99;1;OSO;Wetland;0,072582802
H4_2019;KDE99;1;OSO;Wetland;0,072582802
A2_2017;KDE99;1;OSO;Wetland;-0,036013704
A2_2021;KDE99;1;OSO;Wetland;-0,201608994
H7_2020;KDE99;1;OSO;Wetland;0,07286122
HA9_2020;KDE99;1;OSO;Wetland;-28,17161948
D15_2020;KDE99;1;OSO;Wetland;0,00623733
G4_2019;KDE99;1;OSO;Rocky;NA
H11_2018;KDE99;1;OSO;Rocky;0,707575419
H11_2019;KDE99;1;OSO;Rocky;1,201880169
H10_2017;KDE99;1;OSO;Rocky;-20,07409025
H10_2019;KDE99;1;OSO;Rocky;2,475316862
H10_2020;KDE99;1;OSO;Rocky;-15,07409025
H10_2022;KDE99;1;OSO;Rocky;-5,300926085
G2_2016;KDE99;1;OSO;Rocky;0,001852607
G2_2018;KDE99;1;OSO;Rocky;0,001852607
G2_2019;KDE99;1;OSO;Rocky;0,001852607
G2_2022;KDE99;1;OSO;Rocky;0,001852607
HA17_2018;KDE99;1;OSO;Rocky;2,04353083
HA17_2020;KDE99;1;OSO;Rocky;-2,036312215
HA13_2020;KDE99;1;OSO;Rocky;-23,11481793
HA12_2019;KDE99;1;OSO;Rocky;-19,27909224
H1_2016;KDE99;1;OSO;Rocky;NA
H6_2016;KDE99;1;OSO;Rocky;0,018380664
H6_2021;KDE99;1;OSO;Rocky;0,014234116
HA11_2019;KDE99;1;OSO;Rocky;0,873287117
A6_2016;KDE99;1;OSO;Rocky;NA
A6_2020_1;KDE99;1;OSO;Rocky;NA
A6_2020_2;KDE99;1;OSO;Rocky;NA
A6_2021;KDE99;1;OSO;Rocky;NA
G3_2018;KDE99;1;OSO;Rocky;0,439836632
HA1_2020;KDE99;1;OSO;Rocky;-34,49439998
HA15_2022;KDE99;1;OSO;Rocky;0,75386016
A4_2020;KDE99;1;OSO;Rocky;0,008453621
H4_2016;KDE99;1;OSO;Rocky;-13,69948902
H4_2018;KDE99;1;OSO;Rocky;-19,92381495
H4_2019;KDE99;1;OSO;Rocky;1,913893876
A2_2017;KDE99;1;OSO;Rocky;NA
A2_2021;KDE99;1;OSO;Rocky;NA
H7_2020;KDE99;1;OSO;Rocky;-26,17985142
HA9_2020;KDE99;1;OSO;Rocky;0,920704243
D15_2020;KDE99;1;OSO;Rocky;NA
G4_2019;KDE50;2;VRM;Flat;37,0915458
H11_2018;KDE50;2;VRM;Flat;-0,348936304
H11_2019;KDE50;2;VRM;Flat;8,987343134
H10_2017;KDE50;2;VRM;Flat;40,69697142
H10_2019;KDE50;2;VRM;Flat;-2,967516008
H10_2020;KDE50;2;VRM;Flat;-1,198877575
H10_2022;KDE50;2;VRM;Flat;-1,419236062
G2_2016;KDE50;2;VRM;Flat;8,810156601
G2_2018;KDE50;2;VRM;Flat;3,241921072
G2_2019;KDE50;2;VRM;Flat;5,949328642
G2_2022;KDE50;2;VRM;Flat;6,293717713
HA17_2018;KDE50;2;VRM;Flat;-39,67394022
HA17_2020;KDE50;2;VRM;Flat;-11,59631415
HA13_2020;KDE50;2;VRM;Flat;-17,75293872
HA12_2019;KDE50;2;VRM;Flat;0,687703748
H1_2016;KDE50;2;VRM;Flat;11,21855507
H6_2016;KDE50;2;VRM;Flat;15,67741407
H6_2021;KDE50;2;VRM;Flat;-9,900679307
HA11_2019;KDE50;2;VRM;Flat;-12,7126483
A6_2016;KDE50;2;VRM;Flat;-10,36182523
A6_2020_1;KDE50;2;VRM;Flat;-13,59400406
A6_2020_2;KDE50;2;VRM;Flat;-19,93271667
A6_2021;KDE50;2;VRM;Flat;-8,158537754
G3_2018;KDE50;2;VRM;Flat;27,94029332
HA1_2020;KDE50;2;VRM;Flat;-5,236331911
HA15_2022;KDE50;2;VRM;Flat;10,36411836
A4_2020;KDE50;2;VRM;Flat;11,59082032
H4_2016;KDE50;2;VRM;Flat;16,74090284
H4_2018;KDE50;2;VRM;Flat;27,76535948
H4_2019;KDE50;2;VRM;Flat;-0,376838688
A2_2017;KDE50;2;VRM;Flat;10,04234922
A2_2021;KDE50;2;VRM;Flat;8,54262119
H7_2020;KDE50;2;VRM;Flat;14,48397221
HA9_2020;KDE50;2;VRM;Flat;29,08598193
D15_2020;KDE50;2;VRM;Flat;4,311780294
G4_2019;KDE50;2;VRM;Hilly;-22,8688262
H11_2018;KDE50;2;VRM;Hilly;-3,124777961
H11_2019;KDE50;2;VRM;Hilly;-7,969908169
H10_2017;KDE50;2;VRM;Hilly;-40,69697142
H10_2019;KDE50;2;VRM;Hilly;2,967516008
H10_2020;KDE50;2;VRM;Hilly;1,198877575
H10_2022;KDE50;2;VRM;Hilly;1,419236062
G2_2016;KDE50;2;VRM;Hilly;-13,65239632
G2_2018;KDE50;2;VRM;Hilly;-8,963375832
G2_2019;KDE50;2;VRM;Hilly;-11,5924837
G2_2022;KDE50;2;VRM;Hilly;-0,044795089
HA17_2018;KDE50;2;VRM;Hilly;32,3395409
HA17_2020;KDE50;2;VRM;Hilly;8,410644038
HA13_2020;KDE50;2;VRM;Hilly;4,424477127
HA12_2019;KDE50;2;VRM;Hilly;-10,00794767
H1_2016;KDE50;2;VRM;Hilly;-14,05057069
H6_2016;KDE50;2;VRM;Hilly;-15,69686154
H6_2021;KDE50;2;VRM;Hilly;8,295921639
HA11_2019;KDE50;2;VRM;Hilly;4,391007748
A6_2016;KDE50;2;VRM;Hilly;10,21814706
A6_2020_1;KDE50;2;VRM;Hilly;14,51111741
A6_2020_2;KDE50;2;VRM;Hilly;20,27601713
A6_2021;KDE50;2;VRM;Hilly;8,385647921
G3_2018;KDE50;2;VRM;Hilly;-26,53642671
HA1_2020;KDE50;2;VRM;Hilly;-3,29599064
HA15_2022;KDE50;2;VRM;Hilly;-15,76915657
A4_2020;KDE50;2;VRM;Hilly;-12,01799
H4_2016;KDE50;2;VRM;Hilly;-16,27827948
H4_2018;KDE50;2;VRM;Hilly;-26,61906059
H4_2019;KDE50;2;VRM;Hilly;-0,249621264
A2_2017;KDE50;2;VRM;Hilly;-9,842216374
A2_2021;KDE50;2;VRM;Hilly;-8,329154683
H7_2020;KDE50;2;VRM;Hilly;-15,66577131
HA9_2020;KDE50;2;VRM;Hilly;-31,61696108
D15_2020;KDE50;2;VRM;Hilly;-4,190011223
G4_2019;KDE50;2;VRM;Rugged;-14,2227196
H11_2018;KDE50;2;VRM;Rugged;3,473714265
H11_2019;KDE50;2;VRM;Rugged;-1,017434965
H10_2017;KDE50;2;VRM;Rugged;0
H10_2019;KDE50;2;VRM;Rugged;0
H10_2020;KDE50;2;VRM;Rugged;0
H10_2022;KDE50;2;VRM;Rugged;0
G2_2016;KDE50;2;VRM;Rugged;4,842239721
G2_2018;KDE50;2;VRM;Rugged;5,721454759
G2_2019;KDE50;2;VRM;Rugged;5,643155053
G2_2022;KDE50;2;VRM;Rugged;-6,248922624
HA17_2018;KDE50;2;VRM;Rugged;7,334399318
HA17_2020;KDE50;2;VRM;Rugged;3,185670116
HA13_2020;KDE50;2;VRM;Rugged;13,32846159
HA12_2019;KDE50;2;VRM;Rugged;9,320243919
H1_2016;KDE50;2;VRM;Rugged;2,832015624
H6_2016;KDE50;2;VRM;Rugged;0,019447469
H6_2021;KDE50;2;VRM;Rugged;1,604757668
HA11_2019;KDE50;2;VRM;Rugged;8,321640555
A6_2016;KDE50;2;VRM;Rugged;0,143678161
A6_2020_1;KDE50;2;VRM;Rugged;-0,917113353
A6_2020_2;KDE50;2;VRM;Rugged;-0,343300454
A6_2021;KDE50;2;VRM;Rugged;-0,227110167
G3_2018;KDE50;2;VRM;Rugged;-1,403866608
HA1_2020;KDE50;2;VRM;Rugged;8,532322551
HA15_2022;KDE50;2;VRM;Rugged;5,405038211
A4_2020;KDE50;2;VRM;Rugged;0,42716968
H4_2016;KDE50;2;VRM;Rugged;-0,462623356
H4_2018;KDE50;2;VRM;Rugged;-1,146298888
H4_2019;KDE50;2;VRM;Rugged;0,626459952
A2_2017;KDE50;2;VRM;Rugged;-0,200132844
A2_2021;KDE50;2;VRM;Rugged;-0,213466507
H7_2020;KDE50;2;VRM;Rugged;1,181799094
HA9_2020;KDE50;2;VRM;Rugged;2,530979153
D15_2020;KDE50;2;VRM;Rugged;-0,121769071
G4_2019;KDE99;2;VRM;Flat;27,63748388
H11_2018;KDE99;2;VRM;Flat;9,710080422
H11_2019;KDE99;2;VRM;Flat;18,8168287
H10_2017;KDE99;2;VRM;Flat;40,10792928
H10_2019;KDE99;2;VRM;Flat;-1,831717688
H10_2020;KDE99;2;VRM;Flat;-0,141715353
H10_2022;KDE99;2;VRM;Flat;-0,692993401
G2_2016;KDE99;2;VRM;Flat;13,47425695
G2_2018;KDE99;2;VRM;Flat;9,530687218
G2_2019;KDE99;2;VRM;Flat;12,883415
G2_2022;KDE99;2;VRM;Flat;12,88603592
HA17_2018;KDE99;2;VRM;Flat;-18,10267168
HA17_2020;KDE99;2;VRM;Flat;-7,899924033
HA13_2020;KDE99;2;VRM;Flat;-0,603842936
HA12_2019;KDE99;2;VRM;Flat;-1,181938966
H1_2016;KDE99;2;VRM;Flat;11,22213218
H6_2016;KDE99;2;VRM;Flat;11,16413407
H6_2021;KDE99;2;VRM;Flat;-6,125721589
HA11_2019;KDE99;2;VRM;Flat;-1,976422752
A6_2016;KDE99;2;VRM;Flat;-5,525594948
A6_2020_1;KDE99;2;VRM;Flat;-5,591786894
A6_2020_2;KDE99;2;VRM;Flat;-4,885603719
A6_2021;KDE99;2;VRM;Flat;-4,499213884
G3_2018;KDE99;2;VRM;Flat;20,97254935
HA1_2020;KDE99;2;VRM;Flat;6,114951325
HA15_2022;KDE99;2;VRM;Flat;15,13473584
A4_2020;KDE99;2;VRM;Flat;7,623603956
H4_2016;KDE99;2;VRM;Flat;9,691308061
H4_2018;KDE99;2;VRM;Flat;17,76716621
H4_2019;KDE99;2;VRM;Flat;4,955049902
A2_2017;KDE99;2;VRM;Flat;14,11935407
A2_2021;KDE99;2;VRM;Flat;13,13696596
H7_2020;KDE99;2;VRM;Flat;15,04157618
HA9_2020;KDE99;2;VRM;Flat;24,51089385
D15_2020;KDE99;2;VRM;Flat;5,148176846
G4_2019;KDE99;2;VRM;Hilly;-17,97065433
H11_2018;KDE99;2;VRM;Hilly;-10,52095773
H11_2019;KDE99;2;VRM;Hilly;-16,18578663
H10_2017;KDE99;2;VRM;Hilly;-40,11128938
H10_2019;KDE99;2;VRM;Hilly;1,828357586
H10_2020;KDE99;2;VRM;Hilly;0,138355251
H10_2022;KDE99;2;VRM;Hilly;0,689633298
G2_2016;KDE99;2;VRM;Hilly;-14,66988602
G2_2018;KDE99;2;VRM;Hilly;-11,80895457
G2_2019;KDE99;2;VRM;Hilly;-15,72355417
G2_2022;KDE99;2;VRM;Hilly;-8,243501865
HA17_2018;KDE99;2;VRM;Hilly;11,46170042
HA17_2020;KDE99;2;VRM;Hilly;2,991924657
HA13_2020;KDE99;2;VRM;Hilly;-3,172921716
HA12_2019;KDE99;2;VRM;Hilly;-7,609850057
H1_2016;KDE99;2;VRM;Hilly;-12,462097
H6_2016;KDE99;2;VRM;Hilly;-11,38392897
H6_2021;KDE99;2;VRM;Hilly;5,597399431
HA11_2019;KDE99;2;VRM;Hilly;-0,000843463
A6_2016;KDE99;2;VRM;Hilly;5,315680226
A6_2020_1;KDE99;2;VRM;Hilly;6,352431861
A6_2020_2;KDE99;2;VRM;Hilly;4,951008564
A6_2021;KDE99;2;VRM;Hilly;4,554433939
G3_2018;KDE99;2;VRM;Hilly;-19,18887586
HA1_2020;KDE99;2;VRM;Hilly;-10,02118924
HA15_2022;KDE99;2;VRM;Hilly;-15,95271074
A4_2020;KDE99;2;VRM;Hilly;-8,020317833
H4_2016;KDE99;2;VRM;Hilly;-9,482712445
H4_2018;KDE99;2;VRM;Hilly;-17,13512089
H4_2019;KDE99;2;VRM;Hilly;-5,557509734
A2_2017;KDE99;2;VRM;Hilly;-14,40339943
A2_2021;KDE99;2;VRM;Hilly;-13,70156109
H7_2020;KDE99;2;VRM;Hilly;-15,91401033
HA9_2020;KDE99;2;VRM;Hilly;-23,28929541
D15_2020;KDE99;2;VRM;Hilly;-4,894877463
G4_2019;KDE99;2;VRM;Rugged;-9,666829549
H11_2018;KDE99;2;VRM;Rugged;0,810877307
H11_2019;KDE99;2;VRM;Rugged;-2,631042074
H10_2017;KDE99;2;VRM;Rugged;0,003360102
H10_2019;KDE99;2;VRM;Rugged;0,003360102
H10_2020;KDE99;2;VRM;Rugged;0,003360102
H10_2022;KDE99;2;VRM;Rugged;0,003360102
G2_2016;KDE99;2;VRM;Rugged;1,195629074
G2_2018;KDE99;2;VRM;Rugged;2,278267349
G2_2019;KDE99;2;VRM;Rugged;2,840139168
G2_2022;KDE99;2;VRM;Rugged;-4,642534058
HA17_2018;KDE99;2;VRM;Rugged;6,640971255
HA17_2020;KDE99;2;VRM;Rugged;4,907999376
HA13_2020;KDE99;2;VRM;Rugged;3,776764652
HA12_2019;KDE99;2;VRM;Rugged;8,791789023
H1_2016;KDE99;2;VRM;Rugged;1,239964817
H6_2016;KDE99;2;VRM;Rugged;0,219794907
H6_2021;KDE99;2;VRM;Rugged;0,528322158
HA11_2019;KDE99;2;VRM;Rugged;1,977266215
A6_2016;KDE99;2;VRM;Rugged;0,209914722
A6_2020_1;KDE99;2;VRM;Rugged;-0,760644967
A6_2020_2;KDE99;2;VRM;Rugged;-0,065404845
A6_2021;KDE99;2;VRM;Rugged;-0,055220055
G3_2018;KDE99;2;VRM;Rugged;-1,783673488
HA1_2020;KDE99;2;VRM;Rugged;3,906237914
HA15_2022;KDE99;2;VRM;Rugged;0,817974902
A4_2020;KDE99;2;VRM;Rugged;0,396713877
H4_2016;KDE99;2;VRM;Rugged;-0,208595616
H4_2018;KDE99;2;VRM;Rugged;-0,632045324
H4_2019;KDE99;2;VRM;Rugged;0,602459833
A2_2017;KDE99;2;VRM;Rugged;0,284045357
A2_2021;KDE99;2;VRM;Rugged;0,56459513
H7_2020;KDE99;2;VRM;Rugged;0,872434145
HA9_2020;KDE99;2;VRM;Rugged;-1,221598438
D15_2020;KDE99;2;VRM;Rugged;-0,253299383
G4_2019;KDE50;2;OSO;Crop;0,048899756
H11_2018;KDE50;2;OSO;Crop;0,239079279
H11_2019;KDE50;2;OSO;Crop;0,25529199
H10_2017;KDE50;2;OSO;Crop;1,785535159
H10_2019;KDE50;2;OSO;Crop;-0,17830524
H10_2020;KDE50;2;OSO;Crop;1,712328717
H10_2022;KDE50;2;OSO;Crop;0,573903495
G2_2016;KDE50;2;OSO;Crop;0,006286738
G2_2018;KDE50;2;OSO;Crop;0,006286738
G2_2019;KDE50;2;OSO;Crop;0,006286738
G2_2022;KDE50;2;OSO;Crop;0,006286738
HA17_2018;KDE50;2;OSO;Crop;0
HA17_2020;KDE50;2;OSO;Crop;0
HA13_2020;KDE50;2;OSO;Crop;0
HA12_2019;KDE50;2;OSO;Crop;0
H1_2016;KDE50;2;OSO;Crop;0,030747944
H6_2016;KDE50;2;OSO;Crop;0,182612148
H6_2021;KDE50;2;OSO;Crop;0,695686187
HA11_2019;KDE50;2;OSO;Crop;0
A6_2016;KDE50;2;OSO;Crop;0,356835892
A6_2020_1;KDE50;2;OSO;Crop;-0,402301004
A6_2020_2;KDE50;2;OSO;Crop;0,454492142
A6_2021;KDE50;2;OSO;Crop;0,228794898
G3_2018;KDE50;2;OSO;Crop;0
HA1_2020;KDE50;2;OSO;Crop;0
HA15_2022;KDE50;2;OSO;Crop;0
A4_2020;KDE50;2;OSO;Crop;0,510334269
H4_2016;KDE50;2;OSO;Crop;0,017710609
H4_2018;KDE50;2;OSO;Crop;-0,115979231
H4_2019;KDE50;2;OSO;Crop;0,017710609
A2_2017;KDE50;2;OSO;Crop;1,323381338
A2_2021;KDE50;2;OSO;Crop;1,356803797
H7_2020;KDE50;2;OSO;Crop;0,218962776
HA9_2020;KDE50;2;OSO;Crop;0,251932363
D15_2020;KDE50;2;OSO;Crop;0,092682927
G4_2019;KDE50;2;OSO;Forest;8,415272186
H11_2018;KDE50;2;OSO;Forest;-19,46925818
H11_2019;KDE50;2;OSO;Forest;-21,62911924
H10_2017;KDE50;2;OSO;Forest;11,01116163
H10_2019;KDE50;2;OSO;Forest;-14,8271143
H10_2020;KDE50;2;OSO;Forest;-3,281901567
H10_2022;KDE50;2;OSO;Forest;-1,337111524
G2_2016;KDE50;2;OSO;Forest;-21,87787124
G2_2018;KDE50;2;OSO;Forest;-24,52436285
G2_2019;KDE50;2;OSO;Forest;-40,90803558
G2_2022;KDE50;2;OSO;Forest;-8,452974575
HA17_2018;KDE50;2;OSO;Forest;0,506863683
HA17_2020;KDE50;2;OSO;Forest;18,28201655
HA13_2020;KDE50;2;OSO;Forest;32,57342637
HA12_2019;KDE50;2;OSO;Forest;22,38899629
H1_2016;KDE50;2;OSO;Forest;-11,10680277
H6_2016;KDE50;2;OSO;Forest;-29,95264896
H6_2021;KDE50;2;OSO;Forest;34,08360136
HA11_2019;KDE50;2;OSO;Forest;7,830932852
A6_2016;KDE50;2;OSO;Forest;-18,75400888
A6_2020_1;KDE50;2;OSO;Forest;-10,33927541
A6_2020_2;KDE50;2;OSO;Forest;-4,785898202
A6_2021;KDE50;2;OSO;Forest;-1,639762872
G3_2018;KDE50;2;OSO;Forest;-8,739418997
HA1_2020;KDE50;2;OSO;Forest;34,05257623
HA15_2022;KDE50;2;OSO;Forest;0,587834237
A4_2020;KDE50;2;OSO;Forest;4,799243874
H4_2016;KDE50;2;OSO;Forest;-8,415330032
H4_2018;KDE50;2;OSO;Forest;-12,13495284
H4_2019;KDE50;2;OSO;Forest;-25,48462716
A2_2017;KDE50;2;OSO;Forest;-6,58894182
A2_2021;KDE50;2;OSO;Forest;-14,11923837
H7_2020;KDE50;2;OSO;Forest;15,37963145
HA9_2020;KDE50;2;OSO;Forest;4,625670426
D15_2020;KDE50;2;OSO;Forest;-9,125080645
G4_2019;KDE50;2;OSO;Open;-6,485069896
H11_2018;KDE50;2;OSO;Open;12,75810822
H11_2019;KDE50;2;OSO;Open;15,13583407
H10_2017;KDE50;2;OSO;Open;42,48575991
H10_2019;KDE50;2;OSO;Open;5,039257922
H10_2020;KDE50;2;OSO;Open;17,92598784
H10_2022;KDE50;2;OSO;Open;14,39664495
G2_2016;KDE50;2;OSO;Open;21,20306209
G2_2018;KDE50;2;OSO;Open;23,18467655
G2_2019;KDE50;2;OSO;Open;40,7961555
G2_2022;KDE50;2;OSO;Open;21,57842049
HA17_2018;KDE50;2;OSO;Open;-22,21305123
HA17_2020;KDE50;2;OSO;Open;-3,215142666
HA13_2020;KDE50;2;OSO;Open;-15,05652356
HA12_2019;KDE50;2;OSO;Open;-7,483631023
H1_2016;KDE50;2;OSO;Open;9,210997031
H6_2016;KDE50;2;OSO;Open;29,15948646
H6_2021;KDE50;2;OSO;Open;-5,765489398
HA11_2019;KDE50;2;OSO;Open;-19,72136802
A6_2016;KDE50;2;OSO;Open;18,33852884
A6_2020_1;KDE50;2;OSO;Open;10,72373194
A6_2020_2;KDE50;2;OSO;Open;4,272761913
A6_2021;KDE50;2;OSO;Open;1,352323827
G3_2018;KDE50;2;OSO;Open;8,466053218
HA1_2020;KDE50;2;OSO;Open;9,24861708
HA15_2022;KDE50;2;OSO;Open;-11,36543333
A4_2020;KDE50;2;OSO;Open;-5,497763904
H4_2016;KDE50;2;OSO;Open;15,48824027
H4_2018;KDE50;2;OSO;Open;24,68186148
H4_2019;KDE50;2;OSO;Open;23,20898968
A2_2017;KDE50;2;OSO;Open;5,207303865
A2_2021;KDE50;2;OSO;Open;12,04667826
H7_2020;KDE50;2;OSO;Open;9,685012386
HA9_2020;KDE50;2;OSO;Open;6,169980508
D15_2020;KDE50;2;OSO;Open;9,003129425
G4_2019;KDE50;2;OSO;Urban;-1,979102045
H11_2018;KDE50;2;OSO;Urban;5,509664093
H11_2019;KDE50;2;OSO;Urban;5,259373884
H10_2017;KDE50;2;OSO;Urban;-15,84167677
H10_2019;KDE50;2;OSO;Urban;5,845658949
H10_2020;KDE50;2;OSO;Urban;-12,90550487
H10_2022;KDE50;2;OSO;Urban;-14,18141392
G2_2016;KDE50;2;OSO;Urban;0,668522407
G2_2018;KDE50;2;OSO;Urban;1,333399555
G2_2019;KDE50;2;OSO;Urban;0,105593346
G2_2022;KDE50;2;OSO;Urban;-12,98050392
HA17_2018;KDE50;2;OSO;Urban;0,256144219
HA17_2020;KDE50;2;OSO;Urban;0,238087159
HA13_2020;KDE50;2;OSO;Urban;0,071356366
HA12_2019;KDE50;2;OSO;Urban;0,061030451
H1_2016;KDE50;2;OSO;Urban;1,865057796
H6_2016;KDE50;2;OSO;Urban;0,817784835
H6_2021;KDE50;2;OSO;Urban;-29,02497383
HA11_2019;KDE50;2;OSO;Urban;0,716845878
A6_2016;KDE50;2;OSO;Urban;0,058644147
A6_2020_1;KDE50;2;OSO;Urban;0,017844474
A6_2020_2;KDE50;2;OSO;Urban;0,058644147
A6_2021;KDE50;2;OSO;Urban;0,058644147
G3_2018;KDE50;2;OSO;Urban;0,217676156
HA1_2020;KDE50;2;OSO;Urban;0
HA15_2022;KDE50;2;OSO;Urban;0,481094191
A4_2020;KDE50;2;OSO;Urban;0,188185762
H4_2016;KDE50;2;OSO;Urban;-0,847605212
H4_2018;KDE50;2;OSO;Urban;0,018655069
H4_2019;KDE50;2;OSO;Urban;0,255240078
A2_2017;KDE50;2;OSO;Urban;0,097411663
A2_2021;KDE50;2;OSO;Urban;0,853191939
H7_2020;KDE50;2;OSO;Urban;-6,770770477
HA9_2020;KDE50;2;OSO;Urban;8,332090186
D15_2020;KDE50;2;OSO;Urban;0,024390244
G4_2019;KDE50;2;OSO;Wetland;NA
H11_2018;KDE50;2;OSO;Wetland;0,432578095
H11_2019;KDE50;2;OSO;Wetland;0,432578095
H10_2017;KDE50;2;OSO;Wetland;0,020062193
H10_2019;KDE50;2;OSO;Wetland;0,020062193
H10_2020;KDE50;2;OSO;Wetland;0,020062193
H10_2022;KDE50;2;OSO;Wetland;0,020062193
G2_2016;KDE50;2;OSO;Wetland;0
G2_2018;KDE50;2;OSO;Wetland;0
G2_2019;KDE50;2;OSO;Wetland;0
G2_2022;KDE50;2;OSO;Wetland;-0,11342155
HA17_2018;KDE50;2;OSO;Wetland;0
HA17_2020;KDE50;2;OSO;Wetland;0
HA13_2020;KDE50;2;OSO;Wetland;0
HA12_2019;KDE50;2;OSO;Wetland;0,080303225
H1_2016;KDE50;2;OSO;Wetland;NA
H6_2016;KDE50;2;OSO;Wetland;-0,238993114
H6_2021;KDE50;2;OSO;Wetland;0
HA11_2019;KDE50;2;OSO;Wetland;0
A6_2016;KDE50;2;OSO;Wetland;0
A6_2020_1;KDE50;2;OSO;Wetland;0
A6_2020_2;KDE50;2;OSO;Wetland;0
A6_2021;KDE50;2;OSO;Wetland;0
G3_2018;KDE50;2;OSO;Wetland;0,006187736
HA1_2020;KDE50;2;OSO;Wetland;0
HA15_2022;KDE50;2;OSO;Wetland;0
A4_2020;KDE50;2;OSO;Wetland;0
H4_2016;KDE50;2;OSO;Wetland;0,023614145
H4_2018;KDE50;2;OSO;Wetland;0,023614145
H4_2019;KDE50;2;OSO;Wetland;0,023614145
A2_2017;KDE50;2;OSO;Wetland;-0,039155046
A2_2021;KDE50;2;OSO;Wetland;-0,137435622
H7_2020;KDE50;2;OSO;Wetland;0,00599898
HA9_2020;KDE50;2;OSO;Wetland;-22,9290565
D15_2020;KDE50;2;OSO;Wetland;0,004878049
G4_2019;KDE50;2;OSO;Rocky;NA
H11_2018;KDE50;2;OSO;Rocky;0,529828491
H11_2019;KDE50;2;OSO;Rocky;0,546041201
H10_2017;KDE50;2;OSO;Rocky;-39,46084212
H10_2019;KDE50;2;OSO;Rocky;4,10044048
H10_2020;KDE50;2;OSO;Rocky;-3,470972313
H10_2022;KDE50;2;OSO;Rocky;0,527914807
G2_2016;KDE50;2;OSO;Rocky;0
G2_2018;KDE50;2;OSO;Rocky;0
G2_2019;KDE50;2;OSO;Rocky;0
G2_2022;KDE50;2;OSO;Rocky;-0,037807183
HA17_2018;KDE50;2;OSO;Rocky;21,45004332
HA17_2020;KDE50;2;OSO;Rocky;-15,30496104
HA13_2020;KDE50;2;OSO;Rocky;-17,58825917
HA12_2019;KDE50;2;OSO;Rocky;-15,04669894
H1_2016;KDE50;2;OSO;Rocky;NA
H6_2016;KDE50;2;OSO;Rocky;0,031758634
H6_2021;KDE50;2;OSO;Rocky;0,011175682
HA11_2019;KDE50;2;OSO;Rocky;11,17358929
A6_2016;KDE50;2;OSO;Rocky;NA
A6_2020_1;KDE50;2;OSO;Rocky;NA
A6_2020_2;KDE50;2;OSO;Rocky;NA
A6_2021;KDE50;2;OSO;Rocky;NA
G3_2018;KDE50;2;OSO;Rocky;0,049501887
HA1_2020;KDE50;2;OSO;Rocky;-43,30119331
HA15_2022;KDE50;2;OSO;Rocky;10,2965049
A4_2020;KDE50;2;OSO;Rocky;0
H4_2016;KDE50;2;OSO;Rocky;-6,266629779
H4_2018;KDE50;2;OSO;Rocky;-12,47319863
H4_2019;KDE50;2;OSO;Rocky;1,979072654
A2_2017;KDE50;2;OSO;Rocky;NA
A2_2021;KDE50;2;OSO;Rocky;NA
H7_2020;KDE50;2;OSO;Rocky;-18,51883511
HA9_2020;KDE50;2;OSO;Rocky;3,549383017
D15_2020;KDE50;2;OSO;Rocky;NA
G4_2019;KDE99;2;OSO;Crop;0,062359092
H11_2018;KDE99;2;OSO;Crop;1,182810639
H11_2019;KDE99;2;OSO;Crop;1,220227691
H10_2017;KDE99;2;OSO;Crop;3,061053056
H10_2019;KDE99;2;OSO;Crop;-0,421676033
H10_2020;KDE99;2;OSO;Crop;1,40860103
H10_2022;KDE99;2;OSO;Crop;1,098894682
G2_2016;KDE99;2;OSO;Crop;0,059283412
G2_2018;KDE99;2;OSO;Crop;0,059283412
G2_2019;KDE99;2;OSO;Crop;-0,029342881
G2_2022;KDE99;2;OSO;Crop;0,00631731
HA17_2018;KDE99;2;OSO;Crop;0,049652433
HA17_2020;KDE99;2;OSO;Crop;0,049652433
HA13_2020;KDE99;2;OSO;Crop;0,060766371
HA12_2019;KDE99;2;OSO;Crop;0,005751975
H1_2016;KDE99;2;OSO;Crop;0,317198756
H6_2016;KDE99;2;OSO;Crop;0,444958036
H6_2021;KDE99;2;OSO;Crop;0,485094368
HA11_2019;KDE99;2;OSO;Crop;0,095922239
A6_2016;KDE99;2;OSO;Crop;1,508082899
A6_2020_1;KDE99;2;OSO;Crop;0,709248021
A6_2020_2;KDE99;2;OSO;Crop;1,411467521
A6_2021;KDE99;2;OSO;Crop;1,426510074
G3_2018;KDE99;2;OSO;Crop;0,095681705
HA1_2020;KDE99;2;OSO;Crop;0,003800692
HA15_2022;KDE99;2;OSO;Crop;0,634300874
A4_2020;KDE99;2;OSO;Crop;0,85345509
H4_2016;KDE99;2;OSO;Crop;1,260648661
H4_2018;KDE99;2;OSO;Crop;1,178837917
H4_2019;KDE99;2;OSO;Crop;1,117655334
A2_2017;KDE99;2;OSO;Crop;1,84340801
A2_2021;KDE99;2;OSO;Crop;1,794438563
H7_2020;KDE99;2;OSO;Crop;-0,201828664
HA9_2020;KDE99;2;OSO;Crop;0,081964921
D15_2020;KDE99;2;OSO;Crop;0,263445665
G4_2019;KDE99;2;OSO;Forest;8,766049032
H11_2018;KDE99;2;OSO;Forest;-20,04880484
H11_2019;KDE99;2;OSO;Forest;-26,87642606
H10_2017;KDE99;2;OSO;Forest;13,39987736
H10_2019;KDE99;2;OSO;Forest;-12,73189065
H10_2020;KDE99;2;OSO;Forest;-2,844792153
H10_2022;KDE99;2;OSO;Forest;-0,153906806
G2_2016;KDE99;2;OSO;Forest;-17,72132889
G2_2018;KDE99;2;OSO;Forest;-26,05669985
G2_2019;KDE99;2;OSO;Forest;-30,90695173
G2_2022;KDE99;2;OSO;Forest;-7,771994837
HA17_2018;KDE99;2;OSO;Forest;8,789646968
HA17_2020;KDE99;2;OSO;Forest;13,8293229
HA13_2020;KDE99;2;OSO;Forest;29,5468606
HA12_2019;KDE99;2;OSO;Forest;11,09143406
H1_2016;KDE99;2;OSO;Forest;-7,204926559
H6_2016;KDE99;2;OSO;Forest;-17,22338416
H6_2021;KDE99;2;OSO;Forest;32,67282871
HA11_2019;KDE99;2;OSO;Forest;15,22938649
A6_2016;KDE99;2;OSO;Forest;-27,66010455
A6_2020_1;KDE99;2;OSO;Forest;-18,6616748
A6_2020_2;KDE99;2;OSO;Forest;-13,83225122
A6_2021;KDE99;2;OSO;Forest;-10,50054946
G3_2018;KDE99;2;OSO;Forest;-4,852697225
HA1_2020;KDE99;2;OSO;Forest;16,19378282
HA15_2022;KDE99;2;OSO;Forest;10,06503247
A4_2020;KDE99;2;OSO;Forest;0,54697519
H4_2016;KDE99;2;OSO;Forest;-0,344906192
H4_2018;KDE99;2;OSO;Forest;-7,688380644
H4_2019;KDE99;2;OSO;Forest;-12,87288636
A2_2017;KDE99;2;OSO;Forest;-10,29851355
A2_2021;KDE99;2;OSO;Forest;-11,46410143
H7_2020;KDE99;2;OSO;Forest;20,24960504
HA9_2020;KDE99;2;OSO;Forest;12,95134615
D15_2020;KDE99;2;OSO;Forest;-9,484510651
G4_2019;KDE99;2;OSO;Open;-7,620510396
H11_2018;KDE99;2;OSO;Open;14,20338196
H11_2019;KDE99;2;OSO;Open;20,73948731
H10_2017;KDE99;2;OSO;Open;39,85347155
H10_2019;KDE99;2;OSO;Open;7,874929344
H10_2020;KDE99;2;OSO;Open;17,03008846
H10_2022;KDE99;2;OSO;Open;13,23060306
G2_2016;KDE99;2;OSO;Open;16,74522412
G2_2018;KDE99;2;OSO;Open;24,33703794
G2_2019;KDE99;2;OSO;Open;30,14748901
G2_2022;KDE99;2;OSO;Open;17,9706031
HA17_2018;KDE99;2;OSO;Open;-9,882750278
HA17_2020;KDE99;2;OSO;Open;-2,491362769
HA13_2020;KDE99;2;OSO;Open;-11,40855612
HA12_2019;KDE99;2;OSO;Open;-3,236427788
H1_2016;KDE99;2;OSO;Open;6,073669075
H6_2016;KDE99;2;OSO;Open;16,87651388
H6_2021;KDE99;2;OSO;Open;-9,019073213
HA11_2019;KDE99;2;OSO;Open;-14,47981978
A6_2016;KDE99;2;OSO;Open;25,73406644
A6_2020_1;KDE99;2;OSO;Open;17,72858351
A6_2020_2;KDE99;2;OSO;Open;12,01266134
A6_2021;KDE99;2;OSO;Open;8,667131458
G3_2018;KDE99;2;OSO;Open;4,232479006
HA1_2020;KDE99;2;OSO;Open;11,30429439
HA15_2022;KDE99;2;OSO;Open;-11,07862614
A4_2020;KDE99;2;OSO;Open;-1,859448671
H4_2016;KDE99;2;OSO;Open;2,591807635
H4_2018;KDE99;2;OSO;Open;13,81506063
H4_2019;KDE99;2;OSO;Open;13,04239493
A2_2017;KDE99;2;OSO;Open;8,283673558
A2_2021;KDE99;2;OSO;Open;8,98201971
H7_2020;KDE99;2;OSO;Open;2,090003392
HA9_2020;KDE99;2;OSO;Open;3,786237521
D15_2020;KDE99;2;OSO;Open;9,012114418
G4_2019;KDE99;2;OSO;Urban;-1,207897729
H11_2018;KDE99;2;OSO;Urban;3,588758548
H11_2019;KDE99;2;OSO;Urban;3,989002957
H10_2017;KDE99;2;OSO;Urban;-21,68049909
H10_2019;KDE99;2;OSO;Urban;2,993589789
H10_2020;KDE99;2;OSO;Urban;-13,13394614
H10_2022;KDE99;2;OSO;Urban;-14,12151754
G2_2016;KDE99;2;OSO;Urban;0,885327044
G2_2018;KDE99;2;OSO;Urban;1,628884192
G2_2019;KDE99;2;OSO;Urban;0,757311288
G2_2022;KDE99;2;OSO;Urban;-10,13048768
HA17_2018;KDE99;2;OSO;Urban;-0,021105061
HA17_2020;KDE99;2;OSO;Urban;0,301347214
HA13_2020;KDE99;2;OSO;Urban;0,336002288
HA12_2019;KDE99;2;OSO;Urban;0,016308133
H1_2016;KDE99;2;OSO;Urban;0,814058728
H6_2016;KDE99;2;OSO;Urban;0,107556705
H6_2021;KDE99;2;OSO;Urban;-24,15486325
HA11_2019;KDE99;2;OSO;Urban;3,502640571
A6_2016;KDE99;2;OSO;Urban;0,393590104
A6_2020_1;KDE99;2;OSO;Urban;0,199478166
A6_2020_2;KDE99;2;OSO;Urban;0,383757262
A6_2021;KDE99;2;OSO;Urban;0,382542822
G3_2018;KDE99;2;OSO;Urban;0,276746267
HA1_2020;KDE99;2;OSO;Urban;0,043707955
HA15_2022;KDE99;2;OSO;Urban;1,407237332
A4_2020;KDE99;2;OSO;Urban;0,430446476
H4_2016;KDE99;2;OSO;Urban;0,086132652
H4_2018;KDE99;2;OSO;Urban;0,498024509
H4_2019;KDE99;2;OSO;Urban;0,491850358
A2_2017;KDE99;2;OSO;Urban;0,204288247
A2_2021;KDE99;2;OSO;Urban;0,780544595
H7_2020;KDE99;2;OSO;Urban;-6,671087229
HA9_2020;KDE99;2;OSO;Urban;1,785871911
D15_2020;KDE99;2;OSO;Urban;0,202713239
G4_2019;KDE99;2;OSO;Wetland;NA
H11_2018;KDE99;2;OSO;Wetland;0,341555078
H11_2019;KDE99;2;OSO;Wetland;0,261303174
H10_2017;KDE99;2;OSO;Wetland;0,023520715
H10_2019;KDE99;2;OSO;Wetland;-0,261948882
H10_2020;KDE99;2;OSO;Wetland;0,023520715
H10_2022;KDE99;2;OSO;Wetland;0,009505298
G2_2016;KDE99;2;OSO;Wetland;0,029641706
G2_2018;KDE99;2;OSO;Wetland;0,029641706
G2_2019;KDE99;2;OSO;Wetland;0,029641706
G2_2022;KDE99;2;OSO;Wetland;-0,049807447
HA17_2018;KDE99;2;OSO;Wetland;0,006206554
HA17_2020;KDE99;2;OSO;Wetland;0,006206554
HA13_2020;KDE99;2;OSO;Wetland;0,01429797
HA12_2019;KDE99;2;OSO;Wetland;1,915432471
H1_2016;KDE99;2;OSO;Wetland;NA
H6_2016;KDE99;2;OSO;Wetland;-0,138628032
H6_2021;KDE99;2;OSO;Wetland;0,001779264
HA11_2019;KDE99;2;OSO;Wetland;0,063948159
A6_2016;KDE99;2;OSO;Wetland;0,024365102
A6_2020_1;KDE99;2;OSO;Wetland;0,024365102
A6_2020_2;KDE99;2;OSO;Wetland;0,024365102
A6_2021;KDE99;2;OSO;Wetland;0,024365102
G3_2018;KDE99;2;OSO;Wetland;-0,008011418
HA1_2020;KDE99;2;OSO;Wetland;0,001900346
HA15_2022;KDE99;2;OSO;Wetland;0,107139601
A4_2020;KDE99;2;OSO;Wetland;0,007437862
H4_2016;KDE99;2;OSO;Wetland;0,072582802
H4_2018;KDE99;2;OSO;Wetland;0,072582802
H4_2019;KDE99;2;OSO;Wetland;0,072582802
A2_2017;KDE99;2;OSO;Wetland;-0,032856265
A2_2021;KDE99;2;OSO;Wetland;-0,092901442
H7_2020;KDE99;2;OSO;Wetland;0,07286122
HA9_2020;KDE99;2;OSO;Wetland;-17,95362766
D15_2020;KDE99;2;OSO;Wetland;0,00623733
G4_2019;KDE99;2;OSO;Rocky;NA
H11_2018;KDE99;2;OSO;Rocky;0,732298618
H11_2019;KDE99;2;OSO;Rocky;0,666404935
H10_2017;KDE99;2;OSO;Rocky;-34,65742359
H10_2019;KDE99;2;OSO;Rocky;2,546996435
H10_2020;KDE99;2;OSO;Rocky;-2,483471915
H10_2022;KDE99;2;OSO;Rocky;-0,06357869
G2_2016;KDE99;2;OSO;Rocky;0,001852607
G2_2018;KDE99;2;OSO;Rocky;0,001852607
G2_2019;KDE99;2;OSO;Rocky;0,001852607
G2_2022;KDE99;2;OSO;Rocky;-0,024630444
HA17_2018;KDE99;2;OSO;Rocky;1,058349384
HA17_2020;KDE99;2;OSO;Rocky;-11,69516634
HA13_2020;KDE99;2;OSO;Rocky;-18,54937111
HA12_2019;KDE99;2;OSO;Rocky;-9,792498851
H1_2016;KDE99;2;OSO;Rocky;NA
H6_2016;KDE99;2;OSO;Rocky;-0,067016433
H6_2021;KDE99;2;OSO;Rocky;0,014234116
HA11_2019;KDE99;2;OSO;Rocky;-4,412077679
A6_2016;KDE99;2;OSO;Rocky;NA
A6_2020_1;KDE99;2;OSO;Rocky;NA
A6_2020_2;KDE99;2;OSO;Rocky;NA
A6_2021;KDE99;2;OSO;Rocky;NA
G3_2018;KDE99;2;OSO;Rocky;0,255801665
HA1_2020;KDE99;2;OSO;Rocky;-27,5474862
HA15_2022;KDE99;2;OSO;Rocky;-1,135084142
A4_2020;KDE99;2;OSO;Rocky;0,008453621
H4_2016;KDE99;2;OSO;Rocky;-3,666265557
H4_2018;KDE99;2;OSO;Rocky;-7,876125213
H4_2019;KDE99;2;OSO;Rocky;-1,851597067
A2_2017;KDE99;2;OSO;Rocky;NA
A2_2021;KDE99;2;OSO;Rocky;NA
H7_2020;KDE99;2;OSO;Rocky;-15,53955376
HA9_2020;KDE99;2;OSO;Rocky;-0,651792838
D15_2020;KDE99;2;OSO;Rocky;NA
G4_2019;KDE50;3;VRM;Flat;19,11575655
H11_2018;KDE50;3;VRM;Flat;2,545018328
H11_2019;KDE50;3;VRM;Flat;6,985269294
H10_2017;KDE50;3;VRM;Flat;-6,24846458
H10_2019;KDE50;3;VRM;Flat;-6,922197574
H10_2020;KDE50;3;VRM;Flat;-6,84368364
H10_2022;KDE50;3;VRM;Flat;-3,813127292
G2_2016;KDE50;3;VRM;Flat;-2,039223171
G2_2018;KDE50;3;VRM;Flat;-6,372874774
G2_2019;KDE50;3;VRM;Flat;8,87499888
G2_2022;KDE50;3;VRM;Flat;0,613242127
HA17_2018;KDE50;3;VRM;Flat;-25,6026071
HA17_2020;KDE50;3;VRM;Flat;-13,02166769
HA13_2020;KDE50;3;VRM;Flat;-14,09179891
HA12_2019;KDE50;3;VRM;Flat;-2,461708914
H1_2016;KDE50;3;VRM;Flat;9,524253975
H6_2016;KDE50;3;VRM;Flat;10,93959875
H6_2021;KDE50;3;VRM;Flat;-8,675028845
HA11_2019;KDE50;3;VRM;Flat;-12,21948778
A6_2016;KDE50;3;VRM;Flat;-9,99697317
A6_2020_1;KDE50;3;VRM;Flat;-11,0729091
A6_2020_2;KDE50;3;VRM;Flat;-11,2162319
A6_2021;KDE50;3;VRM;Flat;-9,304936651
G3_2018;KDE50;3;VRM;Flat;30,53031894
HA15_2022;KDE50;3;VRM;Flat;8,534958536
A4_2020;KDE50;3;VRM;Flat;16,14296344
H4_2016;KDE50;3;VRM;Flat;6,435473673
H4_2018;KDE50;3;VRM;Flat;6,635093807
H4_2019;KDE50;3;VRM;Flat;8,501613277
A2_2017;KDE50;3;VRM;Flat;6,731370665
A2_2021;KDE50;3;VRM;Flat;6,912024298
H7_2020;KDE50;3;VRM;Flat;6,898936976
HA9_2020;KDE50;3;VRM;Flat;22,26268366
D15_2020;KDE50;3;VRM;Flat;-1,350350487
G4_2019;KDE50;3;VRM;Hilly;-9,756711406
H11_2018;KDE50;3;VRM;Hilly;-4,357061697
H11_2019;KDE50;3;VRM;Hilly;-4,458441305
H10_2017;KDE50;3;VRM;Hilly;6,24846458
H10_2019;KDE50;3;VRM;Hilly;6,922197574
H10_2020;KDE50;3;VRM;Hilly;6,84368364
H10_2022;KDE50;3;VRM;Hilly;3,813127292
G2_2016;KDE50;3;VRM;Hilly;2,054361842
G2_2018;KDE50;3;VRM;Hilly;0,722561123
G2_2019;KDE50;3;VRM;Hilly;-12,13060542
G2_2022;KDE50;3;VRM;Hilly;5,135338116
HA17_2018;KDE50;3;VRM;Hilly;20,06856233
HA17_2020;KDE50;3;VRM;Hilly;9,83358875
HA13_2020;KDE50;3;VRM;Hilly;4,015270937
HA12_2019;KDE50;3;VRM;Hilly;-6,707688523
H1_2016;KDE50;3;VRM;Hilly;-10,69039872
H6_2016;KDE50;3;VRM;Hilly;-10,60572129
H6_2021;KDE50;3;VRM;Hilly;7,796248451
HA11_2019;KDE50;3;VRM;Hilly;3,617223971
A6_2016;KDE50;3;VRM;Hilly;9,853295009
A6_2020_1;KDE50;3;VRM;Hilly;11,60838784
A6_2020_2;KDE50;3;VRM;Hilly;11,45281993
A6_2021;KDE50;3;VRM;Hilly;9,486772016
G3_2018;KDE50;3;VRM;Hilly;-30,98229346
HA15_2022;KDE50;3;VRM;Hilly;-14,4223956
A4_2020;KDE50;3;VRM;Hilly;-16,55683348
H4_2016;KDE50;3;VRM;Hilly;-6,851873661
H4_2018;KDE50;3;VRM;Hilly;-6,610309515
H4_2019;KDE50;3;VRM;Hilly;-8,7401967
A2_2017;KDE50;3;VRM;Hilly;-6,564150912
A2_2021;KDE50;3;VRM;Hilly;-6,756443701
H7_2020;KDE50;3;VRM;Hilly;-7,937212568
HA9_2020;KDE50;3;VRM;Hilly;-22,9213784
D15_2020;KDE50;3;VRM;Hilly;1,120901217
G4_2019;KDE50;3;VRM;Rugged;-9,35904514
H11_2018;KDE50;3;VRM;Rugged;1,812043369
H11_2019;KDE50;3;VRM;Rugged;-2,526827989
H10_2017;KDE50;3;VRM;Rugged;0
H10_2019;KDE50;3;VRM;Rugged;0
H10_2020;KDE50;3;VRM;Rugged;0
H10_2022;KDE50;3;VRM;Rugged;0
G2_2016;KDE50;3;VRM;Rugged;-0,01513867
G2_2018;KDE50;3;VRM;Rugged;5,650313652
G2_2019;KDE50;3;VRM;Rugged;3,25560654
G2_2022;KDE50;3;VRM;Rugged;-5,748580242
HA17_2018;KDE50;3;VRM;Rugged;5,534044773
HA17_2020;KDE50;3;VRM;Rugged;3,18807894
HA13_2020;KDE50;3;VRM;Rugged;10,07652797
HA12_2019;KDE50;3;VRM;Rugged;9,169397437
H1_2016;KDE50;3;VRM;Rugged;1,166144741
H6_2016;KDE50;3;VRM;Rugged;-0,333877461
H6_2021;KDE50;3;VRM;Rugged;0,878780394
HA11_2019;KDE50;3;VRM;Rugged;8,602263805
A6_2016;KDE50;3;VRM;Rugged;0,143678161
A6_2020_1;KDE50;3;VRM;Rugged;-0,535478748
A6_2020_2;KDE50;3;VRM;Rugged;-0,236588025
A6_2021;KDE50;3;VRM;Rugged;-0,181835365
G3_2018;KDE50;3;VRM;Rugged;0,451974514
HA15_2022;KDE50;3;VRM;Rugged;5,887437059
A4_2020;KDE50;3;VRM;Rugged;0,413870039
H4_2016;KDE50;3;VRM;Rugged;0,416399987
H4_2018;KDE50;3;VRM;Rugged;-0,024784292
H4_2019;KDE50;3;VRM;Rugged;0,238583423
A2_2017;KDE50;3;VRM;Rugged;-0,167219753
A2_2021;KDE50;3;VRM;Rugged;-0,155580597
H7_2020;KDE50;3;VRM;Rugged;1,038275592
HA9_2020;KDE50;3;VRM;Rugged;0,658694748
D15_2020;KDE50;3;VRM;Rugged;0,22944927
G4_2019;KDE99;3;VRM;Flat;17,17608914
H11_2018;KDE99;3;VRM;Flat;12,12496444
H11_2019;KDE99;3;VRM;Flat;10,56894263
H10_2017;KDE99;3;VRM;Flat;-1,312579845
H10_2019;KDE99;3;VRM;Flat;-2,826798286
H10_2020;KDE99;3;VRM;Flat;-4,339217282
H10_2022;KDE99;3;VRM;Flat;-2,25212161
G2_2016;KDE99;3;VRM;Flat;4,927422539
G2_2018;KDE99;3;VRM;Flat;0,951958348
G2_2019;KDE99;3;VRM;Flat;7,433404878
G2_2022;KDE99;3;VRM;Flat;3,345751317
HA17_2018;KDE99;3;VRM;Flat;-12,24813442
HA17_2020;KDE99;3;VRM;Flat;-9,397820292
HA13_2020;KDE99;3;VRM;Flat;-2,466695148
HA12_2019;KDE99;3;VRM;Flat;-6,07924219
H1_2016;KDE99;3;VRM;Flat;6,909739488
H6_2016;KDE99;3;VRM;Flat;7,351469095
H6_2021;KDE99;3;VRM;Flat;-3,636810023
HA11_2019;KDE99;3;VRM;Flat;-4,810072911
A6_2016;KDE99;3;VRM;Flat;-4,101525488
A6_2020_1;KDE99;3;VRM;Flat;-6,192285562
A6_2020_2;KDE99;3;VRM;Flat;-4,970034373
A6_2021;KDE99;3;VRM;Flat;-5,106577059
G3_2018;KDE99;3;VRM;Flat;22,05514386
HA15_2022;KDE99;3;VRM;Flat;10,69744068
A4_2020;KDE99;3;VRM;Flat;12,36590976
H4_2016;KDE99;3;VRM;Flat;4,191118597
H4_2018;KDE99;3;VRM;Flat;5,20681048
H4_2019;KDE99;3;VRM;Flat;6,163098919
A2_2017;KDE99;3;VRM;Flat;11,27998519
A2_2021;KDE99;3;VRM;Flat;10,89517107
H7_2020;KDE99;3;VRM;Flat;7,344233119
HA9_2020;KDE99;3;VRM;Flat;18,04712036
D15_2020;KDE99;3;VRM;Flat;0,188670506
G4_2019;KDE99;3;VRM;Hilly;-10,18681184
H11_2018;KDE99;3;VRM;Hilly;-12,25099609
H11_2019;KDE99;3;VRM;Hilly;-8,084494277
H10_2017;KDE99;3;VRM;Hilly;1,309219743
H10_2019;KDE99;3;VRM;Hilly;2,830189923
H10_2020;KDE99;3;VRM;Hilly;4,33585718
H10_2022;KDE99;3;VRM;Hilly;2,248761507
G2_2016;KDE99;3;VRM;Hilly;-4,283316871
G2_2018;KDE99;3;VRM;Hilly;-3,294104863
G2_2019;KDE99;3;VRM;Hilly;-9,731778538
G2_2022;KDE99;3;VRM;Hilly;-0,179466129
HA17_2018;KDE99;3;VRM;Hilly;7,474322714
HA17_2020;KDE99;3;VRM;Hilly;4,377952253
HA13_2020;KDE99;3;VRM;Hilly;-2,165708848
HA12_2019;KDE99;3;VRM;Hilly;-2,956687328
H1_2016;KDE99;3;VRM;Hilly;-7,182793114
H6_2016;KDE99;3;VRM;Hilly;-7,25910365
H6_2021;KDE99;3;VRM;Hilly;2,967656687
HA11_2019;KDE99;3;VRM;Hilly;1,615503566
A6_2016;KDE99;3;VRM;Hilly;3,891610766
A6_2020_1;KDE99;3;VRM;Hilly;6,512562298
A6_2020_2;KDE99;3;VRM;Hilly;5,060378966
A6_2021;KDE99;3;VRM;Hilly;5,143976658
G3_2018;KDE99;3;VRM;Hilly;-20,73266207
HA15_2022;KDE99;3;VRM;Hilly;-12,42459289
A4_2020;KDE99;3;VRM;Hilly;-12,63373852
H4_2016;KDE99;3;VRM;Hilly;-4,557222416
H4_2018;KDE99;3;VRM;Hilly;-5,123245515
H4_2019;KDE99;3;VRM;Hilly;-6,366381383
A2_2017;KDE99;3;VRM;Hilly;-11,68637657
A2_2021;KDE99;3;VRM;Hilly;-11,4153143
H7_2020;KDE99;3;VRM;Hilly;-8,053711008
HA9_2020;KDE99;3;VRM;Hilly;-15,42480524
D15_2020;KDE99;3;VRM;Hilly;-0,274488047
G4_2019;KDE99;3;VRM;Rugged;-6,9892773
H11_2018;KDE99;3;VRM;Rugged;0,126031641
H11_2019;KDE99;3;VRM;Rugged;-2,484448355
H10_2017;KDE99;3;VRM;Rugged;0,003360102
H10_2019;KDE99;3;VRM;Rugged;-0,003391636
H10_2020;KDE99;3;VRM;Rugged;0,003360102
H10_2022;KDE99;3;VRM;Rugged;0,003360102
G2_2016;KDE99;3;VRM;Rugged;-0,644105668
G2_2018;KDE99;3;VRM;Rugged;2,342146516
G2_2019;KDE99;3;VRM;Rugged;2,29837366
G2_2022;KDE99;3;VRM;Rugged;-3,166285188
HA17_2018;KDE99;3;VRM;Rugged;4,773811705
HA17_2020;KDE99;3;VRM;Rugged;5,019868039
HA13_2020;KDE99;3;VRM;Rugged;4,632403996
HA12_2019;KDE99;3;VRM;Rugged;9,035929517
H1_2016;KDE99;3;VRM;Rugged;0,273053626
H6_2016;KDE99;3;VRM;Rugged;-0,092365445
H6_2021;KDE99;3;VRM;Rugged;0,669153335
HA11_2019;KDE99;3;VRM;Rugged;3,194569345
A6_2016;KDE99;3;VRM;Rugged;0,209914722
A6_2020_1;KDE99;3;VRM;Rugged;-0,320276736
A6_2020_2;KDE99;3;VRM;Rugged;-0,090344593
A6_2021;KDE99;3;VRM;Rugged;-0,037399599
G3_2018;KDE99;3;VRM;Rugged;-1,322481788
HA15_2022;KDE99;3;VRM;Rugged;1,727152204
A4_2020;KDE99;3;VRM;Rugged;0,26782876
H4_2016;KDE99;3;VRM;Rugged;0,366103819
H4_2018;KDE99;3;VRM;Rugged;-0,083564965
H4_2019;KDE99;3;VRM;Rugged;0,203282464
A2_2017;KDE99;3;VRM;Rugged;0,406391386
A2_2021;KDE99;3;VRM;Rugged;0,520143234
H7_2020;KDE99;3;VRM;Rugged;0,709477889
HA9_2020;KDE99;3;VRM;Rugged;-2,622315124
D15_2020;KDE99;3;VRM;Rugged;0,085817541
G4_2019;KDE50;3;OSO;Crop;0,048899756
H11_2018;KDE50;3;OSO;Crop;0,173315178
H11_2019;KDE50;3;OSO;Crop;0,234887991
H10_2017;KDE50;3;OSO;Crop;1,408176668
H10_2019;KDE50;3;OSO;Crop;0,129871322
H10_2020;KDE50;3;OSO;Crop;1,644292221
H10_2022;KDE50;3;OSO;Crop;0,606866192
G2_2016;KDE50;3;OSO;Crop;0,006286738
G2_2018;KDE50;3;OSO;Crop;0,006286738
G2_2019;KDE50;3;OSO;Crop;0,006286738
G2_2022;KDE50;3;OSO;Crop;0,006286738
HA17_2018;KDE50;3;OSO;Crop;0
HA17_2020;KDE50;3;OSO;Crop;0
HA13_2020;KDE50;3;OSO;Crop;0
HA12_2019;KDE50;3;OSO;Crop;0
H1_2016;KDE50;3;OSO;Crop;0,030747944
H6_2016;KDE50;3;OSO;Crop;0,085665953
H6_2021;KDE50;3;OSO;Crop;0,683744462
HA11_2019;KDE50;3;OSO;Crop;0
A6_2016;KDE50;3;OSO;Crop;0,329413968
A6_2020_1;KDE50;3;OSO;Crop;-0,154407156
A6_2020_2;KDE50;3;OSO;Crop;0,184303009
A6_2021;KDE50;3;OSO;Crop;0,072855594
G3_2018;KDE50;3;OSO;Crop;0
HA15_2022;KDE50;3;OSO;Crop;0
A4_2020;KDE50;3;OSO;Crop;0,510334269
H4_2016;KDE50;3;OSO;Crop;0,017710609
H4_2018;KDE50;3;OSO;Crop;-0,054805708
H4_2019;KDE50;3;OSO;Crop;-0,024933315
A2_2017;KDE50;3;OSO;Crop;1,327495474
A2_2021;KDE50;3;OSO;Crop;1,356803797
H7_2020;KDE50;3;OSO;Crop;0,218962776
HA9_2020;KDE50;3;OSO;Crop;0,142567166
D15_2020;KDE50;3;OSO;Crop;0,075585987
G4_2019;KDE50;3;OSO;Forest;4,81817829
H11_2018;KDE50;3;OSO;Forest;-19,19800143
H11_2019;KDE50;3;OSO;Forest;-13,76525206
H10_2017;KDE50;3;OSO;Forest;-4,654315169
H10_2019;KDE50;3;OSO;Forest;-14,44459907
H10_2020;KDE50;3;OSO;Forest;-1,784685066
H10_2022;KDE50;3;OSO;Forest;-2,542366026
G2_2016;KDE50;3;OSO;Forest;-9,97212794
G2_2018;KDE50;3;OSO;Forest;-29,29831727
G2_2019;KDE50;3;OSO;Forest;-31,17564777
G2_2022;KDE50;3;OSO;Forest;-6,331156822
HA17_2018;KDE50;3;OSO;Forest;4,89975999
HA17_2020;KDE50;3;OSO;Forest;14,47058537
HA13_2020;KDE50;3;OSO;Forest;30,94365289
HA12_2019;KDE50;3;OSO;Forest;17,78201026
H1_2016;KDE50;3;OSO;Forest;-10,50946309
H6_2016;KDE50;3;OSO;Forest;-15,69079359
H6_2021;KDE50;3;OSO;Forest;32,55604069
HA11_2019;KDE50;3;OSO;Forest;0,59781779
A6_2016;KDE50;3;OSO;Forest;-18,56205541
A6_2020_1;KDE50;3;OSO;Forest;-6,510202159
A6_2020_2;KDE50;3;OSO;Forest;-1,254874718
A6_2021;KDE50;3;OSO;Forest;-4,116017713
G3_2018;KDE50;3;OSO;Forest;-12,00728029
HA15_2022;KDE50;3;OSO;Forest;2,523677432
A4_2020;KDE50;3;OSO;Forest;14,97406595
H4_2016;KDE50;3;OSO;Forest;-11,72432208
H4_2018;KDE50;3;OSO;Forest;-5,23856715
H4_2019;KDE50;3;OSO;Forest;-21,75056842
A2_2017;KDE50;3;OSO;Forest;-8,670890713
A2_2021;KDE50;3;OSO;Forest;-11,59753617
H7_2020;KDE50;3;OSO;Forest;16,07835495
HA9_2020;KDE50;3;OSO;Forest;1,861979748
D15_2020;KDE50;3;OSO;Forest;-8,759026559
G4_2019;KDE50;3;OSO;Open;-4,29810406
H11_2018;KDE50;3;OSO;Open;13,00059827
H11_2019;KDE50;3;OSO;Open;8,379941926
H10_2017;KDE50;3;OSO;Open;18,32461764
H10_2019;KDE50;3;OSO;Open;5,72073333
H10_2020;KDE50;3;OSO;Open;7,077682341
H10_2022;KDE50;3;OSO;Open;11,54084345
G2_2016;KDE50;3;OSO;Open;9,161687623
G2_2018;KDE50;3;OSO;Open;28,55263531
G2_2019;KDE50;3;OSO;Open;30,75598595
G2_2022;KDE50;3;OSO;Open;14,3471899
HA17_2018;KDE50;3;OSO;Open;-12,14690412
HA17_2020;KDE50;3;OSO;Open;-4,673015335
HA13_2020;KDE50;3;OSO;Open;-11,63492292
HA12_2019;KDE50;3;OSO;Open;-8,008485973
H1_2016;KDE50;3;OSO;Open;9,693394936
H6_2016;KDE50;3;OSO;Open;17,54320485
H6_2021;KDE50;3;OSO;Open;-5,366861571
HA11_2019;KDE50;3;OSO;Open;-15,23194557
A6_2016;KDE50;3;OSO;Open;18,1739973
A6_2020_1;KDE50;3;OSO;Open;6,629384371
A6_2020_2;KDE50;3;OSO;Open;1,021934566
A6_2021;KDE50;3;OSO;Open;3,995742576
G3_2018;KDE50;3;OSO;Open;11,7043835
HA15_2022;KDE50;3;OSO;Open;-10,66545689
A4_2020;KDE50;3;OSO;Open;-15,67258598
H4_2016;KDE50;3;OSO;Open;13,80770563
H4_2018;KDE50;3;OSO;Open;11,68337644
H4_2019;KDE50;3;OSO;Open;25,29436429
A2_2017;KDE50;3;OSO;Open;7,4090329
A2_2021;KDE50;3;OSO;Open;9,90028394
H7_2020;KDE50;3;OSO;Open;14,43415007
HA9_2020;KDE50;3;OSO;Open;7,554117528
D15_2020;KDE50;3;OSO;Open;8,654172279
G4_2019;KDE50;3;OSO;Urban;-0,568973986
H11_2018;KDE50;3;OSO;Urban;5,068890631
H11_2019;KDE50;3;OSO;Urban;4,212610844
H10_2017;KDE50;3;OSO;Urban;-11,77232439
H10_2019;KDE50;3;OSO;Urban;3,89119663
H10_2020;KDE50;3;OSO;Urban;-8,145845341
H10_2022;KDE50;3;OSO;Urban;-11,46770383
G2_2016;KDE50;3;OSO;Urban;0,80415358
G2_2018;KDE50;3;OSO;Urban;0,739395226
G2_2019;KDE50;3;OSO;Urban;0,413375078
G2_2022;KDE50;3;OSO;Urban;-7,938127011
HA17_2018;KDE50;3;OSO;Urban;0,256144219
HA17_2020;KDE50;3;OSO;Urban;0,243511576
HA13_2020;KDE50;3;OSO;Urban;0,071356366
HA12_2019;KDE50;3;OSO;Urban;0,061030451
H1_2016;KDE50;3;OSO;Urban;0,785320209
H6_2016;KDE50;3;OSO;Urban;-1,799762426
H6_2021;KDE50;3;OSO;Urban;-27,88409927
HA11_2019;KDE50;3;OSO;Urban;0,678406516
A6_2016;KDE50;3;OSO;Urban;0,058644147
A6_2020_1;KDE50;3;OSO;Urban;0,035224944
A6_2020_2;KDE50;3;OSO;Urban;0,048637142
A6_2021;KDE50;3;OSO;Urban;0,047419543
G3_2018;KDE50;3;OSO;Urban;0,247207169
HA15_2022;KDE50;3;OSO;Urban;0,481094191
A4_2020;KDE50;3;OSO;Urban;0,188185762
H4_2016;KDE50;3;OSO;Urban;-0,216036751
H4_2018;KDE50;3;OSO;Urban;0,088876974
H4_2019;KDE50;3;OSO;Urban;0,160022335
A2_2017;KDE50;3;OSO;Urban;-0,034710886
A2_2021;KDE50;3;OSO;Urban;0,448930875
H7_2020;KDE50;3;OSO;Urban;-4,0320928
HA9_2020;KDE50;3;OSO;Urban;4,266666727
D15_2020;KDE50;3;OSO;Urban;0,024390244
G4_2019;KDE50;3;OSO;Wetland;NA
H11_2018;KDE50;3;OSO;Wetland;0,432578095
H11_2019;KDE50;3;OSO;Wetland;0,412174095
H10_2017;KDE50;3;OSO;Wetland;0,020062193
H10_2019;KDE50;3;OSO;Wetland;0,020062193
H10_2020;KDE50;3;OSO;Wetland;0,020062193
H10_2022;KDE50;3;OSO;Wetland;0,020062193
G2_2016;KDE50;3;OSO;Wetland;0
G2_2018;KDE50;3;OSO;Wetland;0
G2_2019;KDE50;3;OSO;Wetland;0
G2_2022;KDE50;3;OSO;Wetland;-0,063144601
HA17_2018;KDE50;3;OSO;Wetland;0
HA17_2020;KDE50;3;OSO;Wetland;0
HA13_2020;KDE50;3;OSO;Wetland;0
HA12_2019;KDE50;3;OSO;Wetland;0,063757891
H1_2016;KDE50;3;OSO;Wetland;NA
H6_2016;KDE50;3;OSO;Wetland;-0,170073414
H6_2021;KDE50;3;OSO;Wetland;0
HA11_2019;KDE50;3;OSO;Wetland;0
A6_2016;KDE50;3;OSO;Wetland;0
A6_2020_1;KDE50;3;OSO;Wetland;0
A6_2020_2;KDE50;3;OSO;Wetland;0
A6_2021;KDE50;3;OSO;Wetland;0
G3_2018;KDE50;3;OSO;Wetland;0,006187736
HA15_2022;KDE50;3;OSO;Wetland;0
A4_2020;KDE50;3;OSO;Wetland;0
H4_2016;KDE50;3;OSO;Wetland;0,023614145
H4_2018;KDE50;3;OSO;Wetland;0,023614145
H4_2019;KDE50;3;OSO;Wetland;0,023614145
A2_2017;KDE50;3;OSO;Wetland;-0,030926774
A2_2021;KDE50;3;OSO;Wetland;-0,108482446
H7_2020;KDE50;3;OSO;Wetland;0,00599898
HA9_2020;KDE50;3;OSO;Wetland;-17,56292093
D15_2020;KDE50;3;OSO;Wetland;0,004878049
G4_2019;KDE50;3;OSO;Rocky;NA
H11_2018;KDE50;3;OSO;Rocky;0,522619255
H11_2019;KDE50;3;OSO;Rocky;0,525637202
H10_2017;KDE50;3;OSO;Rocky;-3,326216933
H10_2019;KDE50;3;OSO;Rocky;4,682735594
H10_2020;KDE50;3;OSO;Rocky;1,188493652
H10_2022;KDE50;3;OSO;Rocky;1,842298015
G2_2016;KDE50;3;OSO;Rocky;0
G2_2018;KDE50;3;OSO;Rocky;0
G2_2019;KDE50;3;OSO;Rocky;0
G2_2022;KDE50;3;OSO;Rocky;-0,0210482
HA17_2018;KDE50;3;OSO;Rocky;6,990999915
HA17_2020;KDE50;3;OSO;Rocky;-10,04108161
HA13_2020;KDE50;3;OSO;Rocky;-19,38008634
HA12_2019;KDE50;3;OSO;Rocky;-9,898312627
H1_2016;KDE50;3;OSO;Rocky;NA
H6_2016;KDE50;3;OSO;Rocky;0,031758634
H6_2021;KDE50;3;OSO;Rocky;0,011175682
HA11_2019;KDE50;3;OSO;Rocky;13,95572126
A6_2016;KDE50;3;OSO;Rocky;NA
A6_2020_1;KDE50;3;OSO;Rocky;NA
A6_2020_2;KDE50;3;OSO;Rocky;NA
A6_2021;KDE50;3;OSO;Rocky;NA
G3_2018;KDE50;3;OSO;Rocky;0,049501887
HA15_2022;KDE50;3;OSO;Rocky;7,660685263
A4_2020;KDE50;3;OSO;Rocky;0
H4_2016;KDE50;3;OSO;Rocky;-1,908671548
H4_2018;KDE50;3;OSO;Rocky;-6,502494704
H4_2019;KDE50;3;OSO;Rocky;-3,702499034
A2_2017;KDE50;3;OSO;Rocky;NA
A2_2021;KDE50;3;OSO;Rocky;NA
H7_2020;KDE50;3;OSO;Rocky;-26,70537397
HA9_2020;KDE50;3;OSO;Rocky;3,737589755
D15_2020;KDE50;3;OSO;Rocky;NA
G4_2019;KDE99;3;OSO;Crop;0,062359092
H11_2018;KDE99;3;OSO;Crop;1,136397503
H11_2019;KDE99;3;OSO;Crop;1,223108803
H10_2017;KDE99;3;OSO;Crop;2,196499742
H10_2019;KDE99;3;OSO;Crop;-0,119015812
H10_2020;KDE99;3;OSO;Crop;1,796461616
H10_2022;KDE99;3;OSO;Crop;1,391205728
G2_2016;KDE99;3;OSO;Crop;0,059283412
G2_2018;KDE99;3;OSO;Crop;0,020821873
G2_2019;KDE99;3;OSO;Crop;-0,010320542
G2_2022;KDE99;3;OSO;Crop;-0,018547695
HA17_2018;KDE99;3;OSO;Crop;0,049652433
HA17_2020;KDE99;3;OSO;Crop;0,049652433
HA13_2020;KDE99;3;OSO;Crop;0,060766371
HA12_2019;KDE99;3;OSO;Crop;0,005751975
H1_2016;KDE99;3;OSO;Crop;0,272404
H6_2016;KDE99;3;OSO;Crop;0,132797683
H6_2021;KDE99;3;OSO;Crop;0,315170954
HA11_2019;KDE99;3;OSO;Crop;0,095922239
A6_2016;KDE99;3;OSO;Crop;1,107364321
A6_2020_1;KDE99;3;OSO;Crop;0,174701671
A6_2020_2;KDE99;3;OSO;Crop;1,108353769
A6_2021;KDE99;3;OSO;Crop;1,029169919
G3_2018;KDE99;3;OSO;Crop;0,102711634
HA15_2022;KDE99;3;OSO;Crop;0,562099796
A4_2020;KDE99;3;OSO;Crop;1,002266282
H4_2016;KDE99;3;OSO;Crop;1,238470795
H4_2018;KDE99;3;OSO;Crop;1,149148183
H4_2019;KDE99;3;OSO;Crop;1,142340468
A2_2017;KDE99;3;OSO;Crop;1,907749398
A2_2021;KDE99;3;OSO;Crop;1,4827528
H7_2020;KDE99;3;OSO;Crop;-0,004144026
HA9_2020;KDE99;3;OSO;Crop;0,037402243
D15_2020;KDE99;3;OSO;Crop;0,203298916
G4_2019;KDE99;3;OSO;Forest;6,270975349
H11_2018;KDE99;3;OSO;Forest;-17,9297436
H11_2019;KDE99;3;OSO;Forest;-17,93369468
H10_2017;KDE99;3;OSO;Forest;-3,693062125
H10_2019;KDE99;3;OSO;Forest;-10,50338711
H10_2020;KDE99;3;OSO;Forest;-2,237282177
H10_2022;KDE99;3;OSO;Forest;0,413236135
G2_2016;KDE99;3;OSO;Forest;-11,48692762
G2_2018;KDE99;3;OSO;Forest;-20,59435468
G2_2019;KDE99;3;OSO;Forest;-23,10694764
G2_2022;KDE99;3;OSO;Forest;-6,089295658
HA17_2018;KDE99;3;OSO;Forest;5,982273416
HA17_2020;KDE99;3;OSO;Forest;11,59782624
HA13_2020;KDE99;3;OSO;Forest;24,41362971
HA12_2019;KDE99;3;OSO;Forest;8,883794309
H1_2016;KDE99;3;OSO;Forest;-6,432021924
H6_2016;KDE99;3;OSO;Forest;-6,598796589
H6_2021;KDE99;3;OSO;Forest;26,63304704
HA11_2019;KDE99;3;OSO;Forest;9,963007151
A6_2016;KDE99;3;OSO;Forest;-21,85022077
A6_2020_1;KDE99;3;OSO;Forest;-6,590023006
A6_2020_2;KDE99;3;OSO;Forest;-12,09651914
A6_2021;KDE99;3;OSO;Forest;-9,368797682
G3_2018;KDE99;3;OSO;Forest;-8,229593707
HA15_2022;KDE99;3;OSO;Forest;9,419626684
A4_2020;KDE99;3;OSO;Forest;8,468780338
H4_2016;KDE99;3;OSO;Forest;-6,764131515
H4_2018;KDE99;3;OSO;Forest;-4,599362613
H4_2019;KDE99;3;OSO;Forest;-14,42635808
A2_2017;KDE99;3;OSO;Forest;-9,154142454
A2_2021;KDE99;3;OSO;Forest;-7,062530096
H7_2020;KDE99;3;OSO;Forest;19,62643144
HA9_2020;KDE99;3;OSO;Forest;12,63189436
D15_2020;KDE99;3;OSO;Forest;-5,388939713
G4_2019;KDE99;3;OSO;Open;-5,800714863
H11_2018;KDE99;3;OSO;Open;12,34563237
H11_2019;KDE99;3;OSO;Open;14,13018221
H10_2017;KDE99;3;OSO;Open;13,1363726
H10_2019;KDE99;3;OSO;Open;5,410321184
H10_2020;KDE99;3;OSO;Open;5,847310715
H10_2022;KDE99;3;OSO;Open;7,289858314
G2_2016;KDE99;3;OSO;Open;10,48610092
G2_2018;KDE99;3;OSO;Open;19,35350727
G2_2019;KDE99;3;OSO;Open;22,34974062
G2_2022;KDE99;3;OSO;Open;10,95429855
HA17_2018;KDE99;3;OSO;Open;-5,164137675
HA17_2020;KDE99;3;OSO;Open;-6,42076966
HA13_2020;KDE99;3;OSO;Open;-11,30915957
HA12_2019;KDE99;3;OSO;Open;-4,760278059
H1_2016;KDE99;3;OSO;Open;6,518338967
H6_2016;KDE99;3;OSO;Open;8,436369485
H6_2021;KDE99;3;OSO;Open;-8,875779251
HA11_2019;KDE99;3;OSO;Open;-12,97656944
A6_2016;KDE99;3;OSO;Open;20,36644674
A6_2020_1;KDE99;3;OSO;Open;6,291916939
A6_2020_2;KDE99;3;OSO;Open;10,645275
A6_2021;KDE99;3;OSO;Open;8,091701154
G3_2018;KDE99;3;OSO;Open;7,606160021
HA15_2022;KDE99;3;OSO;Open;-12,32389192
A4_2020;KDE99;3;OSO;Open;-9,925198634
H4_2016;KDE99;3;OSO;Open;5,982771991
H4_2018;KDE99;3;OSO;Open;6,675676649
H4_2019;KDE99;3;OSO;Open;15,45736515
A2_2017;KDE99;3;OSO;Open;7,019751685
A2_2021;KDE99;3;OSO;Open;5,072959262
H7_2020;KDE99;3;OSO;Open;4,014053663
HA9_2020;KDE99;3;OSO;Open;-0,080002424
D15_2020;KDE99;3;OSO;Open;4,997838584
G4_2019;KDE99;3;OSO;Urban;-0,532619578
H11_2018;KDE99;3;OSO;Urban;3,497569205
H11_2019;KDE99;3;OSO;Urban;2,043326322
H10_2017;KDE99;3;OSO;Urban;-9,096445293
H10_2019;KDE99;3;OSO;Urban;2,342186754
H10_2020;KDE99;3;OSO;Urban;-6,464870034
H10_2022;KDE99;3;OSO;Urban;-10,31281461
G2_2016;KDE99;3;OSO;Urban;0,910048984
G2_2018;KDE99;3;OSO;Urban;1,188531225
G2_2019;KDE99;3;OSO;Urban;0,742993642
G2_2022;KDE99;3;OSO;Urban;-4,800118405
HA17_2018;KDE99;3;OSO;Urban;0,055565732
HA17_2020;KDE99;3;OSO;Urban;0,02986918
HA13_2020;KDE99;3;OSO;Urban;0,336002288
HA12_2019;KDE99;3;OSO;Urban;-0,010913666
H1_2016;KDE99;3;OSO;Urban;-0,358721044
H6_2016;KDE99;3;OSO;Urban;-1,878871949
H6_2021;KDE99;3;OSO;Urban;-18,08097661
HA11_2019;KDE99;3;OSO;Urban;3,442954126
A6_2016;KDE99;3;OSO;Urban;0,352044612
A6_2020_1;KDE99;3;OSO;Urban;0,099039294
A6_2020_2;KDE99;3;OSO;Urban;0,318525275
A6_2021;KDE99;3;OSO;Urban;0,223561508
G3_2018;KDE99;3;OSO;Urban;0,245126282
HA15_2022;KDE99;3;OSO;Urban;1,403065199
A4_2020;KDE99;3;OSO;Urban;0,412340948
H4_2016;KDE99;3;OSO;Urban;0,506068294
H4_2018;KDE99;3;OSO;Urban;0,617943231
H4_2019;KDE99;3;OSO;Urban;0,631657597
A2_2017;KDE99;3;OSO;Urban;0,245103985
A2_2021;KDE99;3;OSO;Urban;0,572842473
H7_2020;KDE99;3;OSO;Urban;-3,966698564
HA9_2020;KDE99;3;OSO;Urban;0,019364794
D15_2020;KDE99;3;OSO;Urban;0,181564883
G4_2019;KDE99;3;OSO;Wetland;NA
H11_2018;KDE99;3;OSO;Wetland;0,186199591
H11_2019;KDE99;3;OSO;Wetland;0,308807222
H10_2017;KDE99;3;OSO;Wetland;0,023520715
H10_2019;KDE99;3;OSO;Wetland;-0,233045351
H10_2020;KDE99;3;OSO;Wetland;0,023520715
H10_2022;KDE99;3;OSO;Wetland;0,01397873
G2_2016;KDE99;3;OSO;Wetland;0,029641706
G2_2018;KDE99;3;OSO;Wetland;0,029641706
G2_2019;KDE99;3;OSO;Wetland;0,022681311
G2_2022;KDE99;3;OSO;Wetland;-0,03521755
HA17_2018;KDE99;3;OSO;Wetland;0,006206554
HA17_2020;KDE99;3;OSO;Wetland;0,006206554
HA13_2020;KDE99;3;OSO;Wetland;0,01429797
HA12_2019;KDE99;3;OSO;Wetland;1,657012565
H1_2016;KDE99;3;OSO;Wetland;NA
H6_2016;KDE99;3;OSO;Wetland;-0,081470202
H6_2021;KDE99;3;OSO;Wetland;-0,005696253
HA11_2019;KDE99;3;OSO;Wetland;0,063948159
A6_2016;KDE99;3;OSO;Wetland;0,024365102
A6_2020_1;KDE99;3;OSO;Wetland;0,024365102
A6_2020_2;KDE99;3;OSO;Wetland;0,024365102
A6_2021;KDE99;3;OSO;Wetland;0,024365102
G3_2018;KDE99;3;OSO;Wetland;-0,012483674
HA15_2022;KDE99;3;OSO;Wetland;0,107139601
A4_2020;KDE99;3;OSO;Wetland;0,020677014
H4_2016;KDE99;3;OSO;Wetland;0,072582802
H4_2018;KDE99;3;OSO;Wetland;0,072582802
H4_2019;KDE99;3;OSO;Wetland;0,072582802
A2_2017;KDE99;3;OSO;Wetland;-0,018462615
A2_2021;KDE99;3;OSO;Wetland;-0,066024439
H7_2020;KDE99;3;OSO;Wetland;0,07286122
HA9_2020;KDE99;3;OSO;Wetland;-11,68179696
D15_2020;KDE99;3;OSO;Wetland;0,00623733
G4_2019;KDE99;3;OSO;Rocky;NA
H11_2018;KDE99;3;OSO;Rocky;0,763944926
H11_2019;KDE99;3;OSO;Rocky;0,228270125
H10_2017;KDE99;3;OSO;Rocky;-2,566885641
H10_2019;KDE99;3;OSO;Rocky;3,102940333
H10_2020;KDE99;3;OSO;Rocky;1,034859164
H10_2022;KDE99;3;OSO;Rocky;1,204535702
G2_2016;KDE99;3;OSO;Rocky;0,001852607
G2_2018;KDE99;3;OSO;Rocky;0,001852607
G2_2019;KDE99;3;OSO;Rocky;0,001852607
G2_2022;KDE99;3;OSO;Rocky;-0,011119244
HA17_2018;KDE99;3;OSO;Rocky;-0,92956046
HA17_2020;KDE99;3;OSO;Rocky;-5,262784751
HA13_2020;KDE99;3;OSO;Rocky;-13,51553677
HA12_2019;KDE99;3;OSO;Rocky;-5,775367123
H1_2016;KDE99;3;OSO;Rocky;NA
H6_2016;KDE99;3;OSO;Rocky;-0,010028427
H6_2021;KDE99;3;OSO;Rocky;0,014234116
HA11_2019;KDE99;3;OSO;Rocky;-0,589262239
A6_2016;KDE99;3;OSO;Rocky;NA
A6_2020_1;KDE99;3;OSO;Rocky;NA
A6_2020_2;KDE99;3;OSO;Rocky;NA
A6_2021;KDE99;3;OSO;Rocky;NA
G3_2018;KDE99;3;OSO;Rocky;0,288079444
HA15_2022;KDE99;3;OSO;Rocky;0,831960644
A4_2020;KDE99;3;OSO;Rocky;0,008453621
H4_2016;KDE99;3;OSO;Rocky;-1,035762367
H4_2018;KDE99;3;OSO;Rocky;-3,915988252
H4_2019;KDE99;3;OSO;Rocky;-2,877587934
A2_2017;KDE99;3;OSO;Rocky;NA
A2_2021;KDE99;3;OSO;Rocky;NA
H7_2020;KDE99;3;OSO;Rocky;-19,74250373
HA9_2020;KDE99;3;OSO;Rocky;-0,926862004
D15_2020;KDE99;3;OSO;Rocky;NA
G4_2019;KDE50;6;VRM;Flat;16,90323392
H10_2017;KDE50;6;VRM;Flat;-11,27967061
H10_2019;KDE50;6;VRM;Flat;-9,025640284
H10_2022;KDE50;6;VRM;Flat;-6,871352499
G2_2018;KDE50;6;VRM;Flat;-7,112813999
G2_2019;KDE50;6;VRM;Flat;5,28524949
HA17_2018;KDE50;6;VRM;Flat;-20,93998382
HA13_2020;KDE50;6;VRM;Flat;-11,06367032
HA12_2019;KDE50;6;VRM;Flat;-7,253665849
H1_2016;KDE50;6;VRM;Flat;3,366520073
H6_2016;KDE50;6;VRM;Flat;1,942062245
HA11_2019;KDE50;6;VRM;Flat;-10,64712122
A6_2016;KDE50;6;VRM;Flat;-10,40488354
A6_2021;KDE50;6;VRM;Flat;-11,47603866
G3_2018;KDE50;6;VRM;Flat;32,07725355
HA15_2022;KDE50;6;VRM;Flat;5,399604378
A4_2020;KDE50;6;VRM;Flat;15,47094789
H4_2016;KDE50;6;VRM;Flat;0,858805838
H4_2018;KDE50;6;VRM;Flat;-1,68251071
A2_2017;KDE50;6;VRM;Flat;4,249856157
A2_2021;KDE50;6;VRM;Flat;9,473526404
HA9_2020;KDE50;6;VRM;Flat;10,48046442
G4_2019;KDE50;6;VRM;Hilly;-8,238343374
H10_2017;KDE50;6;VRM;Hilly;11,27967061
H10_2019;KDE50;6;VRM;Hilly;9,025640284
H10_2022;KDE50;6;VRM;Hilly;6,871352499
G2_2018;KDE50;6;VRM;Hilly;3,574950395
G2_2019;KDE50;6;VRM;Hilly;-6,506490237
HA17_2018;KDE50;6;VRM;Hilly;16,30314957
HA13_2020;KDE50;6;VRM;Hilly;2,328354414
HA12_2019;KDE50;6;VRM;Hilly;-1,371328376
H1_2016;KDE50;6;VRM;Hilly;-5,003937561
H6_2016;KDE50;6;VRM;Hilly;-1,769129955
HA11_2019;KDE50;6;VRM;Hilly;2,06573373
A6_2016;KDE50;6;VRM;Hilly;10,30529709
A6_2021;KDE50;6;VRM;Hilly;11,63959114
G3_2018;KDE50;6;VRM;Hilly;-32,63749892
HA15_2022;KDE50;6;VRM;Hilly;-8,520506441
A4_2020;KDE50;6;VRM;Hilly;-15,91323481
H4_2016;KDE50;6;VRM;Hilly;-1,426094383
H4_2018;KDE50;6;VRM;Hilly;1,323532777
A2_2017;KDE50;6;VRM;Hilly;-4,132983314
A2_2021;KDE50;6;VRM;Hilly;-9,288177113
HA9_2020;KDE50;6;VRM;Hilly;-11,9001819
G4_2019;KDE50;6;VRM;Rugged;-8,664890548
H10_2017;KDE50;6;VRM;Rugged;0
H10_2019;KDE50;6;VRM;Rugged;0
H10_2022;KDE50;6;VRM;Rugged;0
G2_2018;KDE50;6;VRM;Rugged;3,537863604
G2_2019;KDE50;6;VRM;Rugged;1,221240747
HA17_2018;KDE50;6;VRM;Rugged;4,636834244
HA13_2020;KDE50;6;VRM;Rugged;8,735315908
HA12_2019;KDE50;6;VRM;Rugged;8,624994225
H1_2016;KDE50;6;VRM;Rugged;1,637417489
H6_2016;KDE50;6;VRM;Rugged;-0,17293229
HA11_2019;KDE50;6;VRM;Rugged;8,581387485
A6_2016;KDE50;6;VRM;Rugged;0,09958645
A6_2021;KDE50;6;VRM;Rugged;-0,163552476
G3_2018;KDE50;6;VRM;Rugged;0,560245371
HA15_2022;KDE50;6;VRM;Rugged;3,120902063
A4_2020;KDE50;6;VRM;Rugged;0,442286926
H4_2016;KDE50;6;VRM;Rugged;0,567288545
H4_2018;KDE50;6;VRM;Rugged;0,358977933
A2_2017;KDE50;6;VRM;Rugged;-0,116872842
A2_2021;KDE50;6;VRM;Rugged;-0,185349291
HA9_2020;KDE50;6;VRM;Rugged;1,41971748
G4_2019;KDE99;6;VRM;Flat;14,14394668
H10_2017;KDE99;6;VRM;Flat;-5,733531491
H10_2019;KDE99;6;VRM;Flat;-4,01097955
H10_2022;KDE99;6;VRM;Flat;-3,332367417
G2_2018;KDE99;6;VRM;Flat;-1,438410717
G2_2019;KDE99;6;VRM;Flat;4,909991468
HA17_2018;KDE99;6;VRM;Flat;-11,77949141
HA13_2020;KDE99;6;VRM;Flat;-2,09725682
HA12_2019;KDE99;6;VRM;Flat;-10,98743322
H1_2016;KDE99;6;VRM;Flat;4,612460545
H6_2016;KDE99;6;VRM;Flat;2,276303376
HA11_2019;KDE99;6;VRM;Flat;-3,551418826
A6_2016;KDE99;6;VRM;Flat;-4,403276958
A6_2021;KDE99;6;VRM;Flat;-5,480838422
G3_2018;KDE99;6;VRM;Flat;24,08735547
HA15_2022;KDE99;6;VRM;Flat;2,109961315
A4_2020;KDE99;6;VRM;Flat;11,48227222
H4_2016;KDE99;6;VRM;Flat;1,04807543
H4_2018;KDE99;6;VRM;Flat;-1,068767401
A2_2017;KDE99;6;VRM;Flat;7,139069013
A2_2021;KDE99;6;VRM;Flat;6,825693527
HA9_2020;KDE99;6;VRM;Flat;7,093833068
G4_2019;KDE99;6;VRM;Hilly;-8,420440546
H10_2017;KDE99;6;VRM;Hilly;5,730171388
H10_2019;KDE99;6;VRM;Hilly;4,015631947
H10_2022;KDE99;6;VRM;Hilly;3,329007315
G2_2018;KDE99;6;VRM;Hilly;-0,959406543
G2_2019;KDE99;6;VRM;Hilly;-5,589289533
HA17_2018;KDE99;6;VRM;Hilly;7,243300826
HA13_2020;KDE99;6;VRM;Hilly;-3,426733565
HA12_2019;KDE99;6;VRM;Hilly;1,190467587
H1_2016;KDE99;6;VRM;Hilly;-5,134442931
H6_2016;KDE99;6;VRM;Hilly;-2,341371643
HA11_2019;KDE99;6;VRM;Hilly;0,222003257
A6_2016;KDE99;6;VRM;Hilly;4,220491916
A6_2021;KDE99;6;VRM;Hilly;5,542481372
G3_2018;KDE99;6;VRM;Hilly;-22,93207517
HA15_2022;KDE99;6;VRM;Hilly;-5,223516921
A4_2020;KDE99;6;VRM;Hilly;-11,71750502
H4_2016;KDE99;6;VRM;Hilly;-1,528635366
H4_2018;KDE99;6;VRM;Hilly;0,888078559
A2_2017;KDE99;6;VRM;Hilly;-7,582396662
A2_2021;KDE99;6;VRM;Hilly;-7,153163311
HA9_2020;KDE99;6;VRM;Hilly;-6,958511981
G4_2019;KDE99;6;VRM;Rugged;-5,723506132
H10_2017;KDE99;6;VRM;Rugged;0,003360102
H10_2019;KDE99;6;VRM;Rugged;-0,004652397
H10_2022;KDE99;6;VRM;Rugged;0,003360102
G2_2018;KDE99;6;VRM;Rugged;2,39781726
G2_2019;KDE99;6;VRM;Rugged;0,679298065
HA17_2018;KDE99;6;VRM;Rugged;4,536190582
HA13_2020;KDE99;6;VRM;Rugged;5,523990385
HA12_2019;KDE99;6;VRM;Rugged;9,796965638
H1_2016;KDE99;6;VRM;Rugged;0,521982386
H6_2016;KDE99;6;VRM;Rugged;0,065068267
HA11_2019;KDE99;6;VRM;Rugged;3,329415569
A6_2016;KDE99;6;VRM;Rugged;0,182785042
A6_2021;KDE99;6;VRM;Rugged;-0,06164295
G3_2018;KDE99;6;VRM;Rugged;-1,155280301
HA15_2022;KDE99;6;VRM;Rugged;3,113555607
A4_2020;KDE99;6;VRM;Rugged;0,235232802
H4_2016;KDE99;6;VRM;Rugged;0,480559936
H4_2018;KDE99;6;VRM;Rugged;0,180688842
A2_2017;KDE99;6;VRM;Rugged;0,443327648
A2_2021;KDE99;6;VRM;Rugged;0,327469783
HA9_2020;KDE99;6;VRM;Rugged;-0,135321088
G4_2019;KDE50;6;OSO;Crop;-0,012714539
H10_2017;KDE50;6;OSO;Crop;1,785535159
H10_2019;KDE50;6;OSO;Crop;0,071665387
H10_2022;KDE50;6;OSO;Crop;0,11575904
G2_2018;KDE50;6;OSO;Crop;0,006286738
G2_2019;KDE50;6;OSO;Crop;0,006286738
HA17_2018;KDE50;6;OSO;Crop;0
HA13_2020;KDE50;6;OSO;Crop;0
HA12_2019;KDE50;6;OSO;Crop;0
H1_2016;KDE50;6;OSO;Crop;0,030747944
H6_2016;KDE50;6;OSO;Crop;-0,041547255
HA11_2019;KDE50;6;OSO;Crop;0
A6_2016;KDE50;6;OSO;Crop;0,36630872
A6_2021;KDE50;6;OSO;Crop;-0,259997713
G3_2018;KDE50;6;OSO;Crop;0
HA15_2022;KDE50;6;OSO;Crop;0
A4_2020;KDE50;6;OSO;Crop;0,510334269
H4_2016;KDE50;6;OSO;Crop;0,017710609
H4_2018;KDE50;6;OSO;Crop;-0,031205093
A2_2017;KDE50;6;OSO;Crop;1,333788838
A2_2021;KDE50;6;OSO;Crop;1,207117204
HA9_2020;KDE50;6;OSO;Crop;0,158082045
G4_2019;KDE50;6;OSO;Forest;4,144088568
H10_2017;KDE50;6;OSO;Forest;-7,8405773
H10_2019;KDE50;6;OSO;Forest;-8,937903371
H10_2022;KDE50;6;OSO;Forest;-3,856476532
G2_2018;KDE50;6;OSO;Forest;-24,63738473
G2_2019;KDE50;6;OSO;Forest;-21,26577694
HA17_2018;KDE50;6;OSO;Forest;2,977605464
HA13_2020;KDE50;6;OSO;Forest;18,16169324
HA12_2019;KDE50;6;OSO;Forest;4,280325009
H1_2016;KDE50;6;OSO;Forest;-11,75439674
H6_2016;KDE50;6;OSO;Forest;-0,707390952
HA11_2019;KDE50;6;OSO;Forest;0,876440372
A6_2016;KDE50;6;OSO;Forest;-18,55576841
A6_2021;KDE50;6;OSO;Forest;-4,111795254
G3_2018;KDE50;6;OSO;Forest;-13,43181591
HA15_2022;KDE50;6;OSO;Forest;2,044515793
A4_2020;KDE50;6;OSO;Forest;16,94003606
H4_2016;KDE50;6;OSO;Forest;-5,764057452
H4_2018;KDE50;6;OSO;Forest;-5,531296746
A2_2017;KDE50;6;OSO;Forest;-6,973173188
A2_2021;KDE50;6;OSO;Forest;-4,183372072
HA9_2020;KDE50;6;OSO;Forest;-3,056185666
G4_2019;KDE50;6;OSO;Open;-3,72711496
H10_2017;KDE50;6;OSO;Open;6,885532531
H10_2019;KDE50;6;OSO;Open;-1,124651719
H10_2022;KDE50;6;OSO;Open;8,879214932
G2_2018;KDE50;6;OSO;Open;23,7932381
G2_2019;KDE50;6;OSO;Open;20,55144385
HA17_2018;KDE50;6;OSO;Open;-9,318190111
HA13_2020;KDE50;6;OSO;Open;-7,676343625
HA12_2019;KDE50;6;OSO;Open;-4,586555223
H1_2016;KDE50;6;OSO;Open;12,00540018
H6_2016;KDE50;6;OSO;Open;6,72489083
HA11_2019;KDE50;6;OSO;Open;-13,39508328
A6_2016;KDE50;6;OSO;Open;18,13081554
A6_2021;KDE50;6;OSO;Open;4,334583515
G3_2018;KDE50;6;OSO;Open;13,10753521
HA15_2022;KDE50;6;OSO;Open;-9,657026561
A4_2020;KDE50;6;OSO;Open;-17,63855609
H4_2016;KDE50;6;OSO;Open;6,644078947
H4_2018;KDE50;6;OSO;Open;8,713943849
A2_2017;KDE50;6;OSO;Open;5,572497123
A2_2021;KDE50;6;OSO;Open;2,661043353
HA9_2020;KDE50;6;OSO;Open;4,387622907
G4_2019;KDE50;6;OSO;Urban;-0,404259069
H10_2017;KDE50;6;OSO;Urban;-1,981927915
H10_2019;KDE50;6;OSO;Urban;5,444432001
H10_2022;KDE50;6;OSO;Urban;-8,136200767
G2_2018;KDE50;6;OSO;Urban;0,837859887
G2_2019;KDE50;6;OSO;Urban;0,708046354
HA17_2018;KDE50;6;OSO;Urban;0,256144219
HA13_2020;KDE50;6;OSO;Urban;0,071356366
HA12_2019;KDE50;6;OSO;Urban;-0,209805447
H1_2016;KDE50;6;OSO;Urban;-0,281751388
H6_2016;KDE50;6;OSO;Urban;-5,882090632
HA11_2019;KDE50;6;OSO;Urban;0,591724232
A6_2016;KDE50;6;OSO;Urban;0,058644147
A6_2021;KDE50;6;OSO;Urban;0,037209452
G3_2018;KDE50;6;OSO;Urban;0,268591079
HA15_2022;KDE50;6;OSO;Urban;0,453075138
A4_2020;KDE50;6;OSO;Urban;0,188185762
H4_2016;KDE50;6;OSO;Urban;-0,073778756
H4_2018;KDE50;6;OSO;Urban;0,167545688
A2_2017;KDE50;6;OSO;Urban;0,085227273
A2_2021;KDE50;6;OSO;Urban;0,409141999
HA9_2020;KDE50;6;OSO;Urban;2,256593833
G4_2019;KDE50;6;OSO;Wetland;NA
H10_2017;KDE50;6;OSO;Wetland;0,020062193
H10_2019;KDE50;6;OSO;Wetland;-0,09243119
H10_2022;KDE50;6;OSO;Wetland;0,020062193
G2_2018;KDE50;6;OSO;Wetland;0
G2_2019;KDE50;6;OSO;Wetland;0
HA17_2018;KDE50;6;OSO;Wetland;0
HA13_2020;KDE50;6;OSO;Wetland;0
HA12_2019;KDE50;6;OSO;Wetland;0,067992502
H1_2016;KDE50;6;OSO;Wetland;NA
H6_2016;KDE50;6;OSO;Wetland;-0,100714025
HA11_2019;KDE50;6;OSO;Wetland;0
A6_2016;KDE50;6;OSO;Wetland;0
A6_2021;KDE50;6;OSO;Wetland;0
G3_2018;KDE50;6;OSO;Wetland;0,006187736
HA15_2022;KDE50;6;OSO;Wetland;0
A4_2020;KDE50;6;OSO;Wetland;0
H4_2016;KDE50;6;OSO;Wetland;0,023614145
H4_2018;KDE50;6;OSO;Wetland;0,023614145
A2_2017;KDE50;6;OSO;Wetland;-0,018340046
A2_2021;KDE50;6;OSO;Wetland;-0,093930484
HA9_2020;KDE50;6;OSO;Wetland;-7,169206551
G4_2019;KDE50;6;OSO;Rocky;NA
H10_2017;KDE50;6;OSO;Rocky;1,131375332
H10_2019;KDE50;6;OSO;Rocky;4,638888893
H10_2022;KDE50;6;OSO;Rocky;2,977641135
G2_2018;KDE50;6;OSO;Rocky;0
G2_2019;KDE50;6;OSO;Rocky;0
HA17_2018;KDE50;6;OSO;Rocky;6,084440429
HA13_2020;KDE50;6;OSO;Rocky;-10,55670598
HA12_2019;KDE50;6;OSO;Rocky;0,448043159
H1_2016;KDE50;6;OSO;Rocky;NA
H6_2016;KDE50;6;OSO;Rocky;0,006852034
HA11_2019;KDE50;6;OSO;Rocky;11,92691867
A6_2016;KDE50;6;OSO;Rocky;NA
A6_2021;KDE50;6;OSO;Rocky;NA
G3_2018;KDE50;6;OSO;Rocky;0,049501887
HA15_2022;KDE50;6;OSO;Rocky;7,15943563
A4_2020;KDE50;6;OSO;Rocky;0
H4_2016;KDE50;6;OSO;Rocky;-0,847567493
H4_2018;KDE50;6;OSO;Rocky;-3,342601843
A2_2017;KDE50;6;OSO;Rocky;NA
A2_2021;KDE50;6;OSO;Rocky;0
HA9_2020;KDE50;6;OSO;Rocky;3,423093431
G4_2019;KDE99;6;OSO;Crop;0,022442916
H10_2017;KDE99;6;OSO;Crop;2,540897009
H10_2019;KDE99;6;OSO;Crop;-0,155965493
H10_2022;KDE99;6;OSO;Crop;0,733318629
G2_2018;KDE99;6;OSO;Crop;0,032329234
G2_2019;KDE99;6;OSO;Crop;-0,008683115
HA17_2018;KDE99;6;OSO;Crop;0,036154424
HA13_2020;KDE99;6;OSO;Crop;0,060766371
HA12_2019;KDE99;6;OSO;Crop;0,005751975
H1_2016;KDE99;6;OSO;Crop;0,109387081
H6_2016;KDE99;6;OSO;Crop;0,127470979
HA11_2019;KDE99;6;OSO;Crop;0,095922239
A6_2016;KDE99;6;OSO;Crop;1,023473084
A6_2021;KDE99;6;OSO;Crop;0,503352084
G3_2018;KDE99;6;OSO;Crop;0,100384465
HA15_2022;KDE99;6;OSO;Crop;0,484606038
A4_2020;KDE99;6;OSO;Crop;0,915677673
H4_2016;KDE99;6;OSO;Crop;1,245346442
H4_2018;KDE99;6;OSO;Crop;1,166120775
A2_2017;KDE99;6;OSO;Crop;1,801646881
A2_2021;KDE99;6;OSO;Crop;0,693549877
HA9_2020;KDE99;6;OSO;Crop;0,077281156
G4_2019;KDE99;6;OSO;Forest;4,356799299
H10_2017;KDE99;6;OSO;Forest;-7,008120043
H10_2019;KDE99;6;OSO;Forest;-5,769777305
H10_2022;KDE99;6;OSO;Forest;-1,967633555
G2_2018;KDE99;6;OSO;Forest;-16,6556236
G2_2019;KDE99;6;OSO;Forest;-15,1259199
HA17_2018;KDE99;6;OSO;Forest;1,203629999
HA13_2020;KDE99;6;OSO;Forest;12,86368243
HA12_2019;KDE99;6;OSO;Forest;-1,77723568
H1_2016;KDE99;6;OSO;Forest;-7,761659188
H6_2016;KDE99;6;OSO;Forest;0,28685682
HA11_2019;KDE99;6;OSO;Forest;4,850623141
A6_2016;KDE99;6;OSO;Forest;-18,26741236
A6_2021;KDE99;6;OSO;Forest;-6,043809783
G3_2018;KDE99;6;OSO;Forest;-10,26263562
HA15_2022;KDE99;6;OSO;Forest;1,420017629
A4_2020;KDE99;6;OSO;Forest;9,636489349
H4_2016;KDE99;6;OSO;Forest;-6,456712687
H4_2018;KDE99;6;OSO;Forest;-5,158981349
A2_2017;KDE99;6;OSO;Forest;-7,572682642
A2_2021;KDE99;6;OSO;Forest;-0,192547258
HA9_2020;KDE99;6;OSO;Forest;0,872690484
G4_2019;KDE99;6;OSO;Open;-4,0542797
H10_2017;KDE99;6;OSO;Open;8,281083162
H10_2019;KDE99;6;OSO;Open;1,1459211
H10_2022;KDE99;6;OSO;Open;6,732301506
G2_2018;KDE99;6;OSO;Open;15,75066671
G2_2019;KDE99;6;OSO;Open;15,04863982
HA17_2018;KDE99;6;OSO;Open;-4,207216824
HA13_2020;KDE99;6;OSO;Open;-9,57684314
HA12_2019;KDE99;6;OSO;Open;-1,94099593
H1_2016;KDE99;6;OSO;Open;7,81802261
H6_2016;KDE99;6;OSO;Open;3,786156417
HA11_2019;KDE99;6;OSO;Open;-9,299332876
A6_2016;KDE99;6;OSO;Open;16,90737311
A6_2021;KDE99;6;OSO;Open;5,353994279
G3_2018;KDE99;6;OSO;Open;9,880397279
HA15_2022;KDE99;6;OSO;Open;-8,085403497
A4_2020;KDE99;6;OSO;Open;-11,00588652
H4_2016;KDE99;6;OSO;Open;4,702992011
H4_2018;KDE99;6;OSO;Open;5,128445447
A2_2017;KDE99;6;OSO;Open;5,427673304
A2_2021;KDE99;6;OSO;Open;-0,625088432
HA9_2020;KDE99;6;OSO;Open;2,602760822
G4_2019;KDE99;6;OSO;Urban;-0,324962516
H10_2017;KDE99;6;OSO;Urban;-4,732081228
H10_2019;KDE99;6;OSO;Urban;1,585128625
H10_2022;KDE99;6;OSO;Urban;-7,379039845
G2_2018;KDE99;6;OSO;Urban;0,84113334
G2_2019;KDE99;6;OSO;Urban;0,075708425
HA17_2018;KDE99;6;OSO;Urban;-0,184960926
HA13_2020;KDE99;6;OSO;Urban;0,256169323
HA12_2019;KDE99;6;OSO;Urban;-0,163900585
H1_2016;KDE99;6;OSO;Urban;-0,165750502
H6_2016;KDE99;6;OSO;Urban;-4,137098749
HA11_2019;KDE99;6;OSO;Urban;2,235646612
A6_2016;KDE99;6;OSO;Urban;0,339330744
A6_2021;KDE99;6;OSO;Urban;0,166550083
G3_2018;KDE99;6;OSO;Urban;0,058145802
HA15_2022;KDE99;6;OSO;Urban;-0,111216666
A4_2020;KDE99;6;OSO;Urban;0,423039294
H4_2016;KDE99;6;OSO;Urban;0,648905972
H4_2018;KDE99;6;OSO;Urban;0,722072468
A2_2017;KDE99;6;OSO;Urban;0,350000476
A2_2021;KDE99;6;OSO;Urban;0,177620065
HA9_2020;KDE99;6;OSO;Urban;0,610660315
G4_2019;KDE99;6;OSO;Wetland;NA
H10_2017;KDE99;6;OSO;Wetland;0,023520715
H10_2019;KDE99;6;OSO;Wetland;-0,132723025
H10_2022;KDE99;6;OSO;Wetland;0,010294951
G2_2018;KDE99;6;OSO;Wetland;0,029641706
G2_2019;KDE99;6;OSO;Wetland;0,008402166
HA17_2018;KDE99;6;OSO;Wetland;0,006206554
HA13_2020;KDE99;6;OSO;Wetland;0,008156972
HA12_2019;KDE99;6;OSO;Wetland;1,706617427
H1_2016;KDE99;6;OSO;Wetland;NA
H6_2016;KDE99;6;OSO;Wetland;-0,049214047
HA11_2019;KDE99;6;OSO;Wetland;0,063948159
A6_2016;KDE99;6;OSO;Wetland;-0,002764578
A6_2021;KDE99;6;OSO;Wetland;0,019913337
G3_2018;KDE99;6;OSO;Wetland;-0,008710307
HA15_2022;KDE99;6;OSO;Wetland;0,099387663
A4_2020;KDE99;6;OSO;Wetland;0,022737019
H4_2016;KDE99;6;OSO;Wetland;0,072582802
H4_2018;KDE99;6;OSO;Wetland;0,062079703
A2_2017;KDE99;6;OSO;Wetland;-0,00663802
A2_2021;KDE99;6;OSO;Wetland;-0,047914065
HA9_2020;KDE99;6;OSO;Wetland;-4,591326212
G4_2019;KDE99;6;OSO;Rocky;NA
H10_2017;KDE99;6;OSO;Rocky;0,894700385
H10_2019;KDE99;6;OSO;Rocky;3,327416098
H10_2022;KDE99;6;OSO;Rocky;1,870758313
G2_2018;KDE99;6;OSO;Rocky;0,001852607
G2_2019;KDE99;6;OSO;Rocky;0,001852607
HA17_2018;KDE99;6;OSO;Rocky;3,146186772
HA13_2020;KDE99;6;OSO;Rocky;-3,61193196
HA12_2019;KDE99;6;OSO;Rocky;2,169762793
H1_2016;KDE99;6;OSO;Rocky;NA
H6_2016;KDE99;6;OSO;Rocky;-0,01417142
HA11_2019;KDE99;6;OSO;Rocky;2,053192725
A6_2016;KDE99;6;OSO;Rocky;NA
A6_2021;KDE99;6;OSO;Rocky;NA
G3_2018;KDE99;6;OSO;Rocky;0,232418379
HA15_2022;KDE99;6;OSO;Rocky;6,192608834
A4_2020;KDE99;6;OSO;Rocky;0,008453621
H4_2016;KDE99;6;OSO;Rocky;-0,21311454
H4_2018;KDE99;6;OSO;Rocky;-1,919737045
A2_2017;KDE99;6;OSO;Rocky;NA
A2_2021;KDE99;6;OSO;Rocky;-0,005620188
HA9_2020;KDE99;6;OSO;Rocky;0,427933435
