"series","female.line","n.female","female.age","male.line","n.male","male.age","mate.time1","mate.time2","mate.time3","mate.time4","mate.time5","n.mate.1hr","n.mate.2hr","ratio.1hr","ratio.2hr"
2,"Z30",5,6,"21",10,4,40.27321429,NA,NA,NA,NA,1,1,0.2,0.2
37,"Z30",5,6,"21",10,4,38.83333333,93.33333333,NA,NA,NA,1,2,0.2,0.4
16,"Z30",5,5,"21",10,9,NA,NA,NA,NA,NA,NA,0,0,0
49,"Z30",5,17,"21",10,7,NA,NA,NA,NA,NA,NA,0,0,0
10,"Z30",5,12,"21",10,13,NA,NA,NA,NA,NA,0,0,0,0
23,"Z30",5,12,"21",10,13,119.6,NA,NA,NA,NA,0,1,0,0.2
9,"Z30",5,12,"21",10,7,56.6,NA,NA,NA,NA,1,1,0.2,0.2
1,"Z30",5,13,"21",10,9,NA,NA,NA,NA,NA,0,0,0,0
9,"Z30",5,13,"21",10,9,92.85185185,NA,NA,NA,NA,0,1,0,0.2
1,"Z30",5,12,"21",10,7,95,NA,NA,NA,NA,0,1,0,0.2
4,"Z30",5,6,"26",10,4,65.91964286,109.4196429,111.4196429,NA,NA,NA,3,0,0.6
39,"Z30",5,6,"26",10,4,78.33333333,NA,NA,NA,NA,NA,1,0,0.2
18,"Z30",5,5,"26",10,9,87.69067797,119.190678,NA,NA,NA,NA,2,0,0.4
51,"Z30",5,17,"26",9,3,NA,NA,NA,NA,NA,NA,0,0,0
5,"Z30",5,6,"28",10,4,NA,NA,NA,NA,NA,NA,0,0,0
40,"Z30",5,6,"28",9,4,NA,NA,NA,NA,NA,NA,0,0,0
19,"Z30",5,5,"28",10,9,NA,NA,NA,NA,NA,NA,0,0,0
6,"Z30",5,6,"31",10,4,NA,NA,NA,NA,NA,NA,0,0,0
41,"Z30",5,6,"31",10,4,78.46666667,NA,NA,NA,NA,NA,1,0,0.2
20,"Z30",5,5,"31",10,9,NA,NA,NA,NA,NA,NA,0,0,0
7,"Z30",5,6,"32",10,4,NA,NA,NA,NA,NA,NA,0,0,0
42,"Z30",5,6,"32",10,4,NA,NA,NA,NA,NA,NA,0,0,0
21,"Z30",5,5,"32",10,9,45.77824859,NA,NA,NA,NA,1,1,0.2,0.2
8,"Z30",5,6,"38",10,4,NA,NA,NA,NA,NA,NA,0,0,0
43,"Z30",5,6,"38",10,4,NA,NA,NA,NA,NA,NA,0,0,0
22,"Z30",5,5,"38",10,9,NA,NA,NA,NA,NA,NA,0,0,0
9,"Z30",5,6,"40",10,4,74.53571429,NA,NA,NA,NA,NA,1,0,0.2
44,"Z30",5,6,"40",10,4,NA,NA,NA,NA,NA,NA,0,0,0
23,"Z30",5,5,"40",10,9,NA,NA,NA,NA,NA,NA,0,0,0
8,"Z30",5,13,"40",10,4,NA,NA,NA,NA,NA,0,0,0,0
4,"Z30",5,12,"40",10,6,NA,NA,NA,NA,NA,0,0,0,0
10,"Z30",5,6,"41",10,4,NA,NA,NA,NA,NA,NA,0,0,0
45,"Z30",5,6,"41",10,4,NA,NA,NA,NA,NA,NA,0,0,0
24,"Z30",5,5,"41",10,9,105.6658192,NA,NA,NA,NA,NA,1,0,0.2
11,"Z30",5,6,"42",10,4,NA,NA,NA,NA,NA,NA,0,0,0
46,"Z30",5,6,"42",10,4,NA,NA,NA,NA,NA,NA,0,0,0
25,"Z30",5,5,"42",10,9,NA,NA,NA,NA,NA,NA,0,0,0
12,"Z30",5,6,"45",10,4,NA,NA,NA,NA,NA,NA,0,0,0
47,"Z30",5,6,"45",10,4,NA,NA,NA,NA,NA,NA,0,0,0
26,"Z30",5,5,"45",10,9,NA,NA,NA,NA,NA,NA,0,0,0
13,"Z30",5,6,"48",10,4,59.01190476,NA,NA,NA,NA,1,1,0.2,0.2
48,"Z30",5,6,"48",10,4,96.66666667,NA,NA,NA,NA,NA,1,0,0.2
27,"Z30",5,5,"48",10,9,NA,NA,NA,NA,NA,NA,0,0,0
14,"Z30",5,6,"49",10,4,NA,NA,NA,NA,NA,NA,0,0,0
49,"Z30",5,6,"49",10,4,108.6666667,NA,NA,NA,NA,NA,1,0,0.2
28,"Z30",5,5,"49",10,9,50.70480226,NA,NA,NA,NA,1,1,0.2,0.2
15,"Z30",5,6,"57",10,4,NA,NA,NA,NA,NA,NA,0,0,0
50,"Z30",5,6,"57",9,4,32.51666667,NA,NA,NA,NA,1,1,0.2,0.2
29,"Z30",5,5,"57",10,9,NA,NA,NA,NA,NA,NA,0,0,0
16,"Z30",5,6,"59",10,4,NA,NA,NA,NA,NA,NA,0,0,0
51,"Z30",5,6,"59",10,4,NA,NA,NA,NA,NA,NA,0,0,0
30,"Z30",5,5,"59",10,9,103.2076271,NA,NA,NA,NA,NA,1,0,0.2
17,"Z30",5,6,"69",10,4,NA,NA,NA,NA,NA,NA,0,0,0
52,"Z30",5,6,"69",8,4,NA,NA,NA,NA,NA,NA,0,0,0
31,"Z30",5,5,"69",10,9,69.87570621,NA,NA,NA,NA,NA,1,0,0.2
18,"Z30",5,6,"73",10,4,NA,NA,NA,NA,NA,NA,0,0,0
53,"Z30",5,6,"73",10,4,NA,NA,NA,NA,NA,NA,0,0,0
32,"Z30",5,5,"73",10,9,NA,NA,NA,NA,NA,NA,0,0,0
19,"Z30",5,6,"75",10,4,NA,NA,NA,NA,NA,NA,0,0,0
54,"Z30",5,6,"75",10,4,NA,NA,NA,NA,NA,NA,0,0,0
33,"Z30",5,5,"75",10,9,NA,NA,NA,NA,NA,NA,0,0,0
21,"Z30",5,6,"83",10,4,NA,NA,NA,NA,NA,NA,0,0,0
56,"Z30",5,6,"83",10,4,NA,NA,NA,NA,NA,NA,0,0,0
35,"Z30",5,5,"83",10,9,NA,NA,NA,NA,NA,NA,0,0,0
22,"Z30",5,6,"85",10,4,NA,NA,NA,NA,NA,NA,0,0,0
57,"Z30",5,6,"85",10,4,NA,NA,NA,NA,NA,NA,0,0,0
36,"Z30",5,5,"85",10,9,49.54943503,NA,NA,NA,NA,1,1,0.2,0.2
24,"Z30",5,6,"88",10,3,NA,NA,NA,NA,NA,NA,0,0,0
59,"Z30",5,6,"88",10,4,NA,NA,NA,NA,NA,NA,0,0,0
38,"Z30",5,5,"88",10,9,NA,NA,NA,NA,NA,NA,0,0,0
25,"Z30",5,6,"91",10,3,116.3571429,NA,NA,NA,NA,NA,1,0,0.2
60,"Z30",5,6,"91",10,4,20.46666667,NA,NA,NA,NA,1,1,0.2,0.2
39,"Z30",5,5,"91",10,9,NA,NA,NA,NA,NA,NA,0,0,0
26,"Z30",5,6,"93",10,3,NA,NA,NA,NA,NA,NA,0,0,0
1,"Z30",5,6,"93",10,7,NA,NA,NA,NA,NA,NA,0,0,0
40,"Z30",5,5,"93",10,9,53.22175141,53.38841808,NA,NA,NA,2,2,0.4,0.4
27,"Z30",5,6,"100",10,3,71.63690476,NA,NA,NA,NA,NA,1,0,0.2
2,"Z30",5,6,"100",10,7,54.9279661,NA,NA,NA,NA,1,1,0.2,0.2
41,"Z30",5,5,"100",10,9,NA,NA,NA,NA,NA,NA,0,0,0
28,"Z30",5,6,"101",10,3,NA,NA,NA,NA,NA,NA,0,0,0
3,"Z30",5,6,"101",10,7,51.68926554,NA,NA,NA,NA,1,1,0.2,0.2
42,"Z30",5,5,"101",10,9,NA,NA,NA,NA,NA,NA,0,0,0
29,"Z30",5,6,"105",10,3,NA,NA,NA,NA,NA,NA,0,0,0
4,"Z30",5,6,"105",10,7,NA,NA,NA,NA,NA,NA,0,0,0
43,"Z30",5,5,"105",10,9,56.60932203,NA,NA,NA,NA,1,1,0.2,0.2
30,"Z30",5,6,"109",10,3,61.38988095,NA,NA,NA,NA,NA,1,0,0.2
5,"Z30",5,6,"109",10,7,NA,NA,NA,NA,NA,NA,0,0,0
44,"Z30",5,5,"109",10,9,NA,NA,NA,NA,NA,NA,0,0,0
33,"Z30",5,6,"129",10,3,NA,NA,NA,NA,NA,NA,0,0,0
8,"Z30",5,6,"129",10,7,NA,NA,NA,NA,NA,NA,0,0,0
47,"Z30",5,5,"129",10,9,NA,NA,NA,NA,NA,NA,0,0,0
34,"Z30",5,6,"136",10,3,55.61607143,71.36607143,87.61607143,87.61607143,NA,1,4,0.2,0.8
9,"Z30",5,6,"136",10,7,42.09039548,67.50706215,NA,NA,NA,1,2,0.2,0.4
48,"Z30",5,5,"136",10,9,59.23305085,59.73305085,NA,NA,NA,2,2,0.4,0.4
52,"Z30",5,17,"136",10,7,54.8680791,98.65141243,NA,NA,NA,1,2,0.2,0.4
49,"Z30",5,6,"136",10,4,31.8039548,90.13728814,NA,NA,NA,1,2,0.2,0.4
50,"Z30",5,6,"136",10,4,NA,NA,NA,NA,NA,NA,0,0,0
25,"Z30",5,5,"136",10,7,NA,NA,NA,NA,NA,NA,0,0,0
17,"Z30",5,7,"136",10,3,35.47368421,57.47368421,59.97368421,NA,NA,3,3,0.6,0.6
3,"Z30",5,17,"136",10,5,39.68703704,NA,NA,NA,NA,1,1,0.2,0.2
9,"Z30",5,17,"136",10,5,50.74814815,79.74814815,NA,NA,NA,1,2,0.2,0.4
1,"Z30",5,18,"136",10,4,35,52.66666667,NA,NA,NA,2,2,0.4,0.4
6,"Z30",5,18,"136",10,4,13.76041667,NA,NA,NA,NA,1,1,0.2,0.2
1,"Z30",5,18,"136",10,6,108,NA,NA,NA,NA,NA,1,0,0.2
2,"Z30",5,19,"136",10,6,52.35185185,118.6851852,NA,NA,NA,1,2,0.2,0.4
35,"Z30",5,6,"138",10,3,NA,NA,NA,NA,NA,NA,0,0,0
10,"Z30",5,6,"138",10,7,NA,NA,NA,NA,NA,NA,0,0,0
49,"Z30",5,5,"138",10,9,NA,NA,NA,NA,NA,NA,0,0,0
36,"Z30",5,6,"142",10,3,NA,NA,NA,NA,NA,NA,0,0,0
11,"Z30",5,6,"142",10,7,NA,NA,NA,NA,NA,NA,0,0,0
50,"Z30",5,5,"142",10,9,NA,NA,NA,NA,NA,NA,0,0,0
37,"Z30",5,6,"149",10,3,NA,NA,NA,NA,NA,NA,0,0,0
12,"Z30",5,6,"149",10,7,NA,NA,NA,NA,NA,NA,0,0,0
51,"Z30",5,5,"149",10,9,NA,NA,NA,NA,NA,NA,0,0,0
38,"Z30",5,6,"153",9,3,NA,NA,NA,NA,NA,NA,0,0,0
13,"Z30",5,6,"153",10,7,39.71892655,NA,NA,NA,NA,1,1,0.2,0.2
52,"Z30",5,5,"153",10,9,63.23870056,NA,NA,NA,NA,NA,1,0,0.2
39,"Z30",5,6,"158",10,3,67.28214286,NA,NA,NA,NA,NA,1,0,0.2
14,"Z30",5,6,"158",10,7,NA,NA,NA,NA,NA,NA,0,0,0
53,"Z30",5,5,"158",10,9,NA,NA,NA,NA,NA,NA,0,0,0
41,"Z30",5,6,"161",10,3,103.2619048,NA,NA,NA,NA,NA,1,0,0.2
16,"Z30",5,6,"161",10,7,NA,NA,NA,NA,NA,NA,0,0,0
55,"Z30",5,5,"161",10,9,NA,NA,NA,NA,NA,NA,0,0,0
42,"Z30",5,6,"176",10,3,NA,NA,NA,NA,NA,NA,0,0,0
17,"Z30",5,6,"176",10,7,NA,NA,NA,NA,NA,NA,0,0,0
56,"Z30",5,5,"176",10,4,NA,NA,NA,NA,NA,NA,0,0,0
43,"Z30",5,6,"177",10,3,NA,NA,NA,NA,NA,NA,0,0,0
18,"Z30",5,6,"177",10,7,NA,NA,NA,NA,NA,NA,0,0,0
57,"Z30",5,5,"177",10,9,NA,NA,NA,NA,NA,NA,0,0,0
44,"Z30",5,6,"181",10,3,NA,NA,NA,NA,NA,NA,0,0,0
19,"Z30",5,6,"181",10,7,NA,NA,NA,NA,NA,NA,0,0,0
58,"Z30",5,5,"181",10,9,NA,NA,NA,NA,NA,NA,0,0,0
46,"Z30",5,6,"189",10,3,NA,NA,NA,NA,NA,NA,0,0,0
21,"Z30",5,6,"189",10,7,NA,NA,NA,NA,NA,NA,0,0,0
60,"Z30",5,5,"189",10,9,NA,NA,NA,NA,NA,NA,0,0,0
47,"Z30",5,6,"195",10,3,101.1011905,102.1011905,NA,NA,NA,NA,2,0,0.4
22,"Z30",5,6,"195",10,7,78.73728814,NA,NA,NA,NA,NA,1,0,0.2
1,"Z30",5,6,"195",10,6,NA,NA,NA,NA,NA,NA,0,0,0
1,"Z30",5,8,"195",10,5,NA,NA,NA,NA,NA,NA,0,0,0
9,"Z30",5,6,"208",10,4,NA,NA,NA,NA,NA,NA,0,0,0
1,"Z30",5,7,"208",10,5,NA,NA,NA,NA,NA,NA,0,0,0
1,"Z30",5,8,"208",10,5,NA,NA,NA,NA,NA,NA,0,0,0
1,"Z30",5,8,"208",10,6,NA,NA,NA,NA,NA,NA,0,0,0
19,"Z30",5,10,"208",10,5,NA,NA,NA,NA,NA,NA,0,0,0
27,"Z30",5,11,"208",10,6,NA,NA,NA,NA,NA,NA,0,0,0
23,"Z30",5,14,"208",10,8,NA,NA,NA,NA,NA,NA,0,0,0
10,"Z30",5,15,"208",10,4,NA,NA,NA,NA,NA,NA,0,0,0
26,"Z30",5,11,"208",10,7,NA,NA,NA,NA,NA,NA,0,0,0
29,"Z30",5,7,"208",10,5,NA,NA,NA,NA,NA,NA,0,0,0
49,"Z30",5,6,"217",10,3,NA,NA,NA,NA,NA,NA,0,0,0
24,"Z30",5,6,"217",10,7,NA,NA,NA,NA,NA,NA,0,0,0
3,"Z30",5,6,"217",10,6,NA,NA,NA,NA,NA,NA,0,0,0
3,"Z30",5,8,"217",9,4,NA,NA,NA,NA,NA,NA,0,0,0
50,"Z30",5,6,"223",10,3,NA,NA,NA,NA,NA,NA,0,0,0
25,"Z30",5,6,"223",10,7,NA,NA,NA,NA,NA,NA,0,0,0
4,"Z30",5,6,"223",10,6,NA,NA,NA,NA,NA,NA,0,0,0
4,"Z30",5,8,"223",10,4,NA,NA,NA,NA,NA,NA,0,0,0
51,"Z30",5,6,"227",10,3,NA,NA,NA,NA,NA,NA,0,0,0
26,"Z30",5,6,"227",10,7,58.14915254,NA,NA,NA,NA,1,1,0.2,0.2
5,"Z30",5,6,"227",10,6,NA,NA,NA,NA,NA,NA,0,0,0
5,"Z30",5,8,"227",10,4,119.1949153,NA,NA,NA,NA,NA,1,0,0.2
52,"Z30",5,6,"228",10,3,NA,NA,NA,NA,NA,NA,0,0,0
27,"Z30",5,6,"228",10,7,NA,NA,NA,NA,NA,NA,0,0,0
6,"Z30",5,6,"228",10,6,NA,NA,NA,NA,NA,NA,0,0,0
6,"Z30",5,8,"228",10,4,96.2019774,NA,NA,NA,NA,NA,1,0,0.2
53,"Z30",5,6,"229",10,3,NA,NA,NA,NA,NA,NA,0,0,0
28,"Z30",5,6,"229",10,7,NA,NA,NA,NA,NA,NA,0,0,0
7,"Z30",5,6,"229",10,6,NA,NA,NA,NA,NA,NA,0,0,0
7,"Z30",5,8,"229",10,4,106.0423729,NA,NA,NA,NA,NA,1,0,0.2
54,"Z30",5,6,"233",10,3,NA,NA,NA,NA,NA,NA,0,0,0
29,"Z30",5,6,"233",10,7,NA,NA,NA,NA,NA,NA,0,0,0
8,"Z30",5,6,"233",10,6,NA,NA,NA,NA,NA,NA,0,0,0
8,"Z30",5,8,"233",10,4,NA,NA,NA,NA,NA,NA,0,0,0
55,"Z30",5,6,"235",10,3,NA,NA,NA,NA,NA,NA,0,0,0
30,"Z30",5,6,"235",9,7,NA,NA,NA,NA,NA,NA,0,0,0
9,"Z30",5,8,"235",10,4,NA,NA,NA,NA,NA,NA,0,0,0
56,"Z30",5,6,"237",10,3,115.360119,NA,NA,NA,NA,NA,1,0,0.2
31,"Z30",5,6,"237",10,7,NA,NA,NA,NA,NA,NA,0,0,0
10,"Z30",5,8,"237",10,4,NA,NA,NA,NA,NA,NA,0,0,0
57,"Z30",5,6,"239",10,3,NA,NA,NA,NA,NA,NA,0,0,0
32,"Z30",5,6,"239",10,7,NA,NA,NA,NA,NA,NA,0,0,0
11,"Z30",5,8,"239",10,4,NA,NA,NA,NA,NA,NA,0,0,0
1,"Z30",5,6,"256",10,4,108.1666667,NA,NA,NA,NA,NA,1,0,0.2
33,"Z30",5,6,"256",10,7,16.69491525,NA,NA,NA,NA,1,1,0.2,0.2
12,"Z30",5,8,"256",10,4,NA,NA,NA,NA,NA,NA,0,0,0
3,"Z30",5,6,"280",10,4,NA,NA,NA,NA,NA,NA,0,0,0
35,"Z30",5,6,"280",10,7,NA,NA,NA,NA,NA,NA,0,0,0
14,"Z30",5,8,"280",10,4,NA,NA,NA,NA,NA,NA,0,0,0
4,"Z30",5,6,"287",10,4,NA,NA,NA,NA,NA,NA,0,0,0
36,"Z30",5,6,"287",10,7,NA,NA,NA,NA,NA,NA,0,0,0
15,"Z30",5,8,"287",10,4,NA,NA,NA,NA,NA,NA,0,0,0
2,"Z30",5,7,"301",10,5,57.09858757,NA,NA,NA,NA,1,1,0.2,0.2
1,"Z30",4,10,"301",10,5,110,112,NA,NA,NA,NA,2,0,0.5
1,"Z30",5,11,"301",10,6,98,100,NA,NA,NA,NA,2,0,0.4
1,"Z30",5,12,"301",10,6,43.33333333,114,NA,NA,NA,1,2,0.2,0.4
3,"Z30",5,14,"301",10,8,NA,NA,NA,NA,NA,NA,0,0,0
2,"Z30",5,17,"301",10,4,78.35847458,NA,NA,NA,NA,NA,1,0,0.2
1,"Z30",5,15,"301",10,4,NA,NA,NA,NA,NA,NA,0,0,0
5,"Z30",5,11,"301",9,7,44.40451977,NA,NA,NA,NA,1,1,0.2,0.2
1,"Z30",5,7,"301",10,5,NA,NA,NA,NA,NA,NA,0,0,0
1,"Z30",5,17,"301",10,8,NA,NA,NA,NA,NA,NA,0,0,0
10,"Z30",5,6,"303",10,6,NA,NA,NA,NA,NA,NA,0,0,0
3,"Z30",5,7,"303",10,6,NA,NA,NA,NA,NA,NA,0,0,0
2,"Z30",5,8,"303",10,7,76.16299435,NA,NA,NA,NA,NA,1,0,0.2
2,"Z30",5,8,"303",10,8,NA,NA,NA,NA,NA,NA,0,0,0
20,"Z30",5,10,"303",10,5,NA,NA,NA,NA,NA,NA,0,0,0
28,"Z30",5,11,"303",10,6,NA,NA,NA,NA,NA,NA,0,0,0
24,"Z30",5,14,"303",10,8,NA,NA,NA,NA,NA,NA,0,0,0
11,"Z30",5,15,"303",10,4,NA,NA,NA,NA,NA,NA,0,0,0
27,"Z30",5,11,"303",10,7,NA,NA,NA,NA,NA,NA,0,0,0
30,"Z30",5,7,"303",10,5,NA,NA,NA,NA,NA,NA,0,0,0
21,"Z30",5,10,"304",10,5,NA,NA,NA,NA,NA,NA,0,0,0
29,"Z30",5,11,"304",10,6,NA,NA,NA,NA,NA,NA,0,0,0
14,"Z30",5,12,"304",10,6,NA,NA,NA,NA,NA,NA,0,0,0
4,"Z30",5,14,"304",10,8,NA,NA,NA,NA,NA,NA,0,0,0
3,"Z30",5,17,"304",10,4,NA,NA,NA,NA,NA,NA,0,0,0
12,"Z30",5,15,"304",10,4,82.52542373,NA,NA,NA,NA,NA,1,0,0.2
28,"Z30",5,11,"304",10,7,NA,NA,NA,NA,NA,NA,0,0,0
3,"Z30",5,5,"304",10,7,NA,NA,NA,NA,NA,NA,0,0,0
11,"Z30",5,6,"306",10,4,NA,NA,NA,NA,NA,NA,0,0,0
5,"Z30",5,7,"306",10,5,NA,NA,NA,NA,NA,NA,0,0,0
4,"Z30",5,8,"306",10,7,NA,NA,NA,NA,NA,NA,0,0,0
22,"Z30",5,10,"306",10,5,NA,NA,NA,NA,NA,NA,0,0,0
15,"Z30",5,12,"306",10,6,NA,NA,NA,NA,NA,NA,0,0,0
25,"Z30",5,14,"306",10,8,NA,NA,NA,NA,NA,NA,0,0,0
2,"Z30",5,15,"306",10,4,NA,NA,NA,NA,NA,NA,0,0,0
6,"Z30",5,11,"306",10,7,NA,NA,NA,NA,NA,NA,0,0,0
5,"Z30",5,7,"306",10,5,87.42372881,NA,NA,NA,NA,NA,1,0,0.2
4,"Z30",5,5,"306",10,7,NA,NA,NA,NA,NA,NA,0,0,0
2,"Z30",5,10,"307",10,5,NA,NA,NA,NA,NA,NA,0,0,0
2,"Z30",5,11,"307",10,6,NA,NA,NA,NA,NA,NA,0,0,0
2,"Z30",5,12,"307",10,6,NA,NA,NA,NA,NA,NA,0,0,0
5,"Z30",5,14,"307",10,8,NA,NA,NA,NA,NA,NA,0,0,0
4,"Z30",5,17,"307",10,3,NA,NA,NA,NA,NA,NA,0,0,0
3,"Z30",5,15,"307",10,4,NA,NA,NA,NA,NA,NA,0,0,0
3,"Z30",5,11,"307",10,7,NA,NA,NA,NA,NA,NA,0,0,0
1,"Z30",5,7,"307",10,5,NA,NA,NA,NA,NA,NA,0,0,0
1,"Z30",5,5,"307",10,7,NA,NA,NA,NA,NA,NA,0,0,0
2,"Z30",5,7,"307",10,5,NA,NA,NA,NA,NA,NA,0,0,0
6,"Z30",5,6,"309",10,4,82.43333333,NA,NA,NA,NA,NA,1,0,0.2
38,"Z30",5,6,"309",10,7,NA,NA,NA,NA,NA,NA,0,0,0
17,"Z30",5,8,"309",10,4,NA,NA,NA,NA,NA,NA,0,0,0
7,"Z30",5,6,"310",10,4,NA,NA,NA,NA,NA,NA,0,0,0
39,"Z30",5,6,"310",10,7,NA,NA,NA,NA,NA,NA,0,0,0
18,"Z30",5,8,"310",10,4,NA,NA,NA,NA,NA,NA,0,0,0
12,"Z30",5,6,"313",10,8,NA,NA,NA,NA,NA,NA,0,0,0
6,"Z30",5,7,"313",10,5,NA,NA,NA,NA,NA,NA,0,0,0
23,"Z30",5,10,"313",10,5,NA,NA,NA,NA,NA,NA,0,0,0
3,"Z30",5,11,"313",9,6,NA,NA,NA,NA,NA,NA,0,0,0
16,"Z30",5,12,"313",9,6,NA,NA,NA,NA,NA,NA,0,0,0
26,"Z30",5,14,"313",10,8,NA,NA,NA,NA,NA,NA,0,0,0
4,"Z30",5,15,"313",10,4,60.19632768,NA,NA,NA,NA,NA,1,0,0.2
7,"Z30",5,11,"313",10,7,NA,NA,NA,NA,NA,NA,0,0,0
6,"Z30",5,7,"313",10,5,NA,NA,NA,NA,NA,NA,0,0,0
5,"Z30",5,5,"313",10,6,NA,NA,NA,NA,NA,NA,0,0,0
13,"Z30",5,6,"315",10,5,100.0870056,NA,NA,NA,NA,NA,1,0,0.2
7,"Z30",5,7,"315",10,4,NA,NA,NA,NA,NA,NA,0,0,0
5,"Z30",5,8,"315",10,7,NA,NA,NA,NA,NA,NA,0,0,0
3,"Z30",5,8,"315",10,8,NA,NA,NA,NA,NA,NA,0,0,0
24,"Z30",5,10,"315",10,5,NA,NA,NA,NA,NA,NA,0,0,0
17,"Z30",5,12,"315",10,6,NA,NA,NA,NA,NA,NA,0,0,0
27,"Z30",5,14,"315",10,9,NA,NA,NA,NA,NA,NA,0,0,0
13,"Z30",5,15,"315",10,4,NA,NA,NA,NA,NA,NA,0,0,0
29,"Z30",5,11,"315",10,7,NA,NA,NA,NA,NA,NA,0,0,0
6,"Z30",5,5,"315",10,7,57.24435028,NA,NA,NA,NA,1,1,0.2,0.2
8,"Z30",5,6,"317",10,4,NA,NA,NA,NA,NA,NA,0,0,0
40,"Z30",5,6,"317",10,4,NA,NA,NA,NA,NA,NA,0,0,0
19,"Z30",5,8,"317",10,4,NA,NA,NA,NA,NA,NA,0,0,0
9,"Z30",5,6,"318",10,4,NA,NA,NA,NA,NA,NA,0,0,0
41,"Z30",5,6,"318",10,7,NA,NA,NA,NA,NA,NA,0,0,0
20,"Z30",5,8,"318",10,4,NA,NA,NA,NA,NA,NA,0,0,0
10,"Z30",5,6,"319",10,4,NA,NA,NA,NA,NA,NA,0,0,0
42,"Z30",5,6,"319",10,7,NA,NA,NA,NA,NA,NA,0,0,0
21,"Z30",5,8,"319",10,4,31.8079096,61.8079096,NA,NA,NA,1,2,0.2,0.4
11,"Z30",5,6,"320",10,4,NA,NA,NA,NA,NA,NA,0,0,0
44,"Z30",5,6,"320",10,7,NA,NA,NA,NA,NA,NA,0,0,0
22,"Z30",5,8,"320",10,4,NA,NA,NA,NA,NA,NA,0,0,0
7,"Z30",5,12,"320",10,13,NA,NA,NA,NA,NA,0,0,0,0
7,"Z30",5,13,"320",10,5,112.2555556,NA,NA,NA,NA,1,1,0.2,0.2
12,"Z30",5,6,"321",10,4,NA,NA,NA,NA,NA,NA,0,0,0
45,"Z30",5,6,"321",10,7,NA,NA,NA,NA,NA,NA,0,0,0
23,"Z30",5,8,"321",9,4,70.48870056,112.4887006,NA,NA,NA,NA,2,0,0.4
8,"Z30",5,12,"321",10,9,NA,NA,NA,NA,NA,0,0,0,0
5,"Z30",5,13,"321",10,7,53.50925926,NA,NA,NA,NA,1,1,0.2,0.2
14,"Z30",5,6,"324",10,6,NA,NA,NA,NA,NA,NA,0,0,0
8,"Z30",5,7,"324",10,5,NA,NA,NA,NA,NA,NA,0,0,0
6,"Z30",5,8,"324",10,5,43.81497175,55.31497175,69.31497175,119.1816384,NA,2,4,0.4,0.8
4,"Z30",5,8,"324",10,6,30.51186441,NA,NA,NA,NA,1,1,0.2,0.2
25,"Z30",5,10,"324",10,5,88.99322034,NA,NA,NA,NA,NA,1,0,0.2
18,"Z30",5,12,"324",10,6,NA,NA,NA,NA,NA,NA,0,0,0
28,"Z30",5,14,"324",10,8,NA,NA,NA,NA,NA,NA,0,0,0
14,"Z30",5,15,"324",10,4,NA,NA,NA,NA,NA,NA,0,0,0
30,"Z30",5,11,"324",10,7,NA,NA,NA,NA,NA,NA,0,0,0
7,"Z30",5,5,"324",10,7,NA,NA,NA,NA,NA,NA,0,0,0
15,"Z30",5,6,"325",10,4,NA,NA,NA,NA,NA,NA,0,0,0
48,"Z30",5,6,"325",10,7,NA,NA,NA,NA,NA,NA,0,0,0
26,"Z30",5,8,"325",10,4,NA,NA,NA,NA,NA,NA,0,0,0
6,"Z30",5,17,"332",10,7,NA,NA,NA,NA,NA,NA,0,0,0
3,"Z30",5,18,"332",10,8,95.5375,NA,NA,NA,NA,NA,1,0,0.2
4,"Z30",5,18,"332",10,6,NA,NA,NA,NA,NA,NA,0,0,0
15,"Z30",5,6,"335",10,8,NA,NA,NA,NA,NA,NA,0,0,0
9,"Z30",5,7,"335",10,5,NA,NA,NA,NA,NA,NA,0,0,0
7,"Z30",5,8,"335",10,5,NA,NA,NA,NA,NA,NA,0,0,0
5,"Z30",5,8,"335",10,6,NA,NA,NA,NA,NA,NA,0,0,0
26,"Z30",5,10,"335",10,5,NA,NA,NA,NA,NA,NA,0,0,0
19,"Z30",5,12,"335",10,6,NA,NA,NA,NA,NA,NA,0,0,0
29,"Z30",5,14,"335",10,8,NA,NA,NA,NA,NA,NA,0,0,0
15,"Z30",5,15,"335",10,4,NA,NA,NA,NA,NA,NA,0,0,0
7,"Z30",5,7,"335",10,5,NA,NA,NA,NA,NA,NA,0,0,0
8,"Z30",5,5,"335",10,7,NA,NA,NA,NA,NA,NA,0,0,0
6,"Z30",5,13,"335",10,4,NA,NA,NA,NA,NA,0,0,0,0
5,"Z30",5,12,"335",10,6,NA,NA,NA,NA,NA,0,0,0,0
1,"Z30",5,13,"335",10,5,NA,NA,NA,NA,NA,0,0,0,0
9,"Z30",5,13,"335",10,5,78.78518519,NA,NA,NA,NA,0,1,0,0.2
16,"Z30",5,9,"335",10,11,74.84770115,NA,NA,NA,NA,0,1,0,0.2
29,"Z30",5,9,"335",10,11,NA,NA,NA,NA,NA,0,0,0,0
17,"Z30",5,7,"335",10,7,NA,NA,NA,NA,NA,0,0,0,0
29,"Z30",5,7,"335",10,7,NA,NA,NA,NA,NA,0,0,0,0
15,"Z30",5,7,"335",10,9,NA,NA,NA,NA,NA,0,0,0,0
24,"Z30",5,7,"335",10,9,NA,NA,NA,NA,NA,0,0,0,0
4,"Z30",5,13,"336",10,4,NA,NA,NA,NA,NA,0,0,0,0
6,"Z30",5,12,"336",10,5,21.48452381,NA,NA,NA,NA,1,1,0.2,0.2
-3,"Z30",5,12,"336",10,8,92.4,NA,NA,NA,NA,0,1,0,0.2
3,"Z30",5,8,"336",10,10,57.77666667,77.69333333,117.6933333,NA,NA,1,3,0.2,0.6
5,"Z30",5,8,"336",10,10,69.38666667,NA,NA,NA,NA,0,1,0,0.2
17,"Z30",5,6,"338",10,4,NA,NA,NA,NA,NA,NA,0,0,0
49,"Z30",5,6,"338",10,7,NA,NA,NA,NA,NA,NA,0,0,0
28,"Z30",5,8,"338",10,4,NA,NA,NA,NA,NA,NA,0,0,0
18,"Z30",5,6,"340",10,4,NA,NA,NA,NA,NA,NA,0,0,0
50,"Z30",5,6,"340",9,7,36.47033898,NA,NA,NA,NA,1,1,0.2,0.2
29,"Z30",5,8,"340",10,4,NA,NA,NA,NA,NA,NA,0,0,0
22,"Z30",5,6,"348",10,4,87.7,NA,NA,NA,NA,NA,1,0,0.2
54,"Z30",5,6,"348",10,7,NA,NA,NA,NA,NA,NA,0,0,0
33,"Z30",5,8,"348",10,4,45.7259887,NA,NA,NA,NA,1,1,0.2,0.2
24,"Z30",5,6,"350",10,4,54.41666667,NA,NA,NA,NA,NA,1,0,0.2
56,"Z30",5,6,"350",10,7,43.45480226,NA,NA,NA,NA,1,1,0.2,0.2
35,"Z30",5,8,"350",10,4,NA,NA,NA,NA,NA,NA,0,0,0
25,"Z30",5,6,"352",10,4,34,42.08333333,NA,NA,NA,2,2,0.4,0.4
57,"Z30",5,6,"352",10,7,NA,NA,NA,NA,NA,NA,0,0,0
36,"Z30",5,8,"352",10,4,NA,NA,NA,NA,NA,NA,0,0,0
27,"Z30",5,6,"354",10,4,NA,NA,NA,NA,NA,NA,0,0,0
59,"Z30",5,6,"354",10,7,NA,NA,NA,NA,NA,NA,0,0,0
38,"Z30",5,8,"354",10,4,NA,NA,NA,NA,NA,NA,0,0,0
28,"Z30",5,6,"355",10,4,NA,NA,NA,NA,NA,NA,0,0,0
60,"Z30",5,6,"355",10,7,NA,NA,NA,NA,NA,NA,0,0,0
39,"Z30",5,8,"355",10,4,NA,NA,NA,NA,NA,NA,0,0,0
29,"Z30",5,6,"356",9,4,NA,NA,NA,NA,NA,NA,0,0,0
1,"Z30",5,5,"356",10,9,74.16666667,NA,NA,NA,NA,NA,1,0,0.2
40,"Z30",5,8,"356",10,4,NA,NA,NA,NA,NA,NA,0,0,0
16,"Z30",5,6,"357",10,5,NA,NA,NA,NA,NA,NA,0,0,0
10,"Z30",5,7,"357",10,5,109.6872881,NA,NA,NA,NA,NA,1,0,0.2
8,"Z30",5,8,"357",10,5,NA,NA,NA,NA,NA,NA,0,0,0
6,"Z30",5,8,"357",10,6,NA,NA,NA,NA,NA,NA,0,0,0
27,"Z30",5,10,"357",10,5,NA,NA,NA,NA,NA,NA,0,0,0
20,"Z30",5,12,"357",10,6,NA,NA,NA,NA,NA,NA,0,0,0
30,"Z30",5,14,"357",10,8,NA,NA,NA,NA,NA,NA,0,0,0
16,"Z30",5,15,"357",10,4,NA,NA,NA,NA,NA,NA,0,0,0
8,"Z30",5,7,"357",10,5,NA,NA,NA,NA,NA,NA,0,0,0
9,"Z30",5,5,"357",10,7,NA,NA,NA,NA,NA,NA,0,0,0
17,"Z30",5,6,"358",10,5,NA,NA,NA,NA,NA,NA,0,0,0
11,"Z30",5,7,"358",10,5,NA,NA,NA,NA,NA,NA,0,0,0
9,"Z30",5,8,"358",10,5,72.3039548,NA,NA,NA,NA,NA,1,0,0.2
7,"Z30",5,8,"358",10,6,65.02372881,97.02372881,NA,NA,NA,NA,2,0,0.4
28,"Z30",5,10,"358",10,5,87.49237288,89.49237288,NA,NA,NA,NA,2,0,0.4
21,"Z30",5,12,"358",10,6,27.70621469,64.53954802,86.87288136,111.7062147,NA,1,4,0.2,0.8
5,"Z30",5,17,"358",10,3,98.60056497,NA,NA,NA,NA,NA,1,0,0.2
17,"Z30",5,15,"358",10,4,65.15819209,92.79152542,NA,NA,NA,NA,2,0,0.4
9,"Z30",5,7,"358",10,5,86.84745763,90.51412429,NA,NA,NA,NA,2,0,0.4
10,"Z30",5,5,"358",10,7,NA,NA,NA,NA,NA,NA,0,0,0
30,"Z30",5,6,"359",10,4,70.33333333,99.33333333,NA,NA,NA,NA,2,0,0.4
2,"Z30",5,5,"359",10,9,53.83474576,NA,NA,NA,NA,1,1,0.2,0.2
41,"Z30",5,8,"359",10,4,44.91581921,NA,NA,NA,NA,1,1,0.2,0.2
18,"Z30",5,6,"360",10,4,NA,NA,NA,NA,NA,NA,0,0,0
12,"Z30",5,7,"360",10,5,NA,NA,NA,NA,NA,NA,0,0,0
10,"Z30",5,8,"360",10,5,82.96694915,NA,NA,NA,NA,NA,1,0,0.2
8,"Z30",5,8,"360",10,8,NA,NA,NA,NA,NA,NA,0,0,0
29,"Z30",5,10,"360",10,5,62.27542373,NA,NA,NA,NA,NA,1,0,0.2
22,"Z30",5,12,"360",10,6,17.57485876,NA,NA,NA,NA,1,1,0.2,0.2
6,"Z30",5,17,"360",10,3,32.97570621,95.64237288,NA,NA,NA,1,2,0.2,0.4
18,"Z30",5,15,"360",10,4,NA,NA,NA,NA,NA,NA,0,0,0
10,"Z30",5,7,"360",10,5,37.95338983,NA,NA,NA,NA,1,1,0.2,0.2
11,"Z30",5,5,"360",10,7,34.48870056,78.98870056,NA,NA,NA,1,2,0.2,0.4
31,"Z30",5,6,"361",10,4,59.66666667,NA,NA,NA,NA,NA,1,0,0.2
3,"Z30",5,5,"361",10,9,NA,NA,NA,NA,NA,NA,0,0,0
42,"Z30",5,8,"361",10,4,NA,NA,NA,NA,NA,NA,0,0,0
19,"Z30",5,6,"362",10,4,NA,NA,NA,NA,NA,NA,0,0,0
13,"Z30",5,7,"362",10,5,NA,NA,NA,NA,NA,NA,0,0,0
11,"Z30",5,8,"362",10,5,NA,NA,NA,NA,NA,NA,0,0,0
9,"Z30",5,8,"362",10,6,NA,NA,NA,NA,NA,NA,0,0,0
30,"Z30",5,10,"362",10,5,NA,NA,NA,NA,NA,NA,0,0,0
23,"Z30",5,12,"362",10,6,NA,NA,NA,NA,NA,NA,0,0,0
7,"Z30",5,17,"362",10,3,NA,NA,NA,NA,NA,NA,0,0,0
19,"Z30",5,15,"362",10,4,NA,NA,NA,NA,NA,NA,0,0,0
11,"Z30",5,7,"362",10,5,NA,NA,NA,NA,NA,NA,0,0,0
12,"Z30",5,5,"362",10,7,119.3375706,NA,NA,NA,NA,NA,1,0,0.2
20,"Z30",5,6,"365",10,8,83.11553672,NA,NA,NA,NA,NA,1,0,0.2
14,"Z30",5,7,"365",10,5,NA,NA,NA,NA,NA,NA,0,0,0
12,"Z30",5,8,"365",10,6,NA,NA,NA,NA,NA,NA,0,0,0
10,"Z30",5,8,"365",10,6,33.95225989,NA,NA,NA,NA,1,1,0.2,0.2
4,"Z30",5,11,"365",10,6,NA,NA,NA,NA,NA,NA,0,0,0
26,"Z30",5,12,"365",10,6,NA,NA,NA,NA,NA,NA,0,0,0
8,"Z30",5,17,"365",10,3,NA,NA,NA,NA,NA,NA,0,0,0
20,"Z30",5,15,"365",10,4,NA,NA,NA,NA,NA,NA,0,0,0
12,"Z30",5,7,"365",10,5,NA,NA,NA,NA,NA,NA,0,0,0
13,"Z30",5,5,"365",10,7,NA,NA,NA,NA,NA,NA,0,0,0
33,"Z30",5,6,"367",10,4,NA,NA,NA,NA,NA,NA,0,0,0
5,"Z30",5,5,"367",10,9,NA,NA,NA,NA,NA,NA,0,0,0
44,"Z30",5,8,"367",10,4,NA,NA,NA,NA,NA,NA,0,0,0
54,"Z30",5,8,"370",10,4,NA,NA,NA,NA,NA,NA,0,0,0
57,"Z30",5,12,"370",10,4,NA,NA,NA,NA,NA,NA,0,0,0
5,"Z30",5,12,"370",10,4,NA,NA,NA,NA,NA,NA,0,0,0
34,"Z30",5,6,"371",10,3,NA,NA,NA,NA,NA,NA,0,0,0
6,"Z30",5,5,"371",10,9,NA,NA,NA,NA,NA,NA,0,0,0
45,"Z30",5,8,"371",10,4,NA,NA,NA,NA,NA,NA,0,0,0
55,"Z30",5,8,"373",10,4,NA,NA,NA,NA,NA,NA,0,0,0
58,"Z30",5,12,"373",10,4,NA,NA,NA,NA,NA,NA,0,0,0
6,"Z30",5,12,"373",10,4,84.10451977,NA,NA,NA,NA,NA,1,0,0.2
1,"Z30",5,11,"374",10,6,NA,NA,NA,NA,NA,NA,0,0,0
59,"Z30",5,12,"374",10,4,62.71016949,NA,NA,NA,NA,NA,1,0,0.2
7,"Z30",5,12,"374",10,4,32.12542373,NA,NA,NA,NA,1,1,0.2,0.2
21,"Z30",5,6,"375",10,4,40.25056497,NA,NA,NA,NA,1,1,0.2,0.2
15,"Z30",5,7,"375",10,5,NA,NA,NA,NA,NA,NA,0,0,0
13,"Z30",5,8,"375",10,5,54.62259887,NA,NA,NA,NA,1,1,0.2,0.2
11,"Z30",5,8,"375",10,8,100.2062147,NA,NA,NA,NA,NA,1,0,0.2
13,"Z30",5,11,"375",9,6,NA,NA,NA,NA,NA,NA,0,0,0
24,"Z30",5,12,"375",10,6,35.62881356,NA,NA,NA,NA,1,1,0.2,0.2
9,"Z30",5,17,"375",10,3,82.48446328,110.8677966,NA,NA,NA,NA,2,0,0.4
21,"Z30",5,15,"375",10,4,22.36440678,58.19774011,NA,NA,NA,2,2,0.4,0.4
13,"Z30",5,7,"375",10,5,46.27118644,NA,NA,NA,NA,1,1,0.2,0.2
14,"Z30",5,5,"375",10,7,46.9019774,NA,NA,NA,NA,1,1,0.2,0.2
2,"Z30",5,11,"377",10,6,74.84011299,79.25677966,104.840113,116.840113,NA,NA,4,0,0.8
59,"Z30",5,13,"377",10,4,30.5299435,NA,NA,NA,NA,1,1,0.2,0.2
31,"Z30",5,12,"377",10,9,NA,NA,NA,NA,NA,NA,0,0,0
57,"Z30",5,15,"377",10,6,11.69830508,NA,NA,NA,NA,1,1,0.2,0.2
16,"Z30",5,7,"379",10,5,80.22881356,NA,NA,NA,NA,NA,1,0,0.2
14,"Z30",5,8,"379",10,5,68.28559322,NA,NA,NA,NA,NA,1,0,0.2
12,"Z30",5,8,"379",10,6,66.61016949,116.6435028,NA,NA,NA,NA,2,0,0.4
3,"Z30",5,10,"379",10,5,57.16610169,NA,NA,NA,NA,1,1,0.2,0.2
22,"Z30",5,11,"379",10,6,55.31553672,NA,NA,NA,NA,1,1,0.2,0.2
25,"Z30",5,12,"379",10,6,111.0474576,NA,NA,NA,NA,NA,1,0,0.2
10,"Z30",5,17,"379",10,3,70.74293785,NA,NA,NA,NA,NA,1,0,0.2
22,"Z30",5,15,"379",10,4,NA,NA,NA,NA,NA,NA,0,0,0
14,"Z30",5,7,"379",10,5,NA,NA,NA,NA,NA,NA,0,0,0
15,"Z30",5,5,"379",10,7,109.1841808,NA,NA,NA,NA,NA,1,0,0.2
22,"Z30",5,6,"380",10,7,NA,NA,NA,NA,NA,NA,0,0,0
17,"Z30",5,7,"380",10,7,NA,NA,NA,NA,NA,NA,0,0,0
15,"Z30",5,8,"380",10,5,NA,NA,NA,NA,NA,NA,0,0,0
13,"Z30",5,8,"380",10,8,NA,NA,NA,NA,NA,NA,0,0,0
14,"Z30",5,11,"380",10,6,NA,NA,NA,NA,NA,NA,0,0,0
27,"Z30",5,12,"380",10,6,NA,NA,NA,NA,NA,NA,0,0,0
11,"Z30",5,17,"380",10,3,NA,NA,NA,NA,NA,NA,0,0,0
23,"Z30",5,15,"380",10,4,NA,NA,NA,NA,NA,NA,0,0,0
15,"Z30",5,7,"380",10,5,NA,NA,NA,NA,NA,NA,0,0,0
16,"Z30",5,5,"380",10,5,NA,NA,NA,NA,NA,NA,0,0,0
4,"Z30",5,11,"381",10,4,NA,NA,NA,NA,NA,NA,0,0,0
1,"Z30",5,17,"381",10,6,119.8333333,NA,NA,NA,NA,NA,1,0,0.2
9,"Z30",5,12,"381",10,4,NA,NA,NA,NA,NA,NA,0,0,0
35,"Z30",5,6,"382",10,3,NA,NA,NA,NA,NA,NA,0,0,0
7,"Z30",5,5,"382",10,9,NA,NA,NA,NA,NA,NA,0,0,0
46,"Z30",5,8,"382",10,4,NA,NA,NA,NA,NA,NA,0,0,0
56,"Z30",5,8,"383",10,4,NA,NA,NA,NA,NA,NA,0,0,0
2,"Z30",5,17,"383",10,4,NA,NA,NA,NA,NA,NA,0,0,0
10,"Z30",5,12,"383",10,5,NA,NA,NA,NA,NA,NA,0,0,0
8,"Z30",5,5,"385",9,5,NA,NA,NA,NA,NA,NA,0,0,0
5,"Z30",5,11,"385",10,6,NA,NA,NA,NA,NA,NA,0,0,0
11,"Z30",5,12,"385",10,4,NA,NA,NA,NA,NA,NA,0,0,0
9,"Z30",5,5,"386",10,5,NA,NA,NA,NA,NA,NA,0,0,0
47,"Z30",5,8,"386",10,4,NA,NA,NA,NA,NA,NA,0,0,0
12,"Z30",5,12,"386",10,4,117.8966102,NA,NA,NA,NA,NA,1,0,0.2
57,"Z30",5,8,"390",10,4,NA,NA,NA,NA,NA,NA,0,0,0
3,"Z30",5,17,"390",10,4,NA,NA,NA,NA,NA,NA,0,0,0
14,"Z30",5,12,"390",10,4,NA,NA,NA,NA,NA,NA,0,0,0
16,"Z30",5,8,"391",10,5,42.52824859,NA,NA,NA,NA,1,1,0.2,0.2
4,"Z30",5,10,"391",10,5,NA,NA,NA,NA,NA,NA,0,0,0
5,"Z30",5,11,"391",10,6,NA,NA,NA,NA,NA,NA,0,0,0
3,"Z30",5,12,"391",9,6,22.7039548,64.67062147,NA,NA,NA,1,2,0.2,0.4
6,"Z30",5,14,"391",10,8,NA,NA,NA,NA,NA,NA,0,0,0
12,"Z30",5,17,"391",9,3,24.77655367,25.77655367,NA,NA,NA,2,2,0.4,0.4
5,"Z30",5,15,"391",10,4,118.289548,NA,NA,NA,NA,NA,1,0,0.2
8,"Z30",5,11,"391",10,7,28.9579096,NA,NA,NA,NA,1,1,0.2,0.2
16,"Z30",5,7,"391",10,5,35.83898305,NA,NA,NA,NA,1,1,0.2,0.2
17,"Z30",5,5,"391",10,5,56.0819209,65.5819209,91.5819209,NA,NA,1,3,0.2,0.6
1,"Z30",5,7,"391",10,5,90.16666667,NA,NA,NA,NA,0,1,0,0.2
17,"Z30",5,7,"391",10,5,NA,NA,NA,NA,NA,0,0,0,0
23,"Z30",5,4,"391",10,7,NA,NA,NA,NA,NA,0,0,0,0
24,"Z30",5,4,"391",10,7,63.61609195,75.61609195,NA,NA,NA,0,2,0,0.4
1,"Z30",5,6,"391",10,10,NA,NA,NA,NA,NA,0,0,0,0
24,"Z30",5,6,"391",10,10,NA,NA,NA,NA,NA,0,0,0,0
23,"Z30",5,6,"391",10,9,NA,NA,NA,NA,NA,0,0,0,0
28,"Z30",5,6,"391",10,9,NA,NA,NA,NA,NA,0,0,0,0
4,"Z30",5,6,"391",10,7,NA,NA,NA,NA,NA,0,0,0,0
28,"Z30",5,6,"391",11,7,NA,NA,NA,NA,NA,0,0,0,0
11,"Z30",5,5,"392",9,5,NA,NA,NA,NA,NA,NA,0,0,0
49,"Z30",5,8,"392",9,4,NA,NA,NA,NA,NA,NA,0,0,0
15,"Z30",5,12,"392",10,4,NA,NA,NA,NA,NA,NA,0,0,0
6,"Z30",5,11,"395",10,9,NA,NA,NA,NA,NA,NA,0,0,0
4,"Z30",5,17,"395",10,4,NA,NA,NA,NA,NA,NA,0,0,0
16,"Z30",5,12,"395",10,4,NA,NA,NA,NA,NA,NA,0,0,0
7,"Z30",5,11,"397",10,9,NA,NA,NA,NA,NA,NA,0,0,0
5,"Z30",5,17,"397",10,4,NA,NA,NA,NA,NA,NA,0,0,0
17,"Z30",5,12,"397",10,6,NA,NA,NA,NA,NA,NA,0,0,0
23,"Z30",5,6,"399",10,6,65.17062147,NA,NA,NA,NA,NA,1,0,0.2
18,"Z30",5,7,"399",10,5,NA,NA,NA,NA,NA,NA,0,0,0
17,"Z30",5,8,"399",10,5,103.7745763,NA,NA,NA,NA,NA,1,0,0.2
14,"Z30",5,8,"399",10,6,44.80141243,NA,NA,NA,NA,1,1,0.2,0.2
15,"Z30",5,11,"399",10,6,NA,NA,NA,NA,NA,NA,0,0,0
28,"Z30",5,12,"399",10,6,NA,NA,NA,NA,NA,NA,0,0,0
13,"Z30",5,17,"399",10,3,84.63502825,NA,NA,NA,NA,NA,1,0,0.2
24,"Z30",5,15,"399",10,4,NA,NA,NA,NA,NA,NA,0,0,0
17,"Z30",5,7,"399",10,5,NA,NA,NA,NA,NA,NA,0,0,0
18,"Z30",5,5,"399",10,7,NA,NA,NA,NA,NA,NA,0,0,0
8,"Z30",5,11,"405",10,6,NA,NA,NA,NA,NA,NA,0,0,0
6,"Z30",5,17,"405",10,4,NA,NA,NA,NA,NA,NA,0,0,0
18,"Z30",5,12,"405",10,4,NA,NA,NA,NA,NA,NA,0,0,0
11,"Z30",5,12,"405",10,8,NA,NA,NA,NA,NA,0,0,0,0
6,"Z30",5,12,"405",10,9,NA,NA,NA,NA,NA,0,0,0,0
9,"Z30",5,11,"406",10,6,NA,NA,NA,NA,NA,NA,0,0,0
7,"Z30",5,17,"406",10,4,NA,NA,NA,NA,NA,NA,0,0,0
19,"Z30",5,12,"406",10,4,NA,NA,NA,NA,NA,NA,0,0,0
12,"Z30",5,12,"406",10,8,NA,NA,NA,NA,NA,0,0,0,0
5,"Z30",5,12,"406",10,9,NA,NA,NA,NA,NA,0,0,0,0
14,"Z30",5,5,"409",10,5,30.15169492,60.60169492,NA,NA,NA,1,2,0.2,0.4
52,"Z30",5,8,"409",10,4,27.72683616,NA,NA,NA,NA,1,1,0.2,0.2
55,"Z30",5,17,"409",10,5,103.1112994,NA,NA,NA,NA,NA,1,0,0.2
10,"Z30",5,11,"426",10,6,NA,NA,NA,NA,NA,NA,0,0,0
8,"Z30",5,17,"426",10,4,NA,NA,NA,NA,NA,NA,0,0,0
20,"Z30",5,12,"426",10,6,NA,NA,NA,NA,NA,NA,0,0,0
19,"Z30",5,7,"427",10,5,NA,NA,NA,NA,NA,NA,0,0,0
18,"Z30",5,8,"427",10,5,NA,NA,NA,NA,NA,NA,0,0,0
15,"Z30",5,8,"427",10,8,NA,NA,NA,NA,NA,NA,0,0,0
5,"Z30",5,10,"427",10,5,NA,NA,NA,NA,NA,NA,0,0,0
23,"Z30",5,11,"427",10,6,NA,NA,NA,NA,NA,NA,0,0,0
29,"Z30",5,12,"427",10,6,NA,NA,NA,NA,NA,NA,0,0,0
14,"Z30",5,17,"427",10,3,NA,NA,NA,NA,NA,NA,0,0,0
25,"Z30",5,15,"427",10,4,115.7372881,NA,NA,NA,NA,NA,1,0,0.2
9,"Z30",5,11,"427",10,7,NA,NA,NA,NA,NA,NA,0,0,0
19,"Z30",5,5,"427",10,7,NA,NA,NA,NA,NA,NA,0,0,0
24,"Z30",5,6,"437",10,8,NA,NA,NA,NA,NA,NA,0,0,0
20,"Z30",5,7,"437",10,5,NA,NA,NA,NA,NA,NA,0,0,0
19,"Z30",5,8,"437",10,5,NA,NA,NA,NA,NA,NA,0,0,0
16,"Z30",5,8,"437",10,6,NA,NA,NA,NA,NA,NA,0,0,0
16,"Z30",5,11,"437",10,6,NA,NA,NA,NA,NA,NA,0,0,0
30,"Z30",5,12,"437",10,6,NA,NA,NA,NA,NA,NA,0,0,0
15,"Z30",5,17,"437",10,3,NA,NA,NA,NA,NA,NA,0,0,0
26,"Z30",5,15,"437",10,4,NA,NA,NA,NA,NA,NA,0,0,0
10,"Z30",5,11,"437",10,7,NA,NA,NA,NA,NA,NA,0,0,0
20,"Z30",5,5,"437",10,7,NA,NA,NA,NA,NA,NA,0,0,0
11,"Z30",5,11,"439",10,4,NA,NA,NA,NA,NA,NA,0,0,0
9,"Z30",5,17,"439",10,4,NA,NA,NA,NA,NA,NA,0,0,0
21,"Z30",5,12,"439",10,4,NA,NA,NA,NA,NA,NA,0,0,0
13,"Z30",5,12,"439",10,8,NA,NA,NA,NA,NA,0,0,0,0
4,"Z30",5,12,"439",10,8,NA,NA,NA,NA,NA,1,1,0.2,0.2
12,"Z30",5,11,"440",10,3,58.34124294,119.2412429,NA,NA,NA,1,2,0.2,0.4
56,"Z30",5,17,"440",10,5,38.62570621,67.92570621,NA,NA,NA,1,2,0.2,0.4
58,"Z30",5,15,"440",10,11,41.28220339,47.48220339,NA,NA,NA,2,2,0.4,0.4
59,"Z30",5,12,"440",9,4,22.54576271,24.54576271,46.54576271,NA,NA,3,3,0.6,0.6
51,"Z30",5,6,"440",10,4,NA,NA,NA,NA,NA,NA,0,0,0
52,"Z30",5,6,"440",10,4,100.1771186,NA,NA,NA,NA,NA,1,0,0.2
26,"Z30",5,5,"440",10,7,NA,NA,NA,NA,NA,NA,0,0,0
18,"Z30",5,7,"440",9,5,NA,NA,NA,NA,NA,NA,0,0,0
4,"Z30",5,17,"440",10,5,79.53055556,NA,NA,NA,NA,NA,1,0,0.2
10,"Z30",5,17,"440",10,5,25.59166667,62.59166667,NA,NA,NA,1,2,0.2,0.4
2,"Z30",5,18,"440",10,4,53.18541667,117.8520833,NA,NA,NA,1,2,0.2,0.4
2,"Z30",5,18,"440",9,6,93.845,115.845,119.845,NA,NA,NA,3,0,0.6
1,"Z30",5,19,"440",10,4,14.25,83,NA,NA,NA,1,2,0.2,0.4
4,"Z30",5,19,"440",10,4,26.55555556,112.5555556,NA,NA,NA,1,2,0.2,0.4
58,"Z30",5,8,"441",10,4,NA,NA,NA,NA,NA,NA,0,0,0
10,"Z30",5,17,"441",10,7,NA,NA,NA,NA,NA,NA,0,0,0
22,"Z30",5,12,"441",10,4,NA,NA,NA,NA,NA,NA,0,0,0
13,"Z30",5,11,"443",10,3,NA,NA,NA,NA,NA,NA,0,0,0
11,"Z30",5,17,"443",10,4,NA,NA,NA,NA,NA,NA,0,0,0
23,"Z30",5,12,"443",10,4,NA,NA,NA,NA,NA,NA,0,0,0
14,"Z30",5,11,"461",10,3,NA,NA,NA,NA,NA,NA,0,0,0
14,"Z30",5,17,"461",10,4,NA,NA,NA,NA,NA,NA,0,0,0
26,"Z30",5,12,"461",10,4,NA,NA,NA,NA,NA,NA,0,0,0
25,"Z30",5,6,"486",10,7,NA,NA,NA,NA,NA,NA,0,0,0
21,"Z30",5,7,"486",10,4,57.38841808,101.9717514,108.4384181,116.9717514,NA,1,4,0.2,0.8
6,"Z30",5,10,"486",10,5,94.99858757,NA,NA,NA,NA,NA,1,0,0.2
24,"Z30",5,11,"486",10,6,NA,NA,NA,NA,NA,NA,0,0,0
4,"Z30",5,12,"486",10,6,NA,NA,NA,NA,NA,NA,0,0,0
7,"Z30",5,14,"486",10,8,NA,NA,NA,NA,NA,NA,0,0,0
16,"Z30",5,17,"486",10,3,NA,NA,NA,NA,NA,NA,0,0,0
27,"Z30",5,15,"486",10,4,NA,NA,NA,NA,NA,NA,0,0,0
11,"Z30",5,11,"486",10,7,84.51129944,NA,NA,NA,NA,NA,1,0,0.2
21,"Z30",5,5,"486",10,7,48.1440678,NA,NA,NA,NA,1,1,0.2,0.2
17,"Z30",5,11,"491",10,9,NA,NA,NA,NA,NA,NA,0,0,0
17,"Z30",5,17,"491",10,4,NA,NA,NA,NA,NA,NA,0,0,0
29,"Z30",5,12,"491",10,4,NA,NA,NA,NA,NA,NA,0,0,0
18,"Z30",5,11,"492",10,9,42.2819209,NA,NA,NA,NA,1,1,0.2,0.2
18,"Z30",5,17,"492",10,4,NA,NA,NA,NA,NA,NA,0,0,0
30,"Z30",5,12,"492",9,4,NA,NA,NA,NA,NA,NA,0,0,0
19,"Z30",5,11,"502",10,3,NA,NA,NA,NA,NA,NA,0,0,0
19,"Z30",5,17,"502",10,4,NA,NA,NA,NA,NA,NA,0,0,0
31,"Z30",5,12,"502",10,4,NA,NA,NA,NA,NA,NA,0,0,0
20,"Z30",5,11,"505",9,3,NA,NA,NA,NA,NA,NA,0,0,0
20,"Z30",5,17,"505",10,4,78.10706215,NA,NA,NA,NA,NA,1,0,0.2
32,"Z30",5,12,"505",10,4,NA,NA,NA,NA,NA,NA,0,0,0
21,"Z30",5,11,"508",10,9,NA,NA,NA,NA,NA,NA,0,0,0
21,"Z30",5,17,"508",9,4,45.62146893,99.28813559,NA,NA,NA,1,2,0.2,0.4
33,"Z30",5,12,"508",10,4,90.33559322,NA,NA,NA,NA,NA,1,0,0.2
22,"Z30",5,11,"509",10,3,NA,NA,NA,NA,NA,NA,0,0,0
22,"Z30",5,17,"509",10,4,NA,NA,NA,NA,NA,NA,0,0,0
34,"Z30",5,12,"509",10,9,11.72316384,80.18983051,NA,NA,NA,1,2,0.2,0.4
23,"Z30",5,11,"513",10,3,NA,NA,NA,NA,NA,NA,0,0,0
23,"Z30",5,17,"513",10,4,NA,NA,NA,NA,NA,NA,0,0,0
35,"Z30",5,12,"513",10,4,NA,NA,NA,NA,NA,NA,0,0,0
2,"Z30",5,12,"513",10,8,NA,NA,NA,NA,NA,0,0,0,0
-4,"Z30",5,12,"513",10,7,NA,NA,NA,NA,NA,0,0,0,0
27,"Z30",5,6,"517",10,8,NA,NA,NA,NA,NA,NA,0,0,0
23,"Z30",5,7,"517",10,5,NA,NA,NA,NA,NA,NA,0,0,0
21,"Z30",5,8,"517",10,5,94.42655367,NA,NA,NA,NA,NA,1,0,0.2
18,"Z30",5,8,"517",10,6,NA,NA,NA,NA,NA,NA,0,0,0
18,"Z30",5,11,"517",10,6,NA,NA,NA,NA,NA,NA,0,0,0
9,"Z30",5,14,"517",10,8,NA,NA,NA,NA,NA,NA,0,0,0
6,"Z30",5,15,"517",10,4,NA,NA,NA,NA,NA,NA,0,0,0
13,"Z30",5,11,"517",10,7,NA,NA,NA,NA,NA,NA,0,0,0
18,"Z30",5,7,"517",10,5,NA,NA,NA,NA,NA,NA,0,0,0
23,"Z30",5,5,"517",10,7,NA,NA,NA,NA,NA,NA,0,0,0
26,"Z30",5,11,"528",10,9,NA,NA,NA,NA,NA,NA,0,0,0
26,"Z30",5,17,"528",10,4,NA,NA,NA,NA,NA,NA,0,0,0
38,"Z30",5,12,"528",10,4,40.44011299,NA,NA,NA,NA,1,1,0.2,0.2
27,"Z30",5,11,"530",10,3,NA,NA,NA,NA,NA,NA,0,0,0
27,"Z30",5,17,"530",10,4,NA,NA,NA,NA,NA,NA,0,0,0
39,"Z30",5,12,"530",10,4,NA,NA,NA,NA,NA,NA,0,0,0
14,"Z30",5,12,"530",10,6,NA,NA,NA,NA,NA,1,1,0.2,0.2
3,"Z30",5,12,"530",10,6,NA,NA,NA,NA,NA,1,1,0.2,0.2
28,"Z30",5,11,"531",10,6,NA,NA,NA,NA,NA,NA,0,0,0
28,"Z30",5,17,"531",10,4,NA,NA,NA,NA,NA,NA,0,0,0
40,"Z30",5,12,"531",10,4,NA,NA,NA,NA,NA,NA,0,0,0
29,"Z30",5,11,"535",10,3,NA,NA,NA,NA,NA,NA,0,0,0
29,"Z30",5,17,"535",10,4,NA,NA,NA,NA,NA,NA,0,0,0
41,"Z30",5,12,"535",10,4,NA,NA,NA,NA,NA,NA,0,0,0
30,"Z30",5,11,"551",10,3,116.0299435,NA,NA,NA,NA,NA,1,0,0.2
30,"Z30",5,17,"551",10,4,58.91779661,NA,NA,NA,NA,1,1,0.2,0.2
59,"Z30",5,15,"551",10,3,NA,NA,NA,NA,NA,NA,0,0,0
28,"Z30",5,6,"555",10,4,NA,NA,NA,NA,NA,NA,0,0,0
24,"Z30",5,7,"555",10,5,NA,NA,NA,NA,NA,NA,0,0,0
22,"Z30",5,8,"555",10,5,NA,NA,NA,NA,NA,NA,0,0,0
19,"Z30",5,8,"555",10,6,95.07118644,NA,NA,NA,NA,NA,1,0,0.2
19,"Z30",5,11,"555",10,6,42.48474576,NA,NA,NA,NA,1,1,0.2,0.2
10,"Z30",5,14,"555",10,8,67.06355932,NA,NA,NA,NA,NA,1,0,0.2
18,"Z30",5,17,"555",10,3,NA,NA,NA,NA,NA,NA,0,0,0
29,"Z30",5,15,"555",10,4,NA,NA,NA,NA,NA,NA,0,0,0
14,"Z30",5,11,"555",10,7,NA,NA,NA,NA,NA,NA,0,0,0
24,"Z30",5,5,"555",10,7,NA,NA,NA,NA,NA,NA,0,0,0
33,"Z30",5,11,"559",10,9,NA,NA,NA,NA,NA,NA,0,0,0
33,"Z30",5,17,"559",10,4,NA,NA,NA,NA,NA,NA,0,0,0
44,"Z30",5,12,"559",10,4,NA,NA,NA,NA,NA,NA,0,0,0
34,"Z30",5,11,"563",10,3,21.47372881,42.72372881,55.34039548,151.7237288,NA,3,4,0.6,0.8
60,"Z30",5,13,"563",10,4,89.38333333,94.9,NA,NA,NA,NA,2,0,0.4
32,"Z30",5,12,"563",9,8,37.03474576,39.55141243,48.3680791,90.03474576,NA,3,4,0.6,0.8
57,"Z30",5,17,"563",10,5,44.77344633,50.14011299,56.75677966,NA,NA,3,3,0.6,0.6
45,"Z30",5,12,"563",10,4,38.58644068,NA,NA,NA,NA,1,1,0.2,0.2
53,"Z30",5,6,"563",10,4,NA,NA,NA,NA,NA,NA,0,0,0
54,"Z30",5,6,"563",10,4,50.92033898,NA,NA,NA,NA,1,1,0.2,0.2
27,"Z30",5,5,"563",10,7,103.0706215,NA,NA,NA,NA,NA,1,0,0.2
19,"Z30",5,7,"563",10,5,24.3245614,NA,NA,NA,NA,1,1,0.2,0.2
5,"Z30",5,17,"563",10,5,51.87407407,92.37407407,NA,NA,NA,1,2,0.2,0.4
11,"Z30",5,17,"563",10,5,62.43518519,106.1018519,NA,NA,NA,NA,2,0,0.4
3,"Z30",5,18,"563",10,6,24.19,43.69,NA,NA,NA,2,2,0.4,0.4
7,"Z30",5,18,"563",10,3,20.07,75.07,NA,NA,NA,1,2,0.2,0.4
3,"Z30",5,19,"563",10,3,36.7037037,54.62037037,NA,NA,NA,2,2,0.4,0.4
5,"Z30",5,19,"563",10,3,12.24074074,111.4074074,NA,NA,NA,1,2,0.2,0.4
36,"Z30",5,11,"566",10,9,50.4039548,NA,NA,NA,NA,1,1,0.2,0.2
35,"Z30",5,17,"566",10,4,NA,NA,NA,NA,NA,NA,0,0,0
47,"Z30",5,12,"566",10,4,NA,NA,NA,NA,NA,NA,0,0,0
39,"Z30",5,11,"584",10,9,NA,NA,NA,NA,NA,NA,0,0,0
38,"Z30",5,17,"584",10,4,NA,NA,NA,NA,NA,NA,0,0,0
50,"Z30",5,12,"584",10,4,NA,NA,NA,NA,NA,NA,0,0,0
41,"Z30",5,11,"589",10,9,NA,NA,NA,NA,NA,NA,0,0,0
40,"Z30",5,17,"589",10,4,NA,NA,NA,NA,NA,NA,0,0,0
52,"Z30",5,12,"589",10,4,NA,NA,NA,NA,NA,NA,0,0,0
43,"Z30",5,11,"595",10,5,NA,NA,NA,NA,NA,NA,0,0,0
1,"Z30",5,15,"595",11,7,77.5,NA,NA,NA,NA,NA,1,0,0.2
54,"Z30",5,12,"595",10,4,NA,NA,NA,NA,NA,NA,0,0,0
44,"Z30",5,11,"596",10,5,NA,NA,NA,NA,NA,NA,0,0,0
42,"Z30",5,17,"596",10,4,NA,NA,NA,NA,NA,NA,0,0,0
55,"Z30",5,12,"596",9,4,NA,NA,NA,NA,NA,NA,0,0,0
46,"Z30",5,11,"627",10,5,NA,NA,NA,NA,NA,NA,0,0,0
44,"Z30",5,17,"627",10,4,NA,NA,NA,NA,NA,NA,0,0,0
57,"Z30",5,12,"627",10,4,NA,NA,NA,NA,NA,NA,0,0,0
47,"Z30",5,11,"630",10,7,NA,NA,NA,NA,NA,NA,0,0,0
45,"Z30",5,17,"630",9,4,NA,NA,NA,NA,NA,NA,0,0,0
58,"Z30",5,12,"630",10,9,NA,NA,NA,NA,NA,NA,0,0,0
48,"Z30",5,11,"634",10,9,NA,NA,NA,NA,NA,NA,0,0,0
46,"Z30",5,17,"634",10,4,115.6483051,NA,NA,NA,NA,NA,1,0,0.2
1,"Z30",5,12,"634",10,4,NA,NA,NA,NA,NA,NA,0,0,0
30,"Z30",5,6,"639",10,6,NA,NA,NA,NA,NA,NA,0,0,0
25,"Z30",5,7,"639",10,5,NA,NA,NA,NA,NA,NA,0,0,0
20,"Z30",5,8,"639",10,8,NA,NA,NA,NA,NA,NA,0,0,0
7,"Z30",5,10,"639",10,5,NA,NA,NA,NA,NA,NA,0,0,0
5,"Z30",5,12,"639",10,6,NA,NA,NA,NA,NA,NA,0,0,0
11,"Z30",5,14,"639",10,8,NA,NA,NA,NA,NA,NA,0,0,0
19,"Z30",5,17,"639",10,3,NA,NA,NA,NA,NA,NA,0,0,0
30,"Z30",5,15,"639",10,4,NA,NA,NA,NA,NA,NA,0,0,0
15,"Z30",5,11,"639",10,7,NA,NA,NA,NA,NA,NA,0,0,0
3,"Z30",5,7,"639",10,5,NA,NA,NA,NA,NA,NA,0,0,0
49,"Z30",5,11,"642",10,5,NA,NA,NA,NA,NA,NA,0,0,0
47,"Z30",5,17,"642",10,4,NA,NA,NA,NA,NA,NA,0,0,0
2,"Z30",5,12,"642",10,4,NA,NA,NA,NA,NA,NA,0,0,0
50,"Z30",5,11,"646",10,5,NA,NA,NA,NA,NA,NA,0,0,0
48,"Z30",5,17,"646",10,4,NA,NA,NA,NA,NA,NA,0,0,0
1,"Z30",5,6,"646",9,4,NA,NA,NA,NA,NA,NA,0,0,0
55,"Z30",5,11,"703",10,5,NA,NA,NA,NA,NA,NA,0,0,0
5,"Z30",5,15,"703",10,4,NA,NA,NA,NA,NA,NA,0,0,0
7,"Z30",5,12,"703",9,4,NA,NA,NA,NA,NA,NA,0,0,0
26,"Z30",5,7,"705",10,7,NA,NA,NA,NA,NA,NA,0,0,0
21,"Z30",5,8,"705",10,8,NA,NA,NA,NA,NA,NA,0,0,0
8,"Z30",5,10,"705",10,5,NA,NA,NA,NA,NA,NA,0,0,0
6,"Z30",5,11,"705",10,6,NA,NA,NA,NA,NA,NA,0,0,0
6,"Z30",5,12,"705",10,6,NA,NA,NA,NA,NA,NA,0,0,0
12,"Z30",5,14,"705",9,4,NA,NA,NA,NA,NA,NA,0,0,0
20,"Z30",5,17,"705",10,3,NA,NA,NA,NA,NA,NA,0,0,0
16,"Z30",5,11,"705",10,7,NA,NA,NA,NA,NA,NA,0,0,0
19,"Z30",5,7,"705",10,5,NA,NA,NA,NA,NA,NA,0,0,0
4,"Z30",5,7,"705",10,5,NA,NA,NA,NA,NA,NA,0,0,0
31,"Z30",5,6,"707",10,6,NA,NA,NA,NA,NA,NA,0,0,0
27,"Z30",5,7,"707",10,5,NA,NA,NA,NA,NA,NA,0,0,0
23,"Z30",5,8,"707",10,5,NA,NA,NA,NA,NA,NA,0,0,0
22,"Z30",5,8,"707",10,8,NA,NA,NA,NA,NA,NA,0,0,0
20,"Z30",5,11,"707",10,6,49.31723164,NA,NA,NA,NA,1,1,0.2,0.2
13,"Z30",5,14,"707",9,8,NA,NA,NA,NA,NA,NA,0,0,0
21,"Z30",5,17,"707",10,4,NA,NA,NA,NA,NA,NA,0,0,0
17,"Z30",5,11,"707",10,7,NA,NA,NA,NA,NA,NA,0,0,0
20,"Z30",5,7,"707",10,5,NA,NA,NA,NA,NA,NA,0,0,0
5,"Z30",5,7,"707",10,5,109.4517544,NA,NA,NA,NA,NA,1,0,0.2
32,"Z30",5,6,"712",10,6,NA,NA,NA,NA,NA,NA,0,0,0
28,"Z30",5,7,"712",10,5,NA,NA,NA,NA,NA,NA,0,0,0
23,"Z30",5,8,"712",10,8,30.62033898,NA,NA,NA,NA,1,1,0.2,0.2
9,"Z30",5,10,"712",10,5,NA,NA,NA,NA,NA,NA,0,0,0
14,"Z30",5,14,"712",10,8,NA,NA,NA,NA,NA,NA,0,0,0
22,"Z30",5,17,"712",10,4,58.0279661,NA,NA,NA,NA,1,1,0.2,0.2
18,"Z30",5,11,"712",10,7,NA,NA,NA,NA,NA,NA,0,0,0
2,"Z30",5,7,"712",9,5,NA,NA,NA,NA,NA,NA,0,0,0
6,"Z30",5,7,"712",10,5,NA,NA,NA,NA,NA,NA,0,0,0
24,"Z30",5,8,"714",10,5,NA,NA,NA,NA,NA,NA,0,0,0
24,"Z30",5,8,"714",10,6,NA,NA,NA,NA,NA,NA,0,0,0
10,"Z30",5,10,"714",10,5,NA,NA,NA,NA,NA,NA,0,0,0
7,"Z30",5,11,"714",10,6,NA,NA,NA,NA,NA,NA,0,0,0
7,"Z30",5,12,"714",10,6,NA,NA,NA,NA,NA,NA,0,0,0
15,"Z30",5,14,"714",10,8,NA,NA,NA,NA,NA,NA,0,0,0
23,"Z30",5,17,"714",9,4,NA,NA,NA,NA,NA,NA,0,0,0
19,"Z30",5,11,"714",10,7,NA,NA,NA,NA,NA,NA,0,0,0
21,"Z30",5,7,"714",10,5,NA,NA,NA,NA,NA,NA,0,0,0
7,"Z30",5,7,"714",10,5,NA,NA,NA,NA,NA,NA,0,0,0
57,"Z30",5,11,"716",10,5,NA,NA,NA,NA,NA,NA,0,0,0
7,"Z30",5,15,"716",10,4,NA,NA,NA,NA,NA,NA,0,0,0
9,"Z30",5,12,"716",9,4,NA,NA,NA,NA,NA,NA,0,0,0
60,"Z30",5,11,"721",10,5,NA,NA,NA,NA,NA,NA,0,0,0
10,"Z30",5,15,"721",10,4,NA,NA,NA,NA,NA,NA,0,0,0
12,"Z30",5,12,"721",10,4,NA,NA,NA,NA,NA,NA,0,0,0
2,"Z30",5,13,"727",10,4,NA,NA,NA,NA,NA,NA,0,0,0
12,"Z30",5,15,"727",10,4,NA,NA,NA,NA,NA,NA,0,0,0
13,"Z30",5,12,"727",10,4,NA,NA,NA,NA,NA,NA,0,0,0
25,"Z30",5,8,"730",10,5,NA,NA,NA,NA,NA,NA,0,0,0
25,"Z30",5,8,"730",10,8,NA,NA,NA,NA,NA,NA,0,0,0
11,"Z30",5,10,"730",10,5,NA,NA,NA,NA,NA,NA,0,0,0
8,"Z30",5,11,"730",10,6,NA,NA,NA,NA,NA,NA,0,0,0
8,"Z30",5,12,"730",10,6,NA,NA,NA,NA,NA,NA,0,0,0
16,"Z30",5,14,"730",10,8,NA,NA,NA,NA,NA,NA,0,0,0
24,"Z30",5,17,"730",10,4,NA,NA,NA,NA,NA,NA,0,0,0
1,"Z30",5,11,"730",10,7,NA,NA,NA,NA,NA,NA,0,0,0
22,"Z30",5,7,"730",10,5,NA,NA,NA,NA,NA,NA,0,0,0
8,"Z30",5,7,"730",10,5,NA,NA,NA,NA,NA,NA,0,0,0
29,"Z30",5,6,"732",10,8,NA,NA,NA,NA,NA,NA,0,0,0
26,"Z30",5,8,"732",10,5,84.57485876,NA,NA,NA,NA,NA,1,0,0.2
26,"Z30",5,8,"732",10,6,114.9488701,NA,NA,NA,NA,NA,1,0,0.2
12,"Z30",5,10,"732",9,5,40.66355932,110.1635593,NA,NA,NA,1,2,0.2,0.4
25,"Z30",5,11,"732",10,6,NA,NA,NA,NA,NA,NA,0,0,0
17,"Z30",5,14,"732",10,8,95.44632768,110.4463277,NA,NA,NA,NA,2,0,0.4
25,"Z30",5,17,"732",10,4,43.2700565,118.9533898,NA,NA,NA,1,2,0.2,0.4
20,"Z30",5,11,"732",10,7,65.17146893,120.6714689,NA,NA,NA,NA,1,0,0.2
23,"Z30",5,7,"732",10,5,57.91384181,NA,NA,NA,NA,1,1,0.2,0.2
9,"Z30",5,7,"732",10,5,NA,NA,NA,NA,NA,NA,0,0,0
6,"Z30",5,13,"737",10,4,NA,NA,NA,NA,NA,NA,0,0,0
14,"Z30",5,15,"737",10,4,52.92881356,NA,NA,NA,NA,1,1,0.2,0.2
17,"Z30",5,12,"737",10,4,NA,NA,NA,NA,NA,NA,0,0,0
7,"Z30",5,13,"738",10,4,40.33700565,NA,NA,NA,NA,1,1,0.2,0.2
15,"Z30",5,15,"738",10,4,NA,NA,NA,NA,NA,NA,0,0,0
18,"Z30",5,12,"738",10,4,NA,NA,NA,NA,NA,NA,0,0,0
11,"Z30",5,13,"748",10,4,NA,NA,NA,NA,NA,NA,0,0,0
19,"Z30",5,15,"748",10,4,NA,NA,NA,NA,NA,NA,0,0,0
22,"Z30",5,12,"748",10,4,NA,NA,NA,NA,NA,NA,0,0,0
18,"Z30",5,13,"757",10,4,NA,NA,NA,NA,NA,NA,0,0,0
26,"Z30",5,15,"757",10,4,NA,NA,NA,NA,NA,NA,0,0,0
29,"Z30",5,12,"757",10,4,NA,NA,NA,NA,NA,NA,0,0,0
20,"Z30",5,13,"761",10,4,NA,NA,NA,NA,NA,NA,0,0,0
27,"Z30",5,15,"761",10,4,NA,NA,NA,NA,NA,NA,0,0,0
31,"Z30",5,12,"761",10,4,NA,NA,NA,NA,NA,NA,0,0,0
29,"Z30",5,7,"765",10,7,NA,NA,NA,NA,NA,NA,0,0,0
27,"Z30",5,8,"765",10,8,NA,NA,NA,NA,NA,NA,0,0,0
13,"Z30",5,10,"765",10,5,68.41327684,NA,NA,NA,NA,NA,1,0,0.2
9,"Z30",5,11,"765",10,6,68.65988701,NA,NA,NA,NA,NA,1,0,0.2
9,"Z30",5,12,"765",10,6,NA,NA,NA,NA,NA,NA,0,0,0
18,"Z30",5,14,"765",10,9,65.95338983,NA,NA,NA,NA,NA,1,0,0.2
26,"Z30",5,17,"765",10,4,NA,NA,NA,NA,NA,NA,0,0,0
21,"Z30",5,11,"765",10,7,NA,NA,NA,NA,NA,NA,0,0,0
24,"Z30",5,7,"765",10,5,NA,NA,NA,NA,NA,NA,0,0,0
10,"Z30",5,7,"765",10,5,NA,NA,NA,NA,NA,NA,0,0,0
27,"Z30",5,8,"774",10,5,NA,NA,NA,NA,NA,NA,0,0,0
14,"Z30",5,10,"774",10,5,NA,NA,NA,NA,NA,NA,0,0,0
10,"Z30",5,11,"774",10,6,NA,NA,NA,NA,NA,NA,0,0,0
10,"Z30",5,12,"774",10,6,NA,NA,NA,NA,NA,NA,0,0,0
19,"Z30",5,14,"774",10,8,96.12711864,NA,NA,NA,NA,NA,1,0,0.2
27,"Z30",5,17,"774",10,4,80.65367232,NA,NA,NA,NA,NA,1,0,0.2
7,"Z30",5,15,"774",10,4,64.05932203,NA,NA,NA,NA,NA,1,0,0.2
22,"Z30",5,11,"774",10,7,76.04039548,NA,NA,NA,NA,NA,1,0,0.2
25,"Z30",5,7,"774",10,5,NA,NA,NA,NA,NA,NA,0,0,0
11,"Z30",5,7,"774",10,5,NA,NA,NA,NA,NA,NA,0,0,0
31,"Z30",5,13,"776",9,4,NA,NA,NA,NA,NA,NA,0,0,0
38,"Z30",5,15,"776",10,4,NA,NA,NA,NA,NA,NA,0,0,0
42,"Z30",5,12,"776",10,4,65.03531073,NA,NA,NA,NA,NA,1,0,0.2
34,"Z30",5,13,"783",10,10,NA,NA,NA,NA,NA,NA,0,0,0
40,"Z30",5,15,"783",10,4,NA,NA,NA,NA,NA,NA,0,0,0
44,"Z30",5,12,"783",10,4,NA,NA,NA,NA,NA,NA,0,0,0
28,"Z30",5,8,"786",10,5,NA,NA,NA,NA,NA,NA,0,0,0
28,"Z30",5,8,"786",10,6,NA,NA,NA,NA,NA,NA,0,0,0
15,"Z30",5,10,"786",10,5,NA,NA,NA,NA,NA,NA,0,0,0
11,"Z30",5,11,"786",10,6,NA,NA,NA,NA,NA,NA,0,0,0
11,"Z30",5,12,"786",10,6,NA,NA,NA,NA,NA,NA,0,0,0
20,"Z30",5,14,"786",10,8,NA,NA,NA,NA,NA,NA,0,0,0
28,"Z30",5,17,"786",10,4,NA,NA,NA,NA,NA,NA,0,0,0
23,"Z30",5,11,"786",10,7,NA,NA,NA,NA,NA,NA,0,0,0
26,"Z30",5,7,"786",10,5,NA,NA,NA,NA,NA,NA,0,0,0
12,"Z30",5,7,"786",10,5,NA,NA,NA,NA,NA,NA,0,0,0
3,"Z30",5,12,"787",10,4,NA,NA,NA,NA,NA,NA,0,0,0
42,"Z30",5,15,"787",10,4,NA,NA,NA,NA,NA,NA,0,0,0
46,"Z30",5,12,"787",10,4,NA,NA,NA,NA,NA,NA,0,0,0
5,"Z30",5,12,"790",10,4,NA,NA,NA,NA,NA,NA,0,0,0
44,"Z30",5,15,"790",10,4,NA,NA,NA,NA,NA,NA,0,0,0
48,"Z30",5,12,"790",10,4,NA,NA,NA,NA,NA,NA,0,0,0
8,"Z30",5,12,"796",10,4,NA,NA,NA,NA,NA,NA,0,0,0
47,"Z30",5,15,"796",10,4,NA,NA,NA,NA,NA,NA,0,0,0
51,"Z30",5,12,"796",10,4,NA,NA,NA,NA,NA,NA,0,0,0
16,"Z30",5,10,"799",10,5,NA,NA,NA,NA,NA,NA,0,0,0
12,"Z30",5,11,"799",10,6,NA,NA,NA,NA,NA,NA,0,0,0
12,"Z30",5,12,"799",10,6,NA,NA,NA,NA,NA,NA,0,0,0
1,"Z30",5,14,"799",10,9,NA,NA,NA,NA,NA,NA,0,0,0
1,"Z30",5,17,"799",10,4,NA,NA,NA,NA,NA,NA,0,0,0
8,"Z30",5,15,"799",10,4,NA,NA,NA,NA,NA,NA,0,0,0
4,"Z30",5,11,"799",10,7,NA,NA,NA,NA,NA,NA,0,0,0
3,"Z30",5,7,"799",10,5,NA,NA,NA,NA,NA,NA,0,0,0
2,"Z30",5,5,"799",10,7,NA,NA,NA,NA,NA,NA,0,0,0
13,"Z30",5,7,"799",10,5,NA,NA,NA,NA,NA,NA,0,0,0
10,"Z30",5,12,"801",10,4,NA,NA,NA,NA,NA,NA,0,0,0
49,"Z30",5,15,"801",10,8,NA,NA,NA,NA,NA,NA,0,0,0
53,"Z30",5,12,"801",10,4,NA,NA,NA,NA,NA,NA,0,0,0
11,"Z30",5,12,"802",10,4,88.39830508,NA,NA,NA,NA,NA,1,0,0.2
50,"Z30",5,15,"802",10,4,NA,NA,NA,NA,NA,NA,0,0,0
54,"Z30",5,12,"802",10,4,88.52288136,NA,NA,NA,NA,NA,1,0,0.2
13,"Z30",5,12,"804",10,4,NA,NA,NA,NA,NA,NA,0,0,0
52,"Z30",5,15,"804",10,4,16.79124294,111.7079096,NA,NA,NA,1,2,0.2,0.4
2,"Z30",5,6,"804",10,4,NA,NA,NA,NA,NA,NA,0,0,0
14,"Z30",5,12,"805",10,4,NA,NA,NA,NA,NA,NA,0,0,0
53,"Z30",5,15,"805",10,4,NA,NA,NA,NA,NA,NA,0,0,0
56,"Z30",5,12,"805",10,4,NA,NA,NA,NA,NA,NA,0,0,0
16,"Z30",5,12,"808",10,4,119.5974576,NA,NA,NA,NA,NA,1,0,0.2
55,"Z30",5,15,"808",10,4,37.1299435,51.89661017,149.3966102,NA,NA,2,3,0.4,0.6
60,"Z30",5,12,"808",10,3,108.4,NA,NA,NA,NA,NA,1,0,0.2
58,"Z30",5,12,"808",10,4,NA,NA,NA,NA,NA,NA,0,0,0
35,"Z30",5,13,"810",10,4,NA,NA,NA,NA,NA,NA,0,0,0
17,"Z30",5,12,"810",10,4,NA,NA,NA,NA,NA,NA,0,0,0
56,"Z30",5,15,"810",10,4,NA,NA,NA,NA,NA,NA,0,0,0
36,"Z30",5,13,"812",10,4,95.7019774,NA,NA,NA,NA,NA,1,0,0.2
57,"Z30",5,15,"812",10,4,75.0779661,NA,NA,NA,NA,NA,1,0,0.2
59,"Z30",5,12,"812",10,4,NA,NA,NA,NA,NA,NA,0,0,0
39,"Z30",5,13,"818",10,4,NA,NA,NA,NA,NA,NA,0,0,0
60,"Z30",5,15,"818",10,4,NA,NA,NA,NA,NA,NA,0,0,0
4,"Z30",5,6,"818",10,4,NA,NA,NA,NA,NA,NA,0,0,0
40,"Z30",5,13,"819",10,4,NA,NA,NA,NA,NA,NA,0,0,0
5,"Z30",5,15,"819",10,7,NA,NA,NA,NA,NA,NA,0,0,0
5,"Z30",5,6,"819",9,4,NA,NA,NA,NA,NA,NA,0,0,0
33,"Z30",5,6,"820",10,6,NA,NA,NA,NA,NA,NA,0,0,0
29,"Z30",5,8,"820",10,5,NA,NA,NA,NA,NA,NA,0,0,0
29,"Z30",5,8,"820",10,6,NA,NA,NA,NA,NA,NA,0,0,0
17,"Z30",5,10,"820",10,5,NA,NA,NA,NA,NA,NA,0,0,0
26,"Z30",5,11,"820",10,6,NA,NA,NA,NA,NA,NA,0,0,0
21,"Z30",5,14,"820",10,9,NA,NA,NA,NA,NA,NA,0,0,0
29,"Z30",5,17,"820",10,4,NA,NA,NA,NA,NA,NA,0,0,0
24,"Z30",5,11,"820",10,7,NA,NA,NA,NA,NA,NA,0,0,0
27,"Z30",5,7,"820",10,5,NA,NA,NA,NA,NA,NA,0,0,0
14,"Z30",5,7,"820",10,5,NA,NA,NA,NA,NA,NA,0,0,0
41,"Z30",5,13,"821",10,4,NA,NA,NA,NA,NA,NA,0,0,0
6,"Z30",5,15,"821",10,7,NA,NA,NA,NA,NA,NA,0,0,0
6,"Z30",5,6,"821",10,4,NA,NA,NA,NA,NA,NA,0,0,0
42,"Z30",5,13,"822",10,4,NA,NA,NA,NA,NA,NA,0,0,0
7,"Z30",5,15,"822",10,7,NA,NA,NA,NA,NA,NA,0,0,0
7,"Z30",5,6,"822",10,4,NA,NA,NA,NA,NA,NA,0,0,0
8,"Z30",5,17,"832",10,7,91.90462963,NA,NA,NA,NA,NA,1,0,0.2
5,"Z30",5,18,"832",10,8,NA,NA,NA,NA,NA,NA,0,0,0
6,"Z30",5,18,"832",10,6,NA,NA,NA,NA,NA,NA,0,0,0
46,"Z30",5,13,"837",10,4,61.90254237,NA,NA,NA,NA,NA,1,0,0.2
11,"Z30",5,15,"837",10,7,NA,NA,NA,NA,NA,NA,0,0,0
11,"Z30",5,6,"837",10,4,NA,NA,NA,NA,NA,NA,0,0,0
50,"Z30",5,13,"843",10,4,NA,NA,NA,NA,NA,NA,0,0,0
15,"Z30",5,15,"843",10,7,NA,NA,NA,NA,NA,NA,0,0,0
15,"Z30",5,6,"843",10,4,NA,NA,NA,NA,NA,NA,0,0,0
55,"Z30",5,13,"849",10,4,115.2830508,NA,NA,NA,NA,NA,1,0,0.2
20,"Z30",5,15,"849",10,7,NA,NA,NA,NA,NA,NA,0,0,0
20,"Z30",5,6,"849",10,4,117.2522599,NA,NA,NA,NA,NA,1,0,0.2
56,"Z30",5,13,"850",10,4,NA,NA,NA,NA,NA,NA,0,0,0
21,"Z30",5,15,"850",10,7,NA,NA,NA,NA,NA,NA,0,0,0
21,"Z30",5,6,"850",10,4,28.59887006,NA,NA,NA,NA,1,1,0.2,0.2
34,"Z30",5,6,"852",10,6,NA,NA,NA,NA,NA,NA,0,0,0
30,"Z30",5,7,"852",10,5,NA,NA,NA,NA,NA,NA,0,0,0
30,"Z30",5,8,"852",10,5,NA,NA,NA,NA,NA,NA,0,0,0
30,"Z30",5,8,"852",10,6,NA,NA,NA,NA,NA,NA,0,0,0
21,"Z30",5,11,"852",10,6,NA,NA,NA,NA,NA,NA,0,0,0
22,"Z30",5,14,"852",10,8,NA,NA,NA,NA,NA,NA,0,0,0
30,"Z30",5,17,"852",10,4,NA,NA,NA,NA,NA,NA,0,0,0
25,"Z30",5,11,"852",10,7,NA,NA,NA,NA,NA,NA,0,0,0
28,"Z30",5,7,"852",10,5,NA,NA,NA,NA,NA,NA,0,0,0
15,"Z30",5,7,"852",10,5,NA,NA,NA,NA,NA,NA,0,0,0
58,"Z30",5,13,"853",10,4,NA,NA,NA,NA,NA,NA,0,0,0
23,"Z30",5,15,"853",10,7,22.51242938,NA,NA,NA,NA,1,1,0.2,0.2
23,"Z30",5,6,"853",10,4,NA,NA,NA,NA,NA,NA,0,0,0
19,"Z30",5,12,"855",10,4,NA,NA,NA,NA,NA,NA,0,0,0
25,"Z30",5,15,"855",10,7,NA,NA,NA,NA,NA,NA,0,0,0
25,"Z30",5,6,"855",10,4,NA,NA,NA,NA,NA,NA,0,0,0
21,"Z30",5,12,"857",10,4,NA,NA,NA,NA,NA,NA,0,0,0
27,"Z30",5,15,"857",10,7,NA,NA,NA,NA,NA,NA,0,0,0
27,"Z30",5,6,"857",10,4,NA,NA,NA,NA,NA,NA,0,0,0
18,"Z30",5,10,"859",10,5,NA,NA,NA,NA,NA,NA,0,0,0
30,"Z30",5,11,"859",10,11,NA,NA,NA,NA,NA,NA,0,0,0
13,"Z30",5,12,"859",10,8,NA,NA,NA,NA,NA,NA,0,0,0
2,"Z30",5,14,"859",10,6,NA,NA,NA,NA,NA,NA,0,0,0
9,"Z30",5,15,"859",10,6,104.7457627,NA,NA,NA,NA,NA,1,0,0.2
2,"Z30",5,11,"859",10,11,NA,NA,NA,NA,NA,NA,0,0,0
4,"Z30",5,7,"859",10,5,NA,NA,NA,NA,NA,NA,0,0,0
16,"Z30",5,7,"859",10,5,NA,NA,NA,NA,NA,NA,0,0,0
2,"Z30",5,17,"859",10,7,40.84351852,NA,NA,NA,NA,1,1,0.2,0.2
24,"Z30",5,12,"861",9,4,86.31610169,91.31610169,NA,NA,NA,NA,2,0,0.4
59,"Z30",5,17,"861",10,7,NA,NA,NA,NA,NA,NA,0,0,0
30,"Z30",5,15,"861",10,7,30.66638418,NA,NA,NA,NA,1,1,0.2,0.2
35,"Z30",5,12,"879",10,4,NA,NA,NA,NA,NA,NA,0,0,0
39,"Z30",5,15,"879",10,7,NA,NA,NA,NA,NA,NA,0,0,0
36,"Z30",5,6,"879",10,4,NA,NA,NA,NA,NA,NA,0,0,0
37,"Z30",5,12,"882",9,4,NA,NA,NA,NA,NA,NA,0,0,0
41,"Z30",5,15,"882",10,7,NA,NA,NA,NA,NA,NA,0,0,0
38,"Z30",5,6,"882",10,4,NA,NA,NA,NA,NA,NA,0,0,0
38,"Z30",5,12,"884",10,4,76.07372881,NA,NA,NA,NA,NA,1,0,0.2
42,"Z30",5,15,"884",10,7,NA,NA,NA,NA,NA,NA,0,0,0
39,"Z30",5,6,"884",10,4,NA,NA,NA,NA,NA,NA,0,0,0
40,"Z30",5,12,"887",10,4,NA,NA,NA,NA,NA,NA,0,0,0
44,"Z30",5,15,"887",10,7,NA,NA,NA,NA,NA,NA,0,0,0
41,"Z30",5,6,"887",10,4,NA,NA,NA,NA,NA,NA,0,0,0
42,"Z30",5,12,"890",10,4,NA,NA,NA,NA,NA,NA,0,0,0
46,"Z30",5,15,"890",10,7,NA,NA,NA,NA,NA,NA,0,0,0
43,"Z30",5,6,"890",10,4,NA,NA,NA,NA,NA,NA,0,0,0
44,"Z30",5,12,"892",10,4,NA,NA,NA,NA,NA,NA,0,0,0
48,"Z30",5,15,"892",10,7,NA,NA,NA,NA,NA,NA,0,0,0
45,"Z30",5,6,"892",10,4,NA,NA,NA,NA,NA,NA,0,0,0
45,"Z30",5,12,"894",9,4,NA,NA,NA,NA,NA,NA,0,0,0
49,"Z30",5,15,"894",10,7,NA,NA,NA,NA,NA,NA,0,0,0
46,"Z30",5,6,"894",10,4,NA,NA,NA,NA,NA,NA,0,0,0
46,"Z30",5,12,"897",9,4,NA,NA,NA,NA,NA,NA,0,0,0
50,"Z30",5,15,"897",9,7,NA,NA,NA,NA,NA,NA,0,0,0
47,"Z30",5,6,"897",10,4,NA,NA,NA,NA,NA,NA,0,0,0
47,"Z30",5,12,"900",10,4,NA,NA,NA,NA,NA,NA,0,0,0
51,"Z30",5,15,"900",10,7,NA,NA,NA,NA,NA,NA,0,0,0
48,"Z30",5,6,"900",10,4,NA,NA,NA,NA,NA,NA,0,0,0
51,"Z30",5,12,"907",7,4,NA,NA,NA,NA,NA,NA,0,0,0
1,"Z30",5,12,"907",10,7,NA,NA,NA,NA,NA,NA,0,0,0
28,"Z30",5,5,"907",10,7,41.91949153,NA,NA,NA,NA,1,1,0.2,0.2
52,"Z30",5,12,"908",10,4,63.83135593,NA,NA,NA,NA,NA,1,0,0.2
2,"Z30",5,12,"908",10,7,NA,NA,NA,NA,NA,NA,0,0,0
29,"Z30",5,5,"908",10,7,NA,NA,NA,NA,NA,NA,0,0,0
53,"Z30",5,12,"911",10,4,NA,NA,NA,NA,NA,NA,0,0,0
3,"Z30",5,12,"911",10,7,NA,NA,NA,NA,NA,NA,0,0,0
30,"Z30",5,5,"911",10,7,NA,NA,NA,NA,NA,NA,0,0,0
55,"Z30",5,12,"913",10,4,NA,NA,NA,NA,NA,NA,0,0,0
4,"Z30",5,12,"913",10,7,118.3960452,NA,NA,NA,NA,NA,1,0,0.2
20,"Z30",5,7,"913",10,5,87.75,96.66666667,NA,NA,NA,NA,2,0,0.4
