Sample,Barcode sequence,PF Clusters,% of the lane,% Perfect barcode,% One mismatch barcode,Yield (Mbases),% PF clusters,% >= Q30 bases,Mean Quality Score
1113B,TAGCCTCATG+ACCGGAAGGT,26461894,0.79,98.31,1.69,7991,100,96.39,36.38
1113B,TAGCCTCATG+ACCGGAAGGT,27302756,0.8,98.37,1.63,8245,100,96.36,36.37
32764A,CGTCGAGCAT+CAGTGTCATC,31307854,0.94,98.42,1.58,9455,100,96.72,36.44
32764A,CGTCGAGCAT+CAGTGTCATC,32436971,0.95,98.46,1.54,9796,100,96.68,36.43
32799A,CAGCACTACG+TTCTGTGGCG,23972877,0.72,97.97,2.03,7240,100,96.11,36.32
32799A,CAGCACTACG+TTCTGTGGCG,24624002,0.72,98.1,1.9,7436,100,96.09,36.32
32826A,GCCGTCATAA+CTGCACTCAC,28889840,0.86,98.28,1.72,8725,100,96.66,36.44
32826A,GCCGTCATAA+CTGCACTCAC,29562809,0.87,98.32,1.68,8928,100,96.64,36.43
32838A,AACATCTCGA+GTCTTGCAGG,28919514,0.86,98.7,1.3,8734,100,96.34,36.36
32838A,AACATCTCGA+GTCTTGCAGG,29816782,0.88,98.76,1.24,9005,100,96.31,36.35
32950A,CGGCTAACCA+CTACCACTAT,27979311,0.84,97.56,2.44,8450,100,96.7,36.43
32950A,CGGCTAACCA+CTACCACTAT,28957380,0.85,97.62,2.38,8745,100,96.69,36.43
32960A,CTGTCGTACA+ACTGCGAATG,26502756,0.79,98.19,1.81,8004,100,96.04,36.31
32960A,CTGTCGTACA+ACTGCGAATG,27128457,0.8,98.24,1.76,8193,100,96.02,36.3
33223A,TTGGCACTTA+TACGACGCAC,35818251,1.07,98.53,1.47,10817,100,96.71,36.45
33223A,TTGGCACTTA+TACGACGCAC,36990726,1.09,98.54,1.46,11171,100,96.66,36.44
33299A,GCAGTTAGAC+TCAATGCGTC,24220282,0.72,98.35,1.65,7315,100,96.38,36.38
33299A,GCAGTTAGAC+TCAATGCGTC,24673792,0.72,98.38,1.62,7451,100,96.36,36.37
33668A,TCCTCTCGAA+ACATGACTGA,26251884,0.78,97.37,2.63,7928,100,96.26,36.34
33668A,TCCTCTCGAA+ACATGACTGA,26879713,0.79,97.44,2.56,8118,100,96.24,36.34
46990C,ACTTGAAGTG+CACCACATTA,26215890,0.78,98.12,1.88,7917,100,96.39,36.37
46990C,ACTTGAAGTG+CACCACATTA,26983186,0.79,98.18,1.82,8149,100,96.38,36.37
47222C,GTAGATCCGG+TTGTTCGGAG,26790655,0.8,98.12,1.88,8091,100,96.46,36.39
47222C,GTAGATCCGG+TTGTTCGGAG,27569219,0.81,98.12,1.88,8326,100,96.45,36.38
48242C,TGCTCCTAAC+CGGCTAGGAA,28945661,0.87,97.92,2.08,8742,100,96.42,36.39
48242C,TGCTCCTAAC+CGGCTAGGAA,29469378,0.87,98.01,1.99,8900,100,96.4,36.38
48258C,GTGAATGGTT+TTGTAGAGCT,28581786,0.85,98.03,1.97,8632,100,96.49,36.4
48258C,GTGAATGGTT+TTGTAGAGCT,29562235,0.87,98.13,1.87,8928,100,96.47,36.39
49171C,TACCACGGCT+AGATCCAGCA,32836237,0.98,98.52,1.48,9917,100,96.23,36.35
49171C,TACCACGGCT+AGATCCAGCA,33379782,0.98,98.57,1.43,10081,100,96.18,36.34
49256C,GCACTTACAA+AACCAGTTAG,26049458,0.78,97.93,2.07,7867,100,96.46,36.4
49256C,GCACTTACAA+AACCAGTTAG,26687438,0.78,98,2,8060,100,96.45,36.39
49683C,AGCATGTAAC+TAGTTCAGCT,25610053,0.77,97.09,2.91,7734,100,96.48,36.4
49683C,AGCATGTAAC+TAGTTCAGCT,26156796,0.77,97.18,2.82,7899,100,96.47,36.4
49694C,GAAGGAGCCT+ATAATGGAGG,29874044,0.89,98.08,1.92,9022,100,96.67,36.43
49694C,GAAGGAGCCT+ATAATGGAGG,30900512,0.91,98.16,1.84,9332,100,96.64,36.42
65161B,TGCTCGTGAG+GTGGCGTGTT,27989342,0.84,64.08,35.92,8453,100,96.29,36.37
65161B,TGCTCGTGAG+GTGGCGTGTT,28869298,0.85,63.81,36.19,8719,100,96.29,36.36
65407B,ATTCTTGCCT+GTAGCTGCAC,29680800,0.89,98.31,1.69,8964,100,96.37,36.38
65407B,ATTCTTGCCT+GTAGCTGCAC,30912523,0.91,98.43,1.57,9336,100,96.33,36.37
65429A,GTCAACGTAA+TGAGTTGACT,29128911,0.87,98.58,1.42,8797,100,96.42,36.38
65429A,GTCAACGTAA+TGAGTTGACT,30381093,0.89,98.62,1.38,9175,100,96.4,36.37
65500A,CTAGCAGTTA+CCAGCTCTGT,33686231,1.01,98.49,1.51,10173,100,96.53,36.4
65500A,CTAGCAGTTA+CCAGCTCTGT,34757115,1.02,98.52,1.48,10497,100,96.51,36.4
65590A,AGTTGCATCT+ACCTGCCAAT,23763718,0.71,97.74,2.26,7177,100,96.17,36.33
65590A,AGTTGCATCT+ACCTGCCAAT,24509998,0.72,97.82,2.18,7402,100,96.16,36.33
65618B,AGCGTGACCT+ACTCGGATGG,26898099,0.8,98.38,1.62,8123,100,96.52,36.41
65618B,AGCGTGACCT+ACTCGGATGG,27619852,0.81,98.43,1.57,8341,100,96.51,36.4
65739B,TCTAGGAAGT+TTACGTCCTA,29944575,0.89,98.49,1.51,9043,100,96.29,36.36
65739B,TCTAGGAAGT+TTACGTCCTA,31097015,0.91,98.52,1.48,9391,100,96.26,36.35
65781A,TCGAGCGTTA+TGTCGTGCTT,31721438,0.95,98.3,1.7,9580,100,96.21,36.33
65781A,TCGAGCGTTA+TGTCGTGCTT,33008070,0.97,98.35,1.65,9968,100,96.2,36.32
65829A,ATAGGTCGTC+GATATGTGCA,24128999,0.72,97.15,2.85,7287,100,96.53,36.42
65829A,ATAGGTCGTC+GATATGTGCA,24762766,0.73,97.31,2.69,7478,100,96.5,36.41
65895A,ATCTCGCATT+AAGAAGATGC,30337925,0.91,98.74,1.26,9162,100,96.41,36.38
65895A,ATCTCGCATT+AAGAAGATGC,31258095,0.92,98.8,1.2,9440,100,96.38,36.38
65909B,AATACGAGGT+GCTGCGCTAT,31036672,0.93,97.89,2.11,9373,100,96.19,36.35
65909B,AATACGAGGT+GCTGCGCTAT,33101177,0.97,98.02,1.98,9997,100,96.18,36.34
65958B,GCGGTTGATA+GCTGTATCTT,29876929,0.89,98.03,1.97,9023,100,96.29,36.35
65958B,GCGGTTGATA+GCTGTATCTT,31227079,0.92,98.1,1.9,9431,100,96.28,36.34
66145A,AATAGCCATC+AACGTCGTTA,28632715,0.86,97.63,2.37,8647,100,96.49,36.4
66145A,AATAGCCATC+AACGTCGTTA,29548643,0.87,97.73,2.27,8924,100,96.47,36.39
66204A,AATGGACCTT+TCGTTGGATA,36746290,1.1,98.03,1.97,11097,100,96.44,36.4
66204A,AATGGACCTT+TCGTTGGATA,38429020,1.13,98.09,1.91,11606,100,96.39,36.39
