Estuary,SiteName,SampleId,taxon_name,sumreads
Santa Clara River,J Street Canal,0EY3JUQG,Atherinops affinis,2469
Ormond Lagoon,Revlon Slough - Up 2,1Y7HTTUZ,Atherinops affinis,1829
Santa Clara River,J Street Canal,3MN03WCU,Atherinops affinis,2680
Santa Clara River,J Street Canal,4K1V2B70,Atherinops affinis,7459
Calleguas Creek,Calleagus Creek Bridge - down 2,4LR1IE16,Atherinops affinis,1366
Santa Clara River,J Street Canal,54M852FW,Atherinops affinis,3170
Calleguas Creek,Devereux COPR Bridge,5NXLYMB4,Atherinops affinis,1126
Devereux Slough,Santa Clara River Mouth,5W8VHBOX,Atherinops affinis,21
Ormond Lagoon,Revlon Slough - Up 2,73HOCNFX,Atherinops affinis,2605
Santa Clara River,J Street Canal,8FZSGQC6,Atherinops affinis,4958
Santa Clara River,J Street Canal,8HDYA6AT,Atherinops affinis,9626
Santa Clara River,J Street Canal,8TNQ3QEN,Atherinops affinis,5066
Santa Clara River,J Street Canal,8YPPQ58L,Atherinops affinis,20433
Santa Clara River,J Street Canal,97QVXLNB,Atherinops affinis,4592
Calleguas Creek,Calleagus Creek Bridge - up 2,9H0R367Q,Atherinops affinis,2027
Santa Clara River,J Street Canal,A6GEWDM0,Atherinops affinis,3497
Calleguas Creek,Calleagus Creek Bridge - up 3,AV1G647K,Atherinops affinis,6020
Calleguas Creek,Calleagus Creek Bridge - down 1,BDLUWJ2A,Atherinops affinis,1323
Calleguas Creek,Calleagus Creek Bridge - up 2,BWKIVG5R,Atherinops affinis,910
Calleguas Creek,Calleagus Creek Bridge - down 2,CXM7RKC1,Atherinops affinis,687
Calleguas Creek,Devereux COPR Bridge,EEYYMPOX,Atherinops affinis,709
Santa Clara River,J Street Canal,EOLR86S9,Atherinops affinis,3635
Calleguas Creek,Revlon Slough - Up 1,F33R74EO,Atherinops affinis,1924
Santa Clara River,J Street Canal,GI9NGV51,Atherinops affinis,9877
Devereux Slough,Devereux Slough Mouth,HX9SCNUT,Atherinops affinis,1947
Calleguas Creek,Calleagus Creek Bridge - up 1,I3ZGR5GC,Atherinops affinis,1439
Santa Clara River,J Street Canal,ICW0XL4W,Atherinops affinis,1831
Calleguas Creek,Devereux COPR Bridge,IF7K5NQF,Atherinops affinis,4708
Calleguas Creek,Devereux COPR Bridge,IUL4EQNP,Atherinops affinis,1646
Santa Clara River,J Street Canal,K49UTWXN,Atherinops affinis,12782
Devereux Slough,Devereux Slough Mouth,LVO3QRLX,Atherinops affinis,247
Calleguas Creek,Calleagus Creek Bridge - up 3,N6M3N6LT,Atherinops affinis,9341
Calleguas Creek,Calleagus Creek Bridge - up 1,NJCNWIUD,Atherinops affinis,1913
Calleguas Creek,Revlon Slough - Down 1,NQ36AGNG,Atherinops affinis,1466
Santa Clara River,J Street Canal,O97C31FZ,Atherinops affinis,909
Devereux Slough,Santa Clara River Mouth,PFDNIGDZ,Atherinops affinis,8
Santa Clara River,J Street Canal,PKC9HRCO,Atherinops affinis,4111
Devereux Slough,Devereux Slough Mouth,PKPYEKF3,Atherinops affinis,39
Calleguas Creek,Devereux COPR Bridge,QAYFMDLF,Atherinops affinis,5740
Devereux Slough,Devereux Slough Mouth,QF6Y61R2,Atherinops affinis,1954
Santa Clara River,J Street Canal,QKOK5NVQ,Atherinops affinis,3121
Devereux Slough,Devereux Slough Mouth,RJC5NWS7,Atherinops affinis,713
Santa Clara River,J Street Canal,RV1Z2FN1,Atherinops affinis,9996
Santa Clara River,J Street Canal,T6UYA40I,Atherinops affinis,5283
Calleguas Creek,Calleagus Creek Bridge - down 1,UQDK4PXP,Atherinops affinis,1783
Santa Clara River,J Street Canal,V12I57BA,Atherinops affinis,10317
Calleguas Creek,Revlon Slough - Up 1,V7RYHLTF,Atherinops affinis,306
Calleguas Creek,Revlon Slough - Down 1,XVU6B64D,Atherinops affinis,1219
Santa Clara River,J Street Canal,YCSYA7NE,Atherinops affinis,9292
Devereux Slough,Santa Clara River Mouth,0166WUI5,Carassius auratus,31
Devereux Slough,Santa Clara River Mouth,VTSM35KT,Carassius auratus,55
Calleguas Creek,Revlon Slough - Down 1,NQ36AGNG,Citharichthys stigmaeus,10
Ormond Lagoon,Revlon Slough - Up 2,1Y7HTTUZ,Clevelandia ios,116
Calleguas Creek,Calleagus Creek Bridge - down 2,4LR1IE16,Clevelandia ios,40
Devereux Slough,Santa Clara River Mouth,5DZGRPJ8,Clevelandia ios,17
Ormond Lagoon,Revlon Slough - Up 2,73HOCNFX,Clevelandia ios,15
Calleguas Creek,Calleagus Creek Bridge - up 2,9H0R367Q,Clevelandia ios,11
Calleguas Creek,Revlon Slough - Up 1,F33R74EO,Clevelandia ios,51
Calleguas Creek,Calleagus Creek Bridge - up 1,I3ZGR5GC,Clevelandia ios,10
Calleguas Creek,Calleagus Creek Bridge - up 1,NJCNWIUD,Clevelandia ios,84
Calleguas Creek,Revlon Slough - Down 1,NQ36AGNG,Clevelandia ios,22
Calleguas Creek,Calleagus Creek Bridge - down 1,UQDK4PXP,Clevelandia ios,53
Devereux Slough,Santa Clara River Mouth,5DZGRPJ8,Leptocottus armatus,65
Devereux Slough,Santa Clara River Mouth,5W8VHBOX,Leptocottus armatus,91
Devereux Slough,Santa Clara River Mouth,6FC330ZX,Leptocottus armatus,8
Devereux Slough,Santa Clara River Mouth,OAZV1TYJ,Leptocottus armatus,8
Devereux Slough,Santa Clara River Mouth,0166WUI5,Carassius auratus,330
Devereux Slough,Santa Clara River Mouth,0ICAOEM8,Carassius auratus,730
Calleguas Creek,Calleagus Creek Bridge - down 2,4LR1IE16,Carassius auratus,15
Devereux Slough,Santa Clara River Mouth,5DZGRPJ8,Carassius auratus,762
Devereux Slough,Santa Clara River Mouth,5W8VHBOX,Carassius auratus,775
Devereux Slough,Santa Clara River Mouth,6FC330ZX,Carassius auratus,942
Devereux Slough,Santa Clara River Mouth,AF6NPL98,Carassius auratus,515
Calleguas Creek,Calleagus Creek Bridge - down 1,BDLUWJ2A,Carassius auratus,44
Calleguas Creek,Calleagus Creek Bridge - down 2,CXM7RKC1,Carassius auratus,144
Santa Clara River,J Street Canal,EOLR86S9,Carassius auratus,10
Calleguas Creek,Calleagus Creek Bridge - up 1,I3ZGR5GC,Carassius auratus,39
Devereux Slough,Santa Clara River Mouth,K56BBPGJ,Carassius auratus,204
Devereux Slough,Santa Clara River Mouth,M3BWLMVW,Carassius auratus,450
Calleguas Creek,Calleagus Creek Bridge - up 3,N6M3N6LT,Carassius auratus,18
Calleguas Creek,Calleagus Creek Bridge - up 1,NJCNWIUD,Carassius auratus,13
Devereux Slough,Santa Clara River Mouth,OAZV1TYJ,Carassius auratus,363
Devereux Slough,Santa Clara River Mouth,PFDNIGDZ,Carassius auratus,297
Devereux Slough,Santa Clara River Mouth,Q3HPLTAL,Carassius auratus,179
Devereux Slough,Santa Clara River Mouth,SD2QNYHT,Carassius auratus,48
Devereux Slough,Santa Clara River Mouth,SNF5Y17H,Carassius auratus,79
Devereux Slough,Santa Clara River Mouth,SSEHN2DP,Carassius auratus,338
Calleguas Creek,Calleagus Creek Bridge - down 1,UQDK4PXP,Carassius auratus,39
Devereux Slough,Santa Clara River Mouth,VTSM35KT,Carassius auratus,759
Devereux Slough,Santa Clara River Mouth,ZF0XLNXD,Carassius auratus,316
Devereux Slough,Santa Clara River Mouth,0166WUI5,Eucyclogobius newberryi,277
Santa Clara River,J Street Canal,0EY3JUQG,Eucyclogobius newberryi,308
Santa Clara River,J Street Canal,3MN03WCU,Eucyclogobius newberryi,374
Santa Clara River,J Street Canal,4K1V2B70,Eucyclogobius newberryi,202
Santa Clara River,J Street Canal,54M852FW,Eucyclogobius newberryi,275
Devereux Slough,Santa Clara River Mouth,5DZGRPJ8,Eucyclogobius newberryi,184
Devereux Slough,Santa Clara River Mouth,6FC330ZX,Eucyclogobius newberryi,40
Santa Clara River,J Street Canal,8FZSGQC6,Eucyclogobius newberryi,447
Santa Clara River,J Street Canal,8HDYA6AT,Eucyclogobius newberryi,594
Santa Clara River,J Street Canal,8TNQ3QEN,Eucyclogobius newberryi,507
Santa Clara River,J Street Canal,8YPPQ58L,Eucyclogobius newberryi,1244
Santa Clara River,J Street Canal,97QVXLNB,Eucyclogobius newberryi,446
Devereux Slough,Santa Clara River Mouth,A3T3UW2T,Eucyclogobius newberryi,10
Santa Clara River,J Street Canal,A6GEWDM0,Eucyclogobius newberryi,461
Devereux Slough,Santa Clara River Mouth,AF6NPL98,Eucyclogobius newberryi,36
Santa Clara River,J Street Canal,EOLR86S9,Eucyclogobius newberryi,401
Santa Clara River,J Street Canal,GI9NGV51,Eucyclogobius newberryi,544
Santa Clara River,J Street Canal,ICW0XL4W,Eucyclogobius newberryi,194
Santa Clara River,J Street Canal,K49UTWXN,Eucyclogobius newberryi,1121
Devereux Slough,Santa Clara River Mouth,K56BBPGJ,Eucyclogobius newberryi,17
Devereux Slough,Santa Clara River Mouth,M3BWLMVW,Eucyclogobius newberryi,65
Santa Clara River,J Street Canal,O97C31FZ,Eucyclogobius newberryi,72
Devereux Slough,Santa Clara River Mouth,OAZV1TYJ,Eucyclogobius newberryi,223
Devereux Slough,Santa Clara River Mouth,PFDNIGDZ,Eucyclogobius newberryi,66
Santa Clara River,J Street Canal,PKC9HRCO,Eucyclogobius newberryi,247
Devereux Slough,Santa Clara River Mouth,Q3HPLTAL,Eucyclogobius newberryi,87
Santa Clara River,J Street Canal,QKOK5NVQ,Eucyclogobius newberryi,301
Santa Clara River,J Street Canal,RV1Z2FN1,Eucyclogobius newberryi,1265
Devereux Slough,Santa Clara River Mouth,SD2QNYHT,Eucyclogobius newberryi,12
Devereux Slough,Santa Clara River Mouth,SNF5Y17H,Eucyclogobius newberryi,23
Devereux Slough,Santa Clara River Mouth,SSEHN2DP,Eucyclogobius newberryi,71
Santa Clara River,J Street Canal,T6UYA40I,Eucyclogobius newberryi,177
Santa Clara River,J Street Canal,V12I57BA,Eucyclogobius newberryi,587
Devereux Slough,Santa Clara River Mouth,VTSM35KT,Eucyclogobius newberryi,451
Santa Clara River,J Street Canal,YCSYA7NE,Eucyclogobius newberryi,456
Devereux Slough,Santa Clara River Mouth,ZF0XLNXD,Eucyclogobius newberryi,457
Devereux Slough,Devereux-Venoco Bridge NCOS,14CG6GVP,Fundulus parvipinnis,15673
Ormond Lagoon,Revlon Slough - Up 2,1Y7HTTUZ,Fundulus parvipinnis,3709
Santa Clara River,J Street Canal,4K1V2B70,Fundulus parvipinnis,17
Calleguas Creek,Calleagus Creek Bridge - down 2,4LR1IE16,Fundulus parvipinnis,17273
Calleguas Creek,Devereux COPR Bridge,5NXLYMB4,Fundulus parvipinnis,619
Devereux Slough,Santa Clara River Mouth,5W8VHBOX,Fundulus parvipinnis,137
Ormond Lagoon,Revlon Slough - Up 2,73HOCNFX,Fundulus parvipinnis,6112
Devereux Slough,Devereux-Venoco Bridge COPR,7VXU09E9,Fundulus parvipinnis,3285
Santa Clara River,J Street Canal,8FZSGQC6,Fundulus parvipinnis,90
Santa Clara River,J Street Canal,8HDYA6AT,Fundulus parvipinnis,288
Santa Clara River,J Street Canal,8TNQ3QEN,Fundulus parvipinnis,87
Santa Clara River,J Street Canal,8YPPQ58L,Fundulus parvipinnis,112
Santa Clara River,J Street Canal,97QVXLNB,Fundulus parvipinnis,24
Calleguas Creek,Calleagus Creek Bridge - up 2,9H0R367Q,Fundulus parvipinnis,4591
Calleguas Creek,Calleagus Creek Bridge - up 3,AV1G647K,Fundulus parvipinnis,3501
Calleguas Creek,Calleagus Creek Bridge - down 1,BDLUWJ2A,Fundulus parvipinnis,7844
Calleguas Creek,Calleagus Creek Bridge - up 2,BWKIVG5R,Fundulus parvipinnis,4516
Calleguas Creek,Calleagus Creek Bridge - down 2,CXM7RKC1,Fundulus parvipinnis,14784
Devereux Slough,Devereux-Venoco Bridge COPR,D8Q44JR4,Fundulus parvipinnis,2816
Calleguas Creek,Devereux COPR Bridge,EEYYMPOX,Fundulus parvipinnis,376
Santa Clara River,J Street Canal,EOLR86S9,Fundulus parvipinnis,36
Calleguas Creek,Revlon Slough - Up 1,F33R74EO,Fundulus parvipinnis,7119
Devereux Slough,Devereux-Venoco Bridge NCOS,FQHMI6N9,Fundulus parvipinnis,18014
Devereux Slough,Devereux-Venoco Bridge NCOS,FYP0R8D7,Fundulus parvipinnis,4371
Santa Clara River,J Street Canal,GI9NGV51,Fundulus parvipinnis,105
Devereux Slough,Devereux Slough Mouth,HX9SCNUT,Fundulus parvipinnis,7825
Calleguas Creek,Calleagus Creek Bridge - up 1,I3ZGR5GC,Fundulus parvipinnis,5162
Santa Clara River,J Street Canal,ICW0XL4W,Fundulus parvipinnis,56
Calleguas Creek,Devereux COPR Bridge,IF7K5NQF,Fundulus parvipinnis,3034
Calleguas Creek,Devereux COPR Bridge,IUL4EQNP,Fundulus parvipinnis,835
Devereux Slough,Devereux-Venoco Bridge COPR,JIXBJIZ3,Fundulus parvipinnis,11658
Santa Clara River,J Street Canal,K49UTWXN,Fundulus parvipinnis,18
Devereux Slough,Devereux-Venoco Bridge COPR,KAM50OM8,Fundulus parvipinnis,12653
Devereux Slough,Devereux Slough Mouth,LVO3QRLX,Fundulus parvipinnis,14338
Calleguas Creek,Calleagus Creek Bridge - up 3,N6M3N6LT,Fundulus parvipinnis,7767
Calleguas Creek,Calleagus Creek Bridge - up 1,NJCNWIUD,Fundulus parvipinnis,7426
Calleguas Creek,Revlon Slough - Down 1,NQ36AGNG,Fundulus parvipinnis,5302
Devereux Slough,Devereux-Venoco Bridge NCOS,O3PTMHG6,Fundulus parvipinnis,8277
Santa Clara River,J Street Canal,O97C31FZ,Fundulus parvipinnis,18
Santa Clara River,J Street Canal,PKC9HRCO,Fundulus parvipinnis,12
Devereux Slough,Devereux Slough Mouth,PKPYEKF3,Fundulus parvipinnis,3542
Calleguas Creek,Devereux COPR Bridge,QAYFMDLF,Fundulus parvipinnis,1631
Devereux Slough,Devereux Slough Mouth,QF6Y61R2,Fundulus parvipinnis,12906
Santa Clara River,J Street Canal,QKOK5NVQ,Fundulus parvipinnis,34
Devereux Slough,Devereux-Venoco Bridge NCOS,R5LT1TO7,Fundulus parvipinnis,5806
Devereux Slough,Devereux Slough Mouth,RJC5NWS7,Fundulus parvipinnis,8539
Santa Clara River,J Street Canal,T6UYA40I,Fundulus parvipinnis,56
Calleguas Creek,Calleagus Creek Bridge - down 1,UQDK4PXP,Fundulus parvipinnis,8945
Calleguas Creek,Revlon Slough - Up 1,V7RYHLTF,Fundulus parvipinnis,1530
Devereux Slough,Santa Clara River Mouth,VTSM35KT,Fundulus parvipinnis,10
Calleguas Creek,Revlon Slough - Down 1,XVU6B64D,Fundulus parvipinnis,4538
Santa Clara River,J Street Canal,YCSYA7NE,Fundulus parvipinnis,33
Devereux Slough,Devereux-Venoco Bridge COPR,YWESPUWW,Fundulus parvipinnis,14535
Devereux Slough,Santa Clara River Mouth,0166WUI5,Gambusia affinis,1596
Santa Clara River,J Street Canal,0EY3JUQG,Gambusia affinis,43
Devereux Slough,Santa Clara River Mouth,0ICAOEM8,Gambusia affinis,486
Santa Clara River,J Street Canal,3MN03WCU,Gambusia affinis,93
Santa Clara River,J Street Canal,4K1V2B70,Gambusia affinis,103
Calleguas Creek,Calleagus Creek Bridge - down 2,4LR1IE16,Gambusia affinis,65
Santa Clara River,J Street Canal,54M852FW,Gambusia affinis,19
Devereux Slough,Santa Clara River Mouth,5DZGRPJ8,Gambusia affinis,4003
Devereux Slough,Santa Clara River Mouth,5W8VHBOX,Gambusia affinis,5387
Devereux Slough,Santa Clara River Mouth,6FC330ZX,Gambusia affinis,5271
Santa Clara River,J Street Canal,8FZSGQC6,Gambusia affinis,70
Santa Clara River,J Street Canal,8HDYA6AT,Gambusia affinis,224
Santa Clara River,J Street Canal,8TNQ3QEN,Gambusia affinis,85
Santa Clara River,J Street Canal,8YPPQ58L,Gambusia affinis,242
Santa Clara River,J Street Canal,97QVXLNB,Gambusia affinis,28
Devereux Slough,Santa Clara River Mouth,A3T3UW2T,Gambusia affinis,66
Santa Clara River,J Street Canal,A6GEWDM0,Gambusia affinis,91
Devereux Slough,Santa Clara River Mouth,AF6NPL98,Gambusia affinis,6105
Calleguas Creek,Calleagus Creek Bridge - up 3,AV1G647K,Gambusia affinis,22
Calleguas Creek,Calleagus Creek Bridge - down 1,BDLUWJ2A,Gambusia affinis,14
Calleguas Creek,Calleagus Creek Bridge - up 2,BWKIVG5R,Gambusia affinis,11
Calleguas Creek,Calleagus Creek Bridge - down 2,CXM7RKC1,Gambusia affinis,14
Santa Clara River,J Street Canal,EOLR86S9,Gambusia affinis,86
Santa Clara River,J Street Canal,GI9NGV51,Gambusia affinis,159
Calleguas Creek,Calleagus Creek Bridge - up 1,I3ZGR5GC,Gambusia affinis,65
Santa Clara River,J Street Canal,ICW0XL4W,Gambusia affinis,24
Santa Clara River,J Street Canal,K49UTWXN,Gambusia affinis,192
Devereux Slough,Santa Clara River Mouth,K56BBPGJ,Gambusia affinis,620
Devereux Slough,Santa Clara River Mouth,M3BWLMVW,Gambusia affinis,6034
Calleguas Creek,Calleagus Creek Bridge - up 3,N6M3N6LT,Gambusia affinis,11
Calleguas Creek,Calleagus Creek Bridge - up 1,NJCNWIUD,Gambusia affinis,73
Devereux Slough,Santa Clara River Mouth,OAZV1TYJ,Gambusia affinis,485
Devereux Slough,Santa Clara River Mouth,PFDNIGDZ,Gambusia affinis,5268
Santa Clara River,J Street Canal,PKC9HRCO,Gambusia affinis,16
Devereux Slough,Santa Clara River Mouth,Q3HPLTAL,Gambusia affinis,1586
Santa Clara River,J Street Canal,QKOK5NVQ,Gambusia affinis,17
Santa Clara River,J Street Canal,RV1Z2FN1,Gambusia affinis,221
Devereux Slough,Santa Clara River Mouth,SD2QNYHT,Gambusia affinis,642
Devereux Slough,Santa Clara River Mouth,SNF5Y17H,Gambusia affinis,1377
Devereux Slough,Santa Clara River Mouth,SSEHN2DP,Gambusia affinis,1494
Santa Clara River,J Street Canal,T6UYA40I,Gambusia affinis,33
Calleguas Creek,Calleagus Creek Bridge - down 1,UQDK4PXP,Gambusia affinis,20
Santa Clara River,J Street Canal,V12I57BA,Gambusia affinis,110
Devereux Slough,Santa Clara River Mouth,VTSM35KT,Gambusia affinis,5550
Calleguas Creek,Revlon Slough - Down 1,XVU6B64D,Gambusia affinis,9
Santa Clara River,J Street Canal,YCSYA7NE,Gambusia affinis,73
Devereux Slough,Santa Clara River Mouth,ZF0XLNXD,Gambusia affinis,10555
Devereux Slough,Devereux-Venoco Bridge NCOS,FQHMI6N9,Gasterosteus aculeatus,29
Devereux Slough,Santa Clara River Mouth,M3BWLMVW,Gasterosteus aculeatus,16
Devereux Slough,Santa Clara River Mouth,VTSM35KT,Gasterosteus aculeatus,74
Devereux Slough,Santa Clara River Mouth,ZF0XLNXD,Gila orcuttii,31
Santa Clara River,J Street Canal,0EY3JUQG,Gillichthys mirabilis,368
Devereux Slough,Devereux-Venoco Bridge NCOS,14CG6GVP,Gillichthys mirabilis,34
Ormond Lagoon,Revlon Slough - Up 2,1Y7HTTUZ,Gillichthys mirabilis,13
Santa Clara River,J Street Canal,3MN03WCU,Gillichthys mirabilis,529
Santa Clara River,J Street Canal,4K1V2B70,Gillichthys mirabilis,1039
Calleguas Creek,Calleagus Creek Bridge - down 2,4LR1IE16,Gillichthys mirabilis,24
Santa Clara River,J Street Canal,54M852FW,Gillichthys mirabilis,605
Calleguas Creek,Devereux COPR Bridge,5NXLYMB4,Gillichthys mirabilis,341
Ormond Lagoon,Revlon Slough - Up 2,73HOCNFX,Gillichthys mirabilis,35
Santa Clara River,J Street Canal,8FZSGQC6,Gillichthys mirabilis,875
Santa Clara River,J Street Canal,8HDYA6AT,Gillichthys mirabilis,944
Santa Clara River,J Street Canal,8TNQ3QEN,Gillichthys mirabilis,546
Santa Clara River,J Street Canal,8YPPQ58L,Gillichthys mirabilis,2022
Santa Clara River,J Street Canal,97QVXLNB,Gillichthys mirabilis,973
Santa Clara River,J Street Canal,A6GEWDM0,Gillichthys mirabilis,419
Calleguas Creek,Calleagus Creek Bridge - up 3,AV1G647K,Gillichthys mirabilis,25
Calleguas Creek,Calleagus Creek Bridge - down 1,BDLUWJ2A,Gillichthys mirabilis,9
Calleguas Creek,Calleagus Creek Bridge - down 2,CXM7RKC1,Gillichthys mirabilis,24
Devereux Slough,Devereux-Venoco Bridge COPR,D8Q44JR4,Gillichthys mirabilis,21
Calleguas Creek,Devereux COPR Bridge,EEYYMPOX,Gillichthys mirabilis,297
Santa Clara River,J Street Canal,EOLR86S9,Gillichthys mirabilis,535
Calleguas Creek,Revlon Slough - Up 1,F33R74EO,Gillichthys mirabilis,24
Devereux Slough,Devereux-Venoco Bridge NCOS,FQHMI6N9,Gillichthys mirabilis,95
Devereux Slough,Devereux-Venoco Bridge NCOS,FYP0R8D7,Gillichthys mirabilis,16
Santa Clara River,J Street Canal,GI9NGV51,Gillichthys mirabilis,883
Devereux Slough,Devereux Slough Mouth,HX9SCNUT,Gillichthys mirabilis,1017
Calleguas Creek,Calleagus Creek Bridge - up 1,I3ZGR5GC,Gillichthys mirabilis,32
Santa Clara River,J Street Canal,ICW0XL4W,Gillichthys mirabilis,327
Calleguas Creek,Devereux COPR Bridge,IF7K5NQF,Gillichthys mirabilis,2121
Calleguas Creek,Devereux COPR Bridge,IUL4EQNP,Gillichthys mirabilis,557
Devereux Slough,Devereux-Venoco Bridge COPR,JIXBJIZ3,Gillichthys mirabilis,45
Santa Clara River,J Street Canal,K49UTWXN,Gillichthys mirabilis,1056
Devereux Slough,Devereux-Venoco Bridge COPR,KAM50OM8,Gillichthys mirabilis,112
Devereux Slough,Devereux Slough Mouth,LVO3QRLX,Gillichthys mirabilis,597
Calleguas Creek,Calleagus Creek Bridge - up 3,N6M3N6LT,Gillichthys mirabilis,44
Calleguas Creek,Calleagus Creek Bridge - up 1,NJCNWIUD,Gillichthys mirabilis,120
Calleguas Creek,Revlon Slough - Down 1,NQ36AGNG,Gillichthys mirabilis,9
Devereux Slough,Devereux-Venoco Bridge NCOS,O3PTMHG6,Gillichthys mirabilis,10
Santa Clara River,J Street Canal,O97C31FZ,Gillichthys mirabilis,89
Santa Clara River,J Street Canal,PKC9HRCO,Gillichthys mirabilis,573
Devereux Slough,Devereux Slough Mouth,PKPYEKF3,Gillichthys mirabilis,328
Calleguas Creek,Devereux COPR Bridge,QAYFMDLF,Gillichthys mirabilis,2611
Devereux Slough,Devereux Slough Mouth,QF6Y61R2,Gillichthys mirabilis,1482
Santa Clara River,J Street Canal,QKOK5NVQ,Gillichthys mirabilis,652
Devereux Slough,Devereux-Venoco Bridge NCOS,R5LT1TO7,Gillichthys mirabilis,19
Devereux Slough,Devereux Slough Mouth,RJC5NWS7,Gillichthys mirabilis,3308
Santa Clara River,J Street Canal,RV1Z2FN1,Gillichthys mirabilis,921
Santa Clara River,J Street Canal,T6UYA40I,Gillichthys mirabilis,381
Calleguas Creek,Calleagus Creek Bridge - down 1,UQDK4PXP,Gillichthys mirabilis,17
Santa Clara River,J Street Canal,V12I57BA,Gillichthys mirabilis,971
Calleguas Creek,Revlon Slough - Up 1,V7RYHLTF,Gillichthys mirabilis,8
Santa Clara River,J Street Canal,YCSYA7NE,Gillichthys mirabilis,802
Ormond Lagoon,Revlon Slough - Up 2,1Y7HTTUZ,Gobiidae,18
Calleguas Creek,Calleagus Creek Bridge - down 2,4LR1IE16,Gobiidae,8
Ormond Lagoon,Revlon Slough - Up 2,73HOCNFX,Gobiidae,18
Calleguas Creek,Calleagus Creek Bridge - up 3,AV1G647K,Gobiidae,12
Calleguas Creek,Calleagus Creek Bridge - down 1,BDLUWJ2A,Gobiidae,30
Calleguas Creek,Calleagus Creek Bridge - up 2,BWKIVG5R,Gobiidae,13
Calleguas Creek,Calleagus Creek Bridge - up 1,I3ZGR5GC,Gobiidae,15
Santa Clara River,J Street Canal,K49UTWXN,Gobiidae,11
Calleguas Creek,Calleagus Creek Bridge - up 3,N6M3N6LT,Gobiidae,23
Calleguas Creek,Revlon Slough - Down 1,NQ36AGNG,Gobiidae,11
Santa Clara River,J Street Canal,QKOK5NVQ,Gobiidae,26
Calleguas Creek,Calleagus Creek Bridge - down 1,UQDK4PXP,Gobiidae,28
Ormond Lagoon,Revlon Slough - Up 2,1Y7HTTUZ,Hypsopsetta guttulata,11
Calleguas Creek,Calleagus Creek Bridge - down 2,4LR1IE16,Hypsopsetta guttulata,176
Ormond Lagoon,Revlon Slough - Up 2,73HOCNFX,Hypsopsetta guttulata,28
Calleguas Creek,Calleagus Creek Bridge - up 2,9H0R367Q,Hypsopsetta guttulata,8
Calleguas Creek,Calleagus Creek Bridge - up 3,AV1G647K,Hypsopsetta guttulata,23
Calleguas Creek,Calleagus Creek Bridge - down 1,BDLUWJ2A,Hypsopsetta guttulata,429
Calleguas Creek,Calleagus Creek Bridge - up 2,BWKIVG5R,Hypsopsetta guttulata,9
Calleguas Creek,Calleagus Creek Bridge - down 2,CXM7RKC1,Hypsopsetta guttulata,24
Calleguas Creek,Revlon Slough - Up 1,F33R74EO,Hypsopsetta guttulata,12
Calleguas Creek,Calleagus Creek Bridge - up 1,I3ZGR5GC,Hypsopsetta guttulata,17
Santa Clara River,J Street Canal,K49UTWXN,Hypsopsetta guttulata,12
Calleguas Creek,Calleagus Creek Bridge - up 3,N6M3N6LT,Hypsopsetta guttulata,29
Calleguas Creek,Calleagus Creek Bridge - up 1,NJCNWIUD,Hypsopsetta guttulata,12
Santa Clara River,J Street Canal,PKC9HRCO,Hypsopsetta guttulata,8
Calleguas Creek,Calleagus Creek Bridge - down 1,UQDK4PXP,Hypsopsetta guttulata,696
Santa Clara River,J Street Canal,V12I57BA,Hypsopsetta guttulata,9
Calleguas Creek,Revlon Slough - Down 1,XVU6B64D,Hypsopsetta guttulata,17
Devereux Slough,Santa Clara River Mouth,0166WUI5,Lepomis cyanellus,71
Devereux Slough,Santa Clara River Mouth,0ICAOEM8,Lepomis cyanellus,36
Devereux Slough,Santa Clara River Mouth,5DZGRPJ8,Lepomis cyanellus,116
Devereux Slough,Santa Clara River Mouth,5W8VHBOX,Lepomis cyanellus,734
Devereux Slough,Santa Clara River Mouth,6FC330ZX,Lepomis cyanellus,211
Devereux Slough,Santa Clara River Mouth,AF6NPL98,Lepomis cyanellus,121
Devereux Slough,Santa Clara River Mouth,K56BBPGJ,Lepomis cyanellus,80
Devereux Slough,Santa Clara River Mouth,M3BWLMVW,Lepomis cyanellus,141
Devereux Slough,Santa Clara River Mouth,PFDNIGDZ,Lepomis cyanellus,150
Devereux Slough,Santa Clara River Mouth,Q3HPLTAL,Lepomis cyanellus,167
Devereux Slough,Santa Clara River Mouth,SNF5Y17H,Lepomis cyanellus,43
Devereux Slough,Santa Clara River Mouth,SSEHN2DP,Lepomis cyanellus,201
Devereux Slough,Santa Clara River Mouth,VTSM35KT,Lepomis cyanellus,172
Devereux Slough,Santa Clara River Mouth,ZF0XLNXD,Lepomis cyanellus,228
Devereux Slough,Santa Clara River Mouth,0166WUI5,Leptocottus armatus,11
Santa Clara River,J Street Canal,0EY3JUQG,Leptocottus armatus,75
Ormond Lagoon,Revlon Slough - Up 2,1Y7HTTUZ,Leptocottus armatus,10
Santa Clara River,J Street Canal,3MN03WCU,Leptocottus armatus,46
Santa Clara River,J Street Canal,4K1V2B70,Leptocottus armatus,161
Calleguas Creek,Calleagus Creek Bridge - down 2,4LR1IE16,Leptocottus armatus,70
Santa Clara River,J Street Canal,54M852FW,Leptocottus armatus,213
Devereux Slough,Santa Clara River Mouth,5DZGRPJ8,Leptocottus armatus,27
Devereux Slough,Santa Clara River Mouth,5W8VHBOX,Leptocottus armatus,172
Devereux Slough,Santa Clara River Mouth,6FC330ZX,Leptocottus armatus,46
Ormond Lagoon,Revlon Slough - Up 2,73HOCNFX,Leptocottus armatus,48
Santa Clara River,J Street Canal,8FZSGQC6,Leptocottus armatus,233
Santa Clara River,J Street Canal,8HDYA6AT,Leptocottus armatus,156
Santa Clara River,J Street Canal,8TNQ3QEN,Leptocottus armatus,196
Santa Clara River,J Street Canal,8YPPQ58L,Leptocottus armatus,475
Santa Clara River,J Street Canal,97QVXLNB,Leptocottus armatus,155
Calleguas Creek,Calleagus Creek Bridge - up 2,9H0R367Q,Leptocottus armatus,19
Santa Clara River,J Street Canal,A6GEWDM0,Leptocottus armatus,187
Devereux Slough,Santa Clara River Mouth,AF6NPL98,Leptocottus armatus,34
Calleguas Creek,Calleagus Creek Bridge - up 3,AV1G647K,Leptocottus armatus,41
Calleguas Creek,Calleagus Creek Bridge - up 2,BWKIVG5R,Leptocottus armatus,15
Santa Clara River,J Street Canal,EOLR86S9,Leptocottus armatus,94
Calleguas Creek,Revlon Slough - Up 1,F33R74EO,Leptocottus armatus,50
Santa Clara River,J Street Canal,GI9NGV51,Leptocottus armatus,255
Calleguas Creek,Calleagus Creek Bridge - up 1,I3ZGR5GC,Leptocottus armatus,18
Santa Clara River,J Street Canal,ICW0XL4W,Leptocottus armatus,52
Santa Clara River,J Street Canal,K49UTWXN,Leptocottus armatus,255
Devereux Slough,Santa Clara River Mouth,K56BBPGJ,Leptocottus armatus,23
Devereux Slough,Santa Clara River Mouth,M3BWLMVW,Leptocottus armatus,96
Calleguas Creek,Calleagus Creek Bridge - up 3,N6M3N6LT,Leptocottus armatus,67
Calleguas Creek,Calleagus Creek Bridge - up 1,NJCNWIUD,Leptocottus armatus,176
Santa Clara River,J Street Canal,O97C31FZ,Leptocottus armatus,18
Devereux Slough,Santa Clara River Mouth,OAZV1TYJ,Leptocottus armatus,53
Santa Clara River,J Street Canal,PKC9HRCO,Leptocottus armatus,168
Devereux Slough,Santa Clara River Mouth,Q3HPLTAL,Leptocottus armatus,128
Santa Clara River,J Street Canal,QKOK5NVQ,Leptocottus armatus,132
Santa Clara River,J Street Canal,RV1Z2FN1,Leptocottus armatus,143
Devereux Slough,Santa Clara River Mouth,SSEHN2DP,Leptocottus armatus,19
Santa Clara River,J Street Canal,T6UYA40I,Leptocottus armatus,77
Calleguas Creek,Calleagus Creek Bridge - down 1,UQDK4PXP,Leptocottus armatus,10
Santa Clara River,J Street Canal,V12I57BA,Leptocottus armatus,200
Devereux Slough,Santa Clara River Mouth,VTSM35KT,Leptocottus armatus,55
Calleguas Creek,Revlon Slough - Down 1,XVU6B64D,Leptocottus armatus,20
Santa Clara River,J Street Canal,YCSYA7NE,Leptocottus armatus,145
Devereux Slough,Santa Clara River Mouth,ZF0XLNXD,Leptocottus armatus,11
Devereux Slough,Santa Clara River Mouth,0166WUI5,Pimephales promelas,371
Devereux Slough,Santa Clara River Mouth,5DZGRPJ8,Pimephales promelas,110
Devereux Slough,Santa Clara River Mouth,5W8VHBOX,Pimephales promelas,661
Devereux Slough,Santa Clara River Mouth,6FC330ZX,Pimephales promelas,508
Devereux Slough,Santa Clara River Mouth,A3T3UW2T,Pimephales promelas,10
Devereux Slough,Santa Clara River Mouth,AF6NPL98,Pimephales promelas,340
Calleguas Creek,Calleagus Creek Bridge - up 1,I3ZGR5GC,Pimephales promelas,12
Devereux Slough,Santa Clara River Mouth,K56BBPGJ,Pimephales promelas,277
Devereux Slough,Santa Clara River Mouth,M3BWLMVW,Pimephales promelas,491
Devereux Slough,Santa Clara River Mouth,OAZV1TYJ,Pimephales promelas,574
Devereux Slough,Santa Clara River Mouth,PFDNIGDZ,Pimephales promelas,264
Devereux Slough,Santa Clara River Mouth,Q3HPLTAL,Pimephales promelas,396
Devereux Slough,Santa Clara River Mouth,SD2QNYHT,Pimephales promelas,8
Devereux Slough,Santa Clara River Mouth,SNF5Y17H,Pimephales promelas,101
Devereux Slough,Santa Clara River Mouth,SSEHN2DP,Pimephales promelas,250
Devereux Slough,Santa Clara River Mouth,VTSM35KT,Pimephales promelas,1089
Devereux Slough,Santa Clara River Mouth,ZF0XLNXD,Pimephales promelas,1028
Devereux Slough,Santa Clara River Mouth,0166WUI5,Menidia beryllina,3465
Devereux Slough,Santa Clara River Mouth,0ICAOEM8,Menidia beryllina,2359
Devereux Slough,Santa Clara River Mouth,5DZGRPJ8,Menidia beryllina,5735
Calleguas Creek,Devereux COPR Bridge,5NXLYMB4,Menidia beryllina,34
Devereux Slough,Santa Clara River Mouth,5W8VHBOX,Menidia beryllina,6244
Devereux Slough,Santa Clara River Mouth,6FC330ZX,Menidia beryllina,5255
Santa Clara River,J Street Canal,8HDYA6AT,Menidia beryllina,14
Santa Clara River,J Street Canal,8YPPQ58L,Menidia beryllina,16
Devereux Slough,Santa Clara River Mouth,A3T3UW2T,Menidia beryllina,32
Devereux Slough,Santa Clara River Mouth,AF6NPL98,Menidia beryllina,2700
Calleguas Creek,Devereux COPR Bridge,EEYYMPOX,Menidia beryllina,19
Santa Clara River,J Street Canal,GI9NGV51,Menidia beryllina,10
Devereux Slough,Devereux Slough Mouth,HX9SCNUT,Menidia beryllina,29
Calleguas Creek,Devereux COPR Bridge,IF7K5NQF,Menidia beryllina,77
Calleguas Creek,Devereux COPR Bridge,IUL4EQNP,Menidia beryllina,41
Devereux Slough,Santa Clara River Mouth,K56BBPGJ,Menidia beryllina,963
Devereux Slough,Santa Clara River Mouth,M3BWLMVW,Menidia beryllina,2781
Devereux Slough,Santa Clara River Mouth,OAZV1TYJ,Menidia beryllina,5109
Devereux Slough,Santa Clara River Mouth,PFDNIGDZ,Menidia beryllina,1996
Devereux Slough,Santa Clara River Mouth,Q3HPLTAL,Menidia beryllina,2821
Calleguas Creek,Devereux COPR Bridge,QAYFMDLF,Menidia beryllina,57
Devereux Slough,Devereux Slough Mouth,RJC5NWS7,Menidia beryllina,35
Devereux Slough,Santa Clara River Mouth,SD2QNYHT,Menidia beryllina,382
Devereux Slough,Santa Clara River Mouth,SNF5Y17H,Menidia beryllina,901
Devereux Slough,Santa Clara River Mouth,SSEHN2DP,Menidia beryllina,2346
Devereux Slough,Santa Clara River Mouth,VTSM35KT,Menidia beryllina,9286
Devereux Slough,Santa Clara River Mouth,ZF0XLNXD,Menidia beryllina,4558
Calleguas Creek,Calleagus Creek Bridge - up 1,NJCNWIUD,Micropterus,29
Devereux Slough,Santa Clara River Mouth,0166WUI5,Mugil cephalus,73
Santa Clara River,J Street Canal,0EY3JUQG,Mugil cephalus,69
Devereux Slough,Santa Clara River Mouth,0ICAOEM8,Mugil cephalus,74
Ormond Lagoon,Revlon Slough - Up 2,1Y7HTTUZ,Mugil cephalus,431
Santa Clara River,J Street Canal,3MN03WCU,Mugil cephalus,183
Santa Clara River,J Street Canal,4K1V2B70,Mugil cephalus,139
Calleguas Creek,Calleagus Creek Bridge - down 2,4LR1IE16,Mugil cephalus,4255
Santa Clara River,J Street Canal,54M852FW,Mugil cephalus,281
Devereux Slough,Santa Clara River Mouth,5DZGRPJ8,Mugil cephalus,340
Devereux Slough,Santa Clara River Mouth,5W8VHBOX,Mugil cephalus,71
Devereux Slough,Santa Clara River Mouth,6FC330ZX,Mugil cephalus,177
Ormond Lagoon,Revlon Slough - Up 2,73HOCNFX,Mugil cephalus,618
Santa Clara River,J Street Canal,8FZSGQC6,Mugil cephalus,188
Santa Clara River,J Street Canal,8HDYA6AT,Mugil cephalus,614
Santa Clara River,J Street Canal,8TNQ3QEN,Mugil cephalus,104
Santa Clara River,J Street Canal,8YPPQ58L,Mugil cephalus,699
Santa Clara River,J Street Canal,97QVXLNB,Mugil cephalus,195
Calleguas Creek,Calleagus Creek Bridge - up 2,9H0R367Q,Mugil cephalus,428
Santa Clara River,J Street Canal,A6GEWDM0,Mugil cephalus,235
Devereux Slough,Santa Clara River Mouth,AF6NPL98,Mugil cephalus,51
Calleguas Creek,Calleagus Creek Bridge - up 3,AV1G647K,Mugil cephalus,928
Calleguas Creek,Calleagus Creek Bridge - down 1,BDLUWJ2A,Mugil cephalus,1233
Calleguas Creek,Calleagus Creek Bridge - up 2,BWKIVG5R,Mugil cephalus,610
Calleguas Creek,Calleagus Creek Bridge - down 2,CXM7RKC1,Mugil cephalus,2860
Santa Clara River,J Street Canal,EOLR86S9,Mugil cephalus,171
Calleguas Creek,Revlon Slough - Up 1,F33R74EO,Mugil cephalus,87
Santa Clara River,J Street Canal,GI9NGV51,Mugil cephalus,383
Calleguas Creek,Calleagus Creek Bridge - up 1,I3ZGR5GC,Mugil cephalus,375
Santa Clara River,J Street Canal,ICW0XL4W,Mugil cephalus,194
Calleguas Creek,Devereux COPR Bridge,IF7K5NQF,Mugil cephalus,29
Santa Clara River,J Street Canal,K49UTWXN,Mugil cephalus,225
Devereux Slough,Santa Clara River Mouth,K56BBPGJ,Mugil cephalus,12
Devereux Slough,Santa Clara River Mouth,M3BWLMVW,Mugil cephalus,70
Calleguas Creek,Calleagus Creek Bridge - up 3,N6M3N6LT,Mugil cephalus,1733
Calleguas Creek,Calleagus Creek Bridge - up 1,NJCNWIUD,Mugil cephalus,995
Calleguas Creek,Revlon Slough - Down 1,NQ36AGNG,Mugil cephalus,1158
Santa Clara River,J Street Canal,O97C31FZ,Mugil cephalus,61
Devereux Slough,Santa Clara River Mouth,OAZV1TYJ,Mugil cephalus,52
Devereux Slough,Santa Clara River Mouth,PFDNIGDZ,Mugil cephalus,20
Santa Clara River,J Street Canal,PKC9HRCO,Mugil cephalus,94
Devereux Slough,Santa Clara River Mouth,Q3HPLTAL,Mugil cephalus,92
Santa Clara River,J Street Canal,QKOK5NVQ,Mugil cephalus,93
Santa Clara River,J Street Canal,RV1Z2FN1,Mugil cephalus,116
Devereux Slough,Santa Clara River Mouth,SD2QNYHT,Mugil cephalus,10
Devereux Slough,Santa Clara River Mouth,SNF5Y17H,Mugil cephalus,13
Devereux Slough,Santa Clara River Mouth,SSEHN2DP,Mugil cephalus,96
Santa Clara River,J Street Canal,T6UYA40I,Mugil cephalus,63
Calleguas Creek,Calleagus Creek Bridge - down 1,UQDK4PXP,Mugil cephalus,2211
Santa Clara River,J Street Canal,V12I57BA,Mugil cephalus,284
Calleguas Creek,Revlon Slough - Up 1,V7RYHLTF,Mugil cephalus,22
Devereux Slough,Santa Clara River Mouth,VTSM35KT,Mugil cephalus,471
Calleguas Creek,Revlon Slough - Down 1,XVU6B64D,Mugil cephalus,1069
Santa Clara River,J Street Canal,YCSYA7NE,Mugil cephalus,87
Devereux Slough,Santa Clara River Mouth,ZF0XLNXD,Mugil cephalus,61
Santa Clara River,J Street Canal,4K1V2B70,Paralichthys californicus,15
Calleguas Creek,Calleagus Creek Bridge - down 2,4LR1IE16,Paralichthys californicus,11
Santa Clara River,J Street Canal,54M852FW,Paralichthys californicus,12
Santa Clara River,J Street Canal,8HDYA6AT,Paralichthys californicus,13
Santa Clara River,J Street Canal,8YPPQ58L,Paralichthys californicus,10
Santa Clara River,J Street Canal,97QVXLNB,Paralichthys californicus,9
Calleguas Creek,Calleagus Creek Bridge - up 3,AV1G647K,Paralichthys californicus,9
Calleguas Creek,Calleagus Creek Bridge - down 2,CXM7RKC1,Paralichthys californicus,8
Santa Clara River,J Street Canal,GI9NGV51,Paralichthys californicus,11
Santa Clara River,J Street Canal,ICW0XL4W,Paralichthys californicus,14
Santa Clara River,J Street Canal,RV1Z2FN1,Paralichthys californicus,9
Santa Clara River,J Street Canal,T6UYA40I,Paralichthys californicus,24
Santa Clara River,J Street Canal,V12I57BA,Paralichthys californicus,10
Devereux Slough,Santa Clara River Mouth,0166WUI5,Pimephales promelas,176
Devereux Slough,Santa Clara River Mouth,5DZGRPJ8,Pimephales promelas,101
Devereux Slough,Santa Clara River Mouth,5W8VHBOX,Pimephales promelas,392
Devereux Slough,Santa Clara River Mouth,6FC330ZX,Pimephales promelas,192
Devereux Slough,Santa Clara River Mouth,AF6NPL98,Pimephales promelas,230
Devereux Slough,Santa Clara River Mouth,K56BBPGJ,Pimephales promelas,54
Devereux Slough,Santa Clara River Mouth,M3BWLMVW,Pimephales promelas,325
Devereux Slough,Santa Clara River Mouth,OAZV1TYJ,Pimephales promelas,386
Devereux Slough,Santa Clara River Mouth,PFDNIGDZ,Pimephales promelas,114
Devereux Slough,Santa Clara River Mouth,Q3HPLTAL,Pimephales promelas,108
Devereux Slough,Santa Clara River Mouth,SD2QNYHT,Pimephales promelas,74
Devereux Slough,Santa Clara River Mouth,SNF5Y17H,Pimephales promelas,126
Devereux Slough,Santa Clara River Mouth,SSEHN2DP,Pimephales promelas,151
Devereux Slough,Santa Clara River Mouth,VTSM35KT,Pimephales promelas,343
Devereux Slough,Santa Clara River Mouth,ZF0XLNXD,Pimephales promelas,251