"","metrics","plot","treatment","number","values","refvalues"
"28","D","AUS","0600kHz","001",0.175717848981732,0.175913368342112
"29","H","AUS","0600kHz","001",16.210000276566,16.20999956131
"30","CA","AUS","0600kHz","001",9.63664640499996,9.77293114499998
"31","D","AUS","0600kHz","002",0.377101311905643,0.376421704076796
"32","H","AUS","0600kHz","002",24.905249834061,24.839250802994
"33","CA","AUS","0600kHz","002",49.08903152,47.8324293699999
"34","D","AUS","0600kHz","004",0.596271400825558,0.601237761600404
"35","H","AUS","0600kHz","004",24.548750162124,24.547249555588
"36","CA","AUS","0600kHz","004",95.8068120399998,95.5281899550011
"37","D","AUS","0600kHz","005",0.635813641849276,0.638349346997811
"38","H","AUS","0600kHz","005",27.516000270844,27.447000980377
"39","CA","AUS","0600kHz","005",139.64105024,137.231740175
"40","D","AUS","0600kHz","006",0.290893166205952,0.29374955504423
"41","H","AUS","0600kHz","006",12.013500213623,12.041000366211
"42","CA","AUS","0600kHz","006",22.35116781,22.185612115
"43","D","AUS","0600kHz","007",0.21709771303022,0.220928818622019
"44","H","AUS","0600kHz","007",8.91050028801,8.90174984932
"45","CA","AUS","0600kHz","007",14.426094115,14.392617215
"46","D","AUS","0600kHz","008",0.279207983244349,0.279933975500878
"47","H","AUS","0600kHz","008",11.798249721527,11.795000076294
"48","CA","AUS","0600kHz","008",26.428063095,26.3182260999999
"49","D","AUS","0600kHz","009",0.2119252918899,0.214707448560672
"50","H","AUS","0600kHz","009",8.313749790192,8.329749822617
"51","CA","AUS","0600kHz","009",13.10290768,13.05916329
"52","D","AUS","0600kHz","010",0.0979752411298275,0.0988075693663781
"53","H","AUS","0600kHz","010",5.394999980926,5.390000104904
"54","CA","AUS","0600kHz","010",3.95788132500002,4.10691912000001
"55","D","AUS","1200kHz","001",0.174293129831205,0.175913368342112
"56","H","AUS","1200kHz","001",16.232249736786,16.20999956131
"57","CA","AUS","1200kHz","001",9.60205026999997,9.77293114499998
"58","D","AUS","1200kHz","002",0.37522994006985,0.376421704076796
"59","H","AUS","1200kHz","002",24.853500366211,24.839250802994
"60","CA","AUS","1200kHz","002",52.5136574600003,47.8324293699999
"61","D","AUS","1200kHz","004",0.597079934196432,0.601237761600404
"62","H","AUS","1200kHz","004",24.541999340057,24.547249555588
"63","CA","AUS","1200kHz","004",95.8912898000002,95.5281899550011
"64","D","AUS","1200kHz","005",0.636865292911036,0.638349346997811
"65","H","AUS","1200kHz","005",27.48125052452,27.447000980377
"66","CA","AUS","1200kHz","005",139.802629635,137.231740175
"67","D","AUS","1200kHz","006",0.290668456340042,0.29374955504423
"68","H","AUS","1200kHz","006",12.010750055313,12.041000366211
"69","CA","AUS","1200kHz","006",22.36559634,22.185612115
"70","D","AUS","1200kHz","007",0.217497644446479,0.220928818622019
"71","H","AUS","1200kHz","007",8.867249965667,8.90174984932
"72","CA","AUS","1200kHz","007",14.518943115,14.392617215
"73","D","AUS","1200kHz","008",0.280958155332559,0.279933975500878
"74","H","AUS","1200kHz","008",11.797250270843,11.795000076294
"75","CA","AUS","1200kHz","008",26.44409292,26.3182260999999
"76","D","AUS","1200kHz","009",0.210212230285164,0.214707448560672
"77","H","AUS","1200kHz","009",8.336999893189,8.329749822617
"78","CA","AUS","1200kHz","009",13.360538995,13.05916329
"79","D","AUS","1200kHz","010",0.0975618194261313,0.0988075693663781
"80","H","AUS","1200kHz","010",5.381749868393,5.390000104904
"81","CA","AUS","1200kHz","010",4.0907001,4.10691912000001
"13","D","AUS","0600kHz","011",0.23160212633205,0.232682933525084
"14","H","AUS","0600kHz","011",11.539999961853,11.540750026703
"15","CA","AUS","0600kHz","011",15.6931080799999,15.718506995
"16","D","AUS","0600kHz","012",0.120955425755646,0.120439488677521
"17","H","AUS","0600kHz","012",6.517500162125,6.486000061035
"18","CA","AUS","0600kHz","012",4.29382043499999,4.25293738500001
"19","D","AUS","0600kHz","014",0.172524102273467,0.177164135229153
"20","H","AUS","0600kHz","014",8.59500002861,8.592250108719
"21","CA","AUS","0600kHz","014",19.6827251450002,19.94957512
"22","D","AUS","0600kHz","015",0.267949074899723,0.268662547974415
"23","H","AUS","0600kHz","015",21.201499700547,21.21199965477
"24","CA","AUS","0600kHz","015",37.9352478750001,38.6715523549998
"25","D","AUS","1200kHz","011",0.230487792114897,0.232682933525084
"26","H","AUS","1200kHz","011",11.548500061035,11.540750026703
"27","CA","AUS","1200kHz","011",15.73066839,15.718506995
"281","D","AUS","1200kHz","012",0.117909424856667,0.120439488677521
"291","H","AUS","1200kHz","012",6.49974989891,6.486000061035
"301","CA","AUS","1200kHz","012",4.32747738499997,4.25293738500001
"311","D","AUS","1200kHz","014",0.172317187329595,0.177164135229153
"321","H","AUS","1200kHz","014",8.596250295639,8.592250108719
"331","CA","AUS","1200kHz","014",19.7554439000001,19.94957512
"341","D","AUS","1200kHz","015",0.265472442013027,0.268662547974415
"351","H","AUS","1200kHz","015",21.242249011993,21.21199965477
"361","CA","AUS","1200kHz","015",38.375442125,38.6715523549998
"161","D","AUS","0600kHz","016",0.0830906719244184,0.0865785880174339
"171","H","AUS","0600kHz","016",5.274999976158,5.269749999046
"181","CA","AUS","0600kHz","016",4.56889707999998,4.48728836000003
"191","D","AUS","0600kHz","017",0.17826163468688,0.180462470848417
"201","H","AUS","0600kHz","017",11.018999814987,11.015500307083
"211","CA","AUS","0600kHz","017",17.78957166,18.7280812949998
"221","D","AUS","0600kHz","018",0.106983088775711,0.107872173443627
"231","H","AUS","0600kHz","018",12.895000219345,12.894749641418
"241","CA","AUS","0600kHz","018",4.22316025999991,4.66672992500006
"251","D","AUS","0600kHz","019",0.185904068338851,0.187675241870731
"261","H","AUS","0600kHz","019",14.730499982834,14.701500177383
"271","CA","AUS","0600kHz","019",21.0675519699999,21.3514583800002
"282","D","AUS","0600kHz","020",0.307687431350881,0.304032259483907
"292","H","AUS","0600kHz","020",20.543249845505,20.534500122071
"302","CA","AUS","0600kHz","020",50.9357556000002,51.2302847699997
"312","D","AUS","1200kHz","016",0.087316967646582,0.0865785880174339
"322","H","AUS","1200kHz","016",5.284249901771,5.269749999046
"332","CA","AUS","1200kHz","016",4.50468760499995,4.48728836000003
"342","D","AUS","1200kHz","017",0.180570353610735,0.180462470848417
"352","H","AUS","1200kHz","017",11.020250082016,11.015500307083
"362","CA","AUS","1200kHz","017",18.19236792,18.7280812949998
"371","D","AUS","1200kHz","018",0.103849478385016,0.107872173443627
"381","H","AUS","1200kHz","018",12.892749786377,12.894749641418
"391","CA","AUS","1200kHz","018",5.3981930900001,4.66672992500006
"401","D","AUS","1200kHz","019",0.18377599384395,0.187675241870731
"411","H","AUS","1200kHz","019",14.709499835968,14.701500177383
"421","CA","AUS","1200kHz","019",20.9885581000001,21.3514583800002
"431","D","AUS","1200kHz","020",0.306013525152682,0.304032259483907
"441","H","AUS","1200kHz","020",20.530499458313,20.534500122071
"451","CA","AUS","1200kHz","020",49.0046411600006,51.2302847699997
"313","D","AUS","0600kHz","021",0.228420122499302,0.230504476629759
"323","H","AUS","0600kHz","021",18.927500247955,18.954999923706
"333","CA","AUS","0600kHz","021",9.21317841500012,9.201698895
"343","D","AUS","0600kHz","022",0.238339406371362,0.2414185180845
"353","H","AUS","0600kHz","022",10.398499727249,10.374500274659
"363","CA","AUS","0600kHz","022",24.0501202700001,24.1519918549999
"372","D","AUS","0600kHz","023",0.0741742080778786,0.0691973321007482
"382","H","AUS","0600kHz","023",4.884250044823,4.87399995327
"392","CA","AUS","0600kHz","023",1.82582188000005,1.82696063000001
"402","D","AUS","0600kHz","024",0.079436956381903,0.0778951648543126
"412","H","AUS","0600kHz","024",7.765250205994,7.750750064849
"422","CA","AUS","0600kHz","024",2.75831765999994,2.79257398500003
"432","D","AUS","0600kHz","025",0.238185574625575,0.147562214717441
"442","H","AUS","0600kHz","025",8.664000034333,8.661499977112
"452","CA","AUS","0600kHz","025",16.3992771999998,15.37216341
"461","D","AUS","0600kHz","026",0.191155327010567,0.192025843563999
"471","H","AUS","0600kHz","026",15.246750116348,15.295999526978
"481","CA","AUS","0600kHz","026",26.084489575,26.8948615749999
"491","D","AUS","0600kHz","027",0.183521551236113,0.183097587103092
"501","H","AUS","0600kHz","027",18.261750459671,18.253500461579
"511","CA","AUS","0600kHz","027",20.1442843150001,19.896371385
"521","D","AUS","0600kHz","028",0.184666644300166,0.183717471640767
"531","H","AUS","0600kHz","028",17.321499586106,17.314000368118
"541","CA","AUS","0600kHz","028",22.0694930199998,22.1105389599999
"551","D","AUS","0600kHz","029",0.0997781273274213,0.102863273682051
"561","H","AUS","0600kHz","029",6.765499830246,6.764250040054
"571","CA","AUS","0600kHz","029",4.27152940000003,4.24242102000001
"581","D","AUS","0600kHz","030",0.17469437272304,0.178074599212743
"591","H","AUS","0600kHz","030",9.519750118255,9.52599978447
"601","CA","AUS","0600kHz","030",14.830441545,15.07412773
"611","D","AUS","1200kHz","021",0.226843325376286,0.230504476629759
"621","H","AUS","1200kHz","021",18.956000089645,18.954999923706
"631","CA","AUS","1200kHz","021",9.19812106999985,9.201698895
"641","D","AUS","1200kHz","022",0.239397369333859,0.2414185180845
"651","H","AUS","1200kHz","022",10.388500213623,10.374500274659
"661","CA","AUS","1200kHz","022",24.1697835350001,24.1519918549999
"671","D","AUS","1200kHz","023",0.0662900312260365,0.0691973321007482
"681","H","AUS","1200kHz","023",4.879000067711,4.87399995327
"691","CA","AUS","1200kHz","023",1.85710525999997,1.82696063000001
"701","D","AUS","1200kHz","024",0.078800457456163,0.0778951648543126
"711","H","AUS","1200kHz","024",7.764250278473,7.750750064849
"721","CA","AUS","1200kHz","024",2.87017399999997,2.79257398500003
"731","D","AUS","1200kHz","025",0.177222690525194,0.147562214717441
"741","H","AUS","1200kHz","025",8.671250104904,8.661499977112
"751","CA","AUS","1200kHz","025",16.248197355,15.37216341
"761","D","AUS","1200kHz","026",0.189450156119615,0.192025843563999
"771","H","AUS","1200kHz","026",15.251750469208,15.295999526978
"781","CA","AUS","1200kHz","026",26.679030855,26.8948615749999
"791","D","AUS","1200kHz","027",0.184750499306523,0.183097587103092
"801","H","AUS","1200kHz","027",18.260750293732,18.253500461579
"811","CA","AUS","1200kHz","027",19.7957474800001,19.896371385
"82","D","AUS","1200kHz","028",0.185154104119363,0.183717471640767
"83","H","AUS","1200kHz","028",17.329250335693,17.314000368118
"84","CA","AUS","1200kHz","028",21.7770681950002,22.1105389599999
"85","D","AUS","1200kHz","029",0.0982419201207549,0.102863273682051
"86","H","AUS","1200kHz","029",6.77924990654,6.764250040054
"87","CA","AUS","1200kHz","029",4.37632212999999,4.24242102000001
"88","D","AUS","1200kHz","030",0.171480810533119,0.178074599212743
"89","H","AUS","1200kHz","030",9.512249946594,9.52599978447
"90","CA","AUS","1200kHz","030",15.14791811,15.07412773
"344","D","AUS","0600kHz","031",0.288281027501893,0.292909204809106
"354","H","AUS","0600kHz","031",13.009999990464,12.998250484466
"364","CA","AUS","0600kHz","031",41.8674458950003,51.9338866100003
"373","D","AUS","0600kHz","032",0.0864074498144924,0.0879637257398478
"383","H","AUS","0600kHz","032",7.424499988556,7.420000076294
"393","CA","AUS","0600kHz","032",2.321138715,2.25575789999998
"403","D","AUS","0600kHz","033",0.161056834168571,0.172276999617114
"413","H","AUS","0600kHz","033",11.447249650956,11.511749744415
"423","CA","AUS","0600kHz","033",8.540689065,8.21523641
"433","D","AUS","0600kHz","034",0.352105380509505,0.352488119115147
"443","H","AUS","0600kHz","034",20.180000782013,20.176499605179
"453","CA","AUS","0600kHz","034",57.6986647849996,57.7868444749999
"462","D","AUS","0600kHz","035",0.054831698405355,0.0412759012012125
"472","H","AUS","0600kHz","035",3.644750073553,3.663999930024
"482","CA","AUS","0600kHz","035",0.952861500000034,0.981197605000035
"492","D","AUS","0600kHz","036",0.0607910994491307,0.0616802272768173
"502","H","AUS","0600kHz","036",5.684750080108,5.679500102996
"512","CA","AUS","0600kHz","036",1.97889032499999,2.08350676000001
"522","D","AUS","0600kHz","037",0.175188924543417,0.176142301021299
"532","H","AUS","0600kHz","037",9.444249868393,9.441999673844
"542","CA","AUS","0600kHz","037",11.69828743,12.48817508
"552","D","AUS","0600kHz","038",0.251987738269795,0.25425917051071
"562","H","AUS","0600kHz","038",9.288749933243,9.292500019074
"572","CA","AUS","0600kHz","038",24.4012056000001,24.7996192049999
"582","D","AUS","0600kHz","039",0.357936802922512,0.360466608309434
"592","H","AUS","0600kHz","039",23.503249645233,23.518250226975
"602","CA","AUS","0600kHz","039",65.6357902950003,65.6105498099995
"612","D","AUS","0600kHz","040",0.556662998611831,0.552761804681663
"622","H","AUS","0600kHz","040",10.205000162124,10.197499990463
"632","CA","AUS","0600kHz","040",20.1357164650001,20.20416075
"642","D","AUS","0600kHz","041",0.166239358159057,0.166534255545934
"652","H","AUS","0600kHz","041",8.571250200271,8.559250116348
"662","CA","AUS","0600kHz","041",21.9790410799999,22.035929
"672","D","AUS","1200kHz","031",0.288720497469765,0.292909204809106
"682","H","AUS","1200kHz","031",12.993750333786,12.998250484466
"692","CA","AUS","1200kHz","031",42.1624456350002,51.9338866100003
"702","D","AUS","1200kHz","032",0.0846964898813835,0.0879637257398478
"712","H","AUS","1200kHz","032",7.424000024796,7.420000076294
"722","CA","AUS","1200kHz","032",2.29745067999999,2.25575789999998
"732","D","AUS","1200kHz","033",0.169401595143673,0.172276999617114
"742","H","AUS","1200kHz","033",11.517999887467,11.511749744415
"752","CA","AUS","1200kHz","033",8.18557772,8.21523641
"762","D","AUS","1200kHz","034",0.350181448520939,0.352488119115147
"772","H","AUS","1200kHz","034",20.17999958992,20.176499605179
"782","CA","AUS","1200kHz","034",57.8632270100002,57.7868444749999
"792","D","AUS","1200kHz","035",0.0535302611039018,0.0412759012012125
"802","H","AUS","1200kHz","035",3.659000054001,3.663999930024
"812","CA","AUS","1200kHz","035",1.04775081000001,0.981197605000035
"821","D","AUS","1200kHz","036",0.05832638701951,0.0616802272768173
"831","H","AUS","1200kHz","036",5.703500032425,5.679500102996
"841","CA","AUS","1200kHz","036",1.98825827000002,2.08350676000001
"851","D","AUS","1200kHz","037",0.174299504330038,0.176142301021299
"861","H","AUS","1200kHz","037",9.448500156402,9.441999673844
"871","CA","AUS","1200kHz","037",11.77349373,12.48817508
"881","D","AUS","1200kHz","038",0.25344328128807,0.25425917051071
"891","H","AUS","1200kHz","038",9.291250228882,9.292500019074
"901","CA","AUS","1200kHz","038",24.6881823899998,24.7996192049999
"91","D","AUS","1200kHz","039",0.358478826463949,0.360466608309434
"92","H","AUS","1200kHz","039",23.558500051498,23.518250226975
"93","CA","AUS","1200kHz","039",64.5301669900001,65.6105498099995
"94","D","AUS","1200kHz","040",0.542837428280799,0.552761804681663
"95","H","AUS","1200kHz","040",10.203000307083,10.197499990463
"96","CA","AUS","1200kHz","040",20.2572731,20.20416075
"97","D","AUS","1200kHz","041",0.164317998389711,0.166534255545934
"98","H","AUS","1200kHz","041",8.549999952316,8.559250116348
"99","CA","AUS","1200kHz","041",22.02481594,22.035929
"283","D","BEoff","0600kHz","003",0.597023657337424,0.598551806157346
"293","H","BEoff","0600kHz","003",34.094000697136,34.091751098633
"303","CA","BEoff","0600kHz","003",50.705625205,51.1089587049997
"314","D","BEoff","0600kHz","004",0.459279670335671,0.460061397340142
"324","H","BEoff","0600kHz","004",28.677500069141,28.686500310898
"334","CA","BEoff","0600kHz","004",59.7796050250005,60.1400666050004
"345","D","BEoff","0600kHz","005",0.425378131324707,0.426509472279618
"355","H","BEoff","0600kHz","005",29.913499295711,29.896750092506
"365","CA","BEoff","0600kHz","005",53.5844251950003,53.6952681450001
"374","D","BEoff","0600kHz","006",0.487382028990145,0.487575720333464
"384","H","BEoff","0600kHz","006",31.648250699043,31.665000230074
"394","CA","BEoff","0600kHz","006",70.2377213500002,69.762415415
"404","D","BEoff","0600kHz","007",0.532795889785526,0.533362902116778
"414","H","BEoff","0600kHz","007",31.644999325275,31.646750018001
"424","CA","BEoff","0600kHz","007",50.803897975,50.9869580849998
"434","D","BEoff","0600kHz","008",0.581112120871891,0.581322305474649
"444","H","BEoff","0600kHz","008",31.293750911951,31.30850020051
"454","CA","BEoff","0600kHz","008",119.21258249,120.409578835
"463","D","BEoff","0600kHz","009",0.570707011022507,0.570700978133579
"473","H","BEoff","0600kHz","009",31.179000258446,31.181250095367
"483","CA","BEoff","0600kHz","009",110.807569235,111.707120434999
"493","D","BEoff","0600kHz","010",0.562561055440199,0.564037277749481
"503","H","BEoff","0600kHz","010",33.968998730182,33.833501815796
"513","CA","BEoff","0600kHz","010",54.0370324000001,54.3450702299999
"523","D","BEoff","0600kHz","011",0.404455838590562,0.405443514268003
"533","H","BEoff","0600kHz","011",31.297750502825,31.333500366658
"543","CA","BEoff","0600kHz","011",53.5464601649999,53.8475887349999
"553","D","BEoff","1200kHz","003",0.598207897179799,0.598551806157346
"563","H","BEoff","1200kHz","003",34.093750298023,34.091751098633
"573","CA","BEoff","1200kHz","003",50.7689624499999,51.1089587049997
"583","D","BEoff","1200kHz","004",0.44997095708983,0.460061397340142
"593","H","BEoff","1200kHz","004",28.665249466896,28.686500310898
"603","CA","BEoff","1200kHz","004",59.5518527450003,60.1400666050004
"613","D","BEoff","1200kHz","005",0.426749000511057,0.426509472279618
"623","H","BEoff","1200kHz","005",29.894499123096,29.896750092506
"633","CA","BEoff","1200kHz","005",53.4052102549999,53.6952681450001
"643","D","BEoff","1200kHz","006",0.489286021722371,0.487575720333464
"653","H","BEoff","1200kHz","006",31.671750470995,31.665000230074
"663","CA","BEoff","1200kHz","006",69.3974538749998,69.762415415
"673","D","BEoff","1200kHz","007",0.533491707719314,0.533362902116778
"683","H","BEoff","1200kHz","007",31.655750088394,31.646750018001
"693","CA","BEoff","1200kHz","007",50.7298183050003,50.9869580849998
"703","D","BEoff","1200kHz","008",0.581800226995298,0.581322305474649
"713","H","BEoff","1200kHz","008",31.308250851929,31.30850020051
"723","CA","BEoff","1200kHz","008",118.88902204,120.409578835
"733","D","BEoff","1200kHz","009",0.570904887231217,0.570700978133579
"743","H","BEoff","1200kHz","009",31.135249495506,31.181250095367
"753","CA","BEoff","1200kHz","009",110.49209944,111.707120434999
"763","D","BEoff","1200kHz","010",0.563753101375663,0.564037277749481
"773","H","BEoff","1200kHz","010",33.797998428345,33.833501815796
"783","CA","BEoff","1200kHz","010",53.5300321999996,54.3450702299999
"793","D","BEoff","1200kHz","011",0.406528421000571,0.405443514268003
"803","H","BEoff","1200kHz","011",31.321749098599,31.333500366658
"813","CA","BEoff","1200kHz","011",54.3771311050003,53.8475887349999
"435","D","BEon","0600kHz","001",0.576220269826042,0.575800461172259
"445","H","BEon","0600kHz","001",31.19600045681,31.174000680446
"455","CA","BEon","0600kHz","001",120.946011165,116.860667975
"464","D","BEon","0600kHz","002",0.599737095856084,0.599911553734806
"474","H","BEon","0600kHz","002",33.769251585007,33.822251349687
"484","CA","BEon","0600kHz","002",60.0618327750001,59.62198558
"494","D","BEon","0600kHz","003",0.564152394888046,0.5640525858692
"504","H","BEon","0600kHz","003",32.797000169754,32.701750397682
"514","CA","BEon","0600kHz","003",52.9991230149999,52.9280985849998
"524","D","BEon","0600kHz","004",0.789809780258967,0.791202765534831
"534","H","BEon","0600kHz","004",33.6912517,33.78075182
"544","CA","BEon","0600kHz","004",192.930930795001,193.580928699999
"554","D","BEon","0600kHz","005",0.542829123564889,0.54219682394124
"564","H","BEon","0600kHz","005",31.584000073373,31.574250124395
"574","CA","BEon","0600kHz","005",59.6684735449998,60.9355008499998
"584","D","BEon","0600kHz","006",0.452559256327507,0.45436121154586
"594","H","BEon","0600kHz","006",28.532249987126,28.557500720024
"604","CA","BEon","0600kHz","006",61.5028327900002,61.4498576499997
"614","D","BEon","0600kHz","007",0.0672324898647329,0.0686722021483448
"624","H","BEon","0600kHz","007",10.707999825478,10.703000247479
"634","CA","BEon","0600kHz","007",3.72295976499993,3.69176771500002
"644","D","BEon","0600kHz","008",0.147117219487725,0.151644675251973
"654","H","BEon","0600kHz","008",15.024750262498,14.968249559403
"664","CA","BEon","0600kHz","008",16.642976415,16.867464085
"674","D","BEon","0600kHz","009",0.431528112151058,0.43155671760664
"684","H","BEon","0600kHz","009",29.77025014,29.91274923
"694","CA","BEon","0600kHz","009",62.869747755,63.2537862500001
"704","D","BEon","0600kHz","010",0.587696495635241,0.588371547805796
"714","H","BEon","0600kHz","010",31.092249311506,31.088750272989
"724","CA","BEon","0600kHz","010",125.25480055,125.073542635
"734","D","BEon","0600kHz","011",0.0966859760138147,0.0964946009121473
"744","H","BEon","0600kHz","011",12.632750242949,12.624749600887
"754","CA","BEon","0600kHz","011",11.858952515,12.1625449300001
"764","D","BEon","0600kHz","012",0.461103294871106,0.463760130673257
"774","H","BEon","0600kHz","012",31.723749604076,31.620000289753
"784","CA","BEon","0600kHz","012",30.4563485600001,31.16453294
"794","D","BEon","0600kHz","013",0.312780436650654,0.311785835313833
"804","H","BEon","0600kHz","013",23.484249949456,23.467999339103
"814","CA","BEon","0600kHz","013",48.9485798600001,49.3717774200002
"822","D","BEon","0600kHz","014",0.154022894966376,0.154436472839629
"832","H","BEon","0600kHz","014",20.533000230789,20.510749459266
"842","CA","BEon","0600kHz","014",24.1899365650002,24.75416731
"852","D","BEon","1200kHz","001",0.575683579289594,0.575800461172259
"862","H","BEon","1200kHz","001",31.184750497341,31.174000680446
"872","CA","BEon","1200kHz","001",115.58226109,116.860667975
"882","D","BEon","1200kHz","002",0.600176733221861,0.599911553734806
"892","H","BEon","1200kHz","002",33.526748538017,33.822251349687
"902","CA","BEon","1200kHz","002",60.8498511400001,59.62198558
"911","D","BEon","1200kHz","003",0.565066116561874,0.5640525858692
"921","H","BEon","1200kHz","003",32.762251377106,32.701750397682
"931","CA","BEon","1200kHz","003",52.6537741399999,52.9280985849998
"941","D","BEon","1200kHz","004",0.78933232352248,0.791202765534831
"951","H","BEon","1200kHz","004",33.81274927,33.78075182
"961","CA","BEon","1200kHz","004",194.51020415,193.580928699999
"971","D","BEon","1200kHz","005",0.541015932423446,0.54219682394124
"981","H","BEon","1200kHz","005",31.678250215948,31.574250124395
"991","CA","BEon","1200kHz","005",61.04595568,60.9355008499998
"100","D","BEon","1200kHz","006",0.452966688890421,0.45436121154586
"101","H","BEon","1200kHz","006",28.553500175476,28.557500720024
"102","CA","BEon","1200kHz","006",61.7041903350001,61.4498576499997
"103","D","BEon","1200kHz","007",0.0689975217597609,0.0686722021483448
"104","H","BEon","1200kHz","007",10.715000331402,10.703000247479
"105","CA","BEon","1200kHz","007",3.82884690000002,3.69176771500002
"106","D","BEon","1200kHz","008",0.154303522358424,0.151644675251973
"107","H","BEon","1200kHz","008",14.983999639749,14.968249559403
"108","CA","BEon","1200kHz","008",16.58141278,16.867464085
"109","D","BEon","1200kHz","009",0.431131759454741,0.43155671760664
"110","H","BEon","1200kHz","009",29.68375093,29.91274923
"111","CA","BEon","1200kHz","009",62.6126421249998,63.2537862500001
"112","D","BEon","1200kHz","010",0.586919991106431,0.588371547805796
"113","H","BEon","1200kHz","010",31.010499529541,31.088750272989
"114","CA","BEon","1200kHz","010",125.080229175,125.073542635
"115","D","BEon","1200kHz","011",0.0969990720455449,0.0964946009121473
"116","H","BEon","1200kHz","011",12.738500446081,12.624749600887
"117","CA","BEon","1200kHz","011",12.112793465,12.1625449300001
"118","D","BEon","1200kHz","012",0.461764044145852,0.463760130673257
"119","H","BEon","1200kHz","012",31.59549960494,31.620000289753
"120","CA","BEon","1200kHz","012",32.23976791,31.16453294
"121","D","BEon","1200kHz","013",0.313073227667536,0.311785835313833
"122","H","BEon","1200kHz","013",23.471750676632,23.467999339103
"123","CA","BEon","1200kHz","013",49.1118949150002,49.3717774200002
"124","D","BEon","1200kHz","014",0.153577142773693,0.154436472839629
"125","H","BEon","1200kHz","014",20.526749432087,20.510749459266
"126","CA","BEon","1200kHz","014",24.4636098550002,24.75416731
"405","D","GAB","0600kHz","002",0.33531533887022,0.337666410409003
"415","H","GAB","0600kHz","002",28.9495239257819,28.997009277344
"425","CA","GAB","0600kHz","002",65.0505024699999,65.6849657849998
"436","D","GAB","0600kHz","003",0.37053461627664,0.372269836942632
"446","H","GAB","0600kHz","003",26.618469238281,26.61474609375
"456","CA","GAB","0600kHz","003",127.323705035,126.182630775
"465","D","GAB","0600kHz","004",0.287065838729462,0.288825095758124
"475","H","GAB","0600kHz","004",27.810974121094,27.8154907226569
"485","CA","GAB","0600kHz","004",45.9767012800001,45.9665677099999
"495","D","GAB","0600kHz","005",0.915811072178801,0.916455226686195
"505","H","GAB","0600kHz","005",39.612487792969,39.623046875
"515","CA","GAB","0600kHz","005",173.665151915001,177.056287295
"525","D","GAB","0600kHz","006",0.637339123308206,0.639380527624438
"535","H","GAB","0600kHz","006",27.191040039063,27.226745605469
"545","CA","GAB","0600kHz","006",104.141004035,104.27155448
"555","D","GAB","0600kHz","007",0.382947421930313,0.385158914848079
"565","H","GAB","0600kHz","007",20.776489257812,20.75927734375
"575","CA","GAB","0600kHz","007",20.33288022,20.590917255
"585","D","GAB","0600kHz","008",0.353140929260415,0.352763779675457
"595","H","GAB","0600kHz","008",23.42529296875,23.421997070313
"605","CA","GAB","0600kHz","008",31.8965761400001,31.8182578049999
"615","D","GAB","0600kHz","009",0.201693892867994,0.205427954124022
"625","H","GAB","0600kHz","009",19.283020019531,19.2567749023431
"635","CA","GAB","0600kHz","009",33.283813595,33.04087131
"645","D","GAB","0600kHz","010",0.10305636573337,0.1053701417427
"655","H","GAB","0600kHz","010",12.769470214844,12.7632446289069
"665","CA","GAB","0600kHz","010",9.57092607999999,9.41857261
"675","D","GAB","0600kHz","011",0.124939213452687,0.123576160832247
"685","H","GAB","0600kHz","011",12.991027832031,12.988037109375
"695","CA","GAB","0600kHz","011",32.82299198,33.268412135
"705","D","GAB","0600kHz","012",0.0717964288746475,0.0752830984664332
"715","H","GAB","0600kHz","012",12.640258789062,12.630798339844
"725","CA","GAB","0600kHz","012",3.33416865,3.38589178
"735","D","GAB","0600kHz","013",0.161484966906515,0.161778130350535
"745","H","GAB","0600kHz","013",16.35498046875,16.344970703125
"755","CA","GAB","0600kHz","013",41.68938861,42.7515994699999
"765","D","GAB","0600kHz","014",0.0944124075085015,0.0962088340660436
"775","H","GAB","0600kHz","014",10.4889526367181,10.472473144531
"785","CA","GAB","0600kHz","014",21.3231549500001,20.7774102
"795","D","GAB","1200kHz","002",0.333590130778287,0.337666410409003
"805","H","GAB","1200kHz","002",28.953979492187,28.997009277344
"815","CA","GAB","1200kHz","002",65.1532726000001,65.6849657849998
"823","D","GAB","1200kHz","003",0.369373922231121,0.372269836942632
"833","H","GAB","1200kHz","003",26.626770019531,26.61474609375
"843","CA","GAB","1200kHz","003",126.39953461,126.182630775
"853","D","GAB","1200kHz","004",0.285202185825233,0.288825095758124
"863","H","GAB","1200kHz","004",27.79150390625,27.8154907226569
"873","CA","GAB","1200kHz","004",45.758133575,45.9665677099999
"883","D","GAB","1200kHz","005",0.914451040490071,0.916455226686195
"893","H","GAB","1200kHz","005",39.6477661132819,39.623046875
"903","CA","GAB","1200kHz","005",175.444191530001,177.056287295
"912","D","GAB","1200kHz","006",0.637041933030378,0.639380527624438
"922","H","GAB","1200kHz","006",27.253295898437,27.226745605469
"932","CA","GAB","1200kHz","006",103.90064683,104.27155448
"942","D","GAB","1200kHz","007",0.381584562096074,0.385158914848079
"952","H","GAB","1200kHz","007",20.788696289063,20.75927734375
"962","CA","GAB","1200kHz","007",21.7859834,20.590917255
"972","D","GAB","1200kHz","008",0.349468002258015,0.352763779675457
"982","H","GAB","1200kHz","008",23.42724609375,23.421997070313
"992","CA","GAB","1200kHz","008",32.058737715,31.8182578049999
"1001","D","GAB","1200kHz","009",0.201376738951039,0.205427954124022
"1011","H","GAB","1200kHz","009",19.284240722656,19.2567749023431
"1021","CA","GAB","1200kHz","009",33.458031625,33.04087131
"1031","D","GAB","1200kHz","010",0.101527488994051,0.1053701417427
"1041","H","GAB","1200kHz","010",12.774536132812,12.7632446289069
"1051","CA","GAB","1200kHz","010",9.51833158500001,9.41857261
"1061","D","GAB","1200kHz","011",0.12235181098772,0.123576160832247
"1071","H","GAB","1200kHz","011",12.997741699219,12.988037109375
"1081","CA","GAB","1200kHz","011",32.6435467650001,33.268412135
"1091","D","GAB","1200kHz","012",0.0705513071957217,0.0752830984664332
"1101","H","GAB","1200kHz","012",12.647277832031,12.630798339844
"1111","CA","GAB","1200kHz","012",3.11896032,3.38589178
"1121","D","GAB","1200kHz","013",0.162400110121082,0.161778130350535
"1131","H","GAB","1200kHz","013",16.347290039063,16.344970703125
"1141","CA","GAB","1200kHz","013",41.6000988400001,42.7515994699999
"1151","D","GAB","1200kHz","014",0.0952076155916366,0.0962088340660436
"1161","H","GAB","1200kHz","014",10.4727172851569,10.472473144531
"1171","CA","GAB","1200kHz","014",21.62678716,20.7774102
"162","D","UK","0600kHz","001",0.313039154012254,0.314120316729762
"172","H","UK","0600kHz","001",19.785750865936,20.121750593186
"182","CA","UK","0600kHz","001",10.6547741950001,10.6474371449999
"192","D","UK","0600kHz","002",0.381894971201798,0.381718281686715
"202","H","UK","0600kHz","002",18.461249828339,18.497749805451
"212","CA","UK","0600kHz","002",16.64345783,16.68130483
"222","D","UK","0600kHz","003",0.372209635588244,0.372584985704927
"232","H","UK","0600kHz","003",21.019000530243,20.997750043869
"242","CA","UK","0600kHz","003",27.73395738,27.5921809449998
"252","D","UK","0600kHz","004",0.270689124716629,0.271083168841242
"262","H","UK","0600kHz","004",18.288500070572,18.246000051499
"272","CA","UK","0600kHz","004",17.2837855049999,17.1990504849999
"284","D","UK","0600kHz","005",0.331905192240265,0.331314871982032
"294","H","UK","0600kHz","005",21.046999931335,21.047750473023
"304","CA","UK","0600kHz","005",38.114975955,37.7371172949996
"315","D","UK","1200kHz","001",0.3124682037101,0.314120316729762
"325","H","UK","1200kHz","001",19.716500520707,20.121750593186
"335","CA","UK","1200kHz","001",10.66803397,10.6474371449999
"346","D","UK","1200kHz","002",0.382330672790511,0.381718281686715
"356","H","UK","1200kHz","002",18.387999773026,18.497749805451
"366","CA","UK","1200kHz","002",16.6478978250001,16.68130483
"375","D","UK","1200kHz","003",0.372144366832828,0.372584985704927
"385","H","UK","1200kHz","003",20.995000123977,20.997750043869
"395","CA","UK","1200kHz","003",27.6255325200004,27.5921809449998
"406","D","UK","1200kHz","004",0.270546094095185,0.271083168841242
"416","H","UK","1200kHz","004",18.263250350952,18.246000051499
"426","CA","UK","1200kHz","004",17.3627212550001,17.1990504849999
"437","D","UK","1200kHz","005",0.332135457621765,0.331314871982032
"447","H","UK","1200kHz","005",21.027249574662,21.047750473023
"457","CA","UK","1200kHz","005",37.75737902,37.7371172949996
"756","V","AUS","0600kHz","001",273,255
"766","BL","AUS","0600kHz","001",35.5,27.1
"776","V","AUS","0600kHz","002",1693,1667
"786","BL","AUS","0600kHz","002",89.9,86.1
"796","V","AUS","0600kHz","004",4938,4984
"806","BL","AUS","0600kHz","004",334,350
"816","V","AUS","0600kHz","005",5950,5560
"824","BL","AUS","0600kHz","005",432,489
"834","V","AUS","0600kHz","006",557,697
"844","BL","AUS","0600kHz","006",96.9,117
"854","V","AUS","0600kHz","007",236,235
"864","BL","AUS","0600kHz","007",44.2,53.3
"874","V","AUS","0600kHz","008",583,600
"884","BL","AUS","0600kHz","008",89,93.1
"894","V","AUS","0600kHz","009",160,265
"904","BL","AUS","0600kHz","009",36.1,31.9
"913","V","AUS","0600kHz","010",39.4,44.7
"923","BL","AUS","0600kHz","010",8.31,9.27
"933","V","AUS","0600kHz","011",328,451
"943","BL","AUS","0600kHz","011",77.5,80.7
"953","V","AUS","0600kHz","012",36.2,36.8
"963","BL","AUS","0600kHz","012",10.3,14.9
"973","V","AUS","0600kHz","013",15,14
"983","BL","AUS","0600kHz","013",6.63,6.18
"993","V","AUS","0600kHz","014",258,294
"1002","BL","AUS","0600kHz","014",50.9,57.4
"1012","V","AUS","0600kHz","015",815,795
"1022","BL","AUS","0600kHz","015",89.6,126
"1032","V","AUS","0600kHz","016",19.3,28.3
"1042","BL","AUS","0600kHz","016",9.15,12.1
"1052","V","AUS","0600kHz","017",213,271
"1062","BL","AUS","0600kHz","017",45.5,44.4
"1072","V","AUS","0600kHz","019",221,259
"1082","BL","AUS","0600kHz","019",67.9,55.8
"1092","V","AUS","0600kHz","020",1080,1150
"1102","BL","AUS","0600kHz","020",194,195
"1112","V","AUS","0600kHz","021",370,372
"1122","BL","AUS","0600kHz","021",42.2,42.6
"1132","V","AUS","0600kHz","022",476,474
"1142","BL","AUS","0600kHz","022",46.8,48.5
"1152","V","AUS","0600kHz","023",14.1,11.8
"1162","BL","AUS","0600kHz","023",3.46,1.69
"1172","V","AUS","0600kHz","024",16.9,34.1
"1181","BL","AUS","0600kHz","024",3.88,6.43
"1191","V","AUS","0600kHz","025",169,225
"1201","BL","AUS","0600kHz","025",55.2,50.6
"1211","V","AUS","0600kHz","026",363,378
"1221","BL","AUS","0600kHz","026",102,122
"1231","V","AUS","0600kHz","027",330,377
"1241","BL","AUS","0600kHz","027",47.7,62.4
"1251","V","AUS","0600kHz","028",282,336
"1261","BL","AUS","0600kHz","028",37.8,54.7
"127","V","AUS","0600kHz","029",42.1,52.5
"128","BL","AUS","0600kHz","029",12.3,12.4
"129","V","AUS","0600kHz","030",204,207
"130","BL","AUS","0600kHz","030",33.5,32.2
"131","V","AUS","0600kHz","031",725,797
"132","BL","AUS","0600kHz","031",85.5,105
"133","V","AUS","0600kHz","033",169,168
"134","BL","AUS","0600kHz","033",34,39.1
"135","V","AUS","0600kHz","034",1426,1405
"136","BL","AUS","0600kHz","034",215,223
"137","V","AUS","0600kHz","035",5.39,2.9
"138","BL","AUS","0600kHz","035",1.33,0
"139","V","AUS","0600kHz","036",11.6,14.7
"140","BL","AUS","0600kHz","036",1.75,3.45
"141","V","AUS","0600kHz","038",370,355
"142","BL","AUS","0600kHz","038",74.3,66.8
"143","V","AUS","0600kHz","039",1613,1724
"144","BL","AUS","0600kHz","039",114,144
"145","V","AUS","0600kHz","040",370,351
"146","BL","AUS","0600kHz","040",67.1,84.4
"147","V","AUS","0600kHz","041",227,224
"148","BL","AUS","0600kHz","041",58,64
"149","V","AUS","1200kHz","001",254,255
"150","BL","AUS","1200kHz","001",25.6,27.1
"151","V","AUS","1200kHz","002",1644,1667
"152","BL","AUS","1200kHz","002",82,86.1
"153","V","AUS","1200kHz","004",4868,4984
"154","BL","AUS","1200kHz","004",316,350
"155","V","AUS","1200kHz","005",6204,5560
"156","BL","AUS","1200kHz","005",412,489
"157","V","AUS","1200kHz","006",652,697
"158","BL","AUS","1200kHz","006",99.3,117
"159","V","AUS","1200kHz","007",225,235
"160","BL","AUS","1200kHz","007",49.6,53.3
"1611","V","AUS","1200kHz","008",527,600
"1621","BL","AUS","1200kHz","008",88.7,93.1
"163","V","AUS","1200kHz","009",268,265
"164","BL","AUS","1200kHz","009",27.9,31.9
"165","V","AUS","1200kHz","010",35.6,44.7
"166","BL","AUS","1200kHz","010",4.35,9.27
"167","V","AUS","1200kHz","011",434,451
"168","BL","AUS","1200kHz","011",66.7,80.7
"169","V","AUS","1200kHz","012",34.5,36.8
"170","BL","AUS","1200kHz","012",10.2,14.9
"1711","V","AUS","1200kHz","013",16.3,14
"1721","BL","AUS","1200kHz","013",3.14,6.18
"173","V","AUS","1200kHz","014",275,294
"174","BL","AUS","1200kHz","014",37.8,57.4
"175","V","AUS","1200kHz","015",710,795
"176","BL","AUS","1200kHz","015",128,126
"177","V","AUS","1200kHz","016",30.6,28.3
"178","BL","AUS","1200kHz","016",8.51,12.1
"179","V","AUS","1200kHz","017",288,271
"180","BL","AUS","1200kHz","017",32.9,44.4
"1811","V","AUS","1200kHz","019",257,259
"1821","BL","AUS","1200kHz","019",60.9,55.8
"183","V","AUS","1200kHz","020",1122,1150
"184","BL","AUS","1200kHz","020",194,195
"185","V","AUS","1200kHz","021",356,372
"186","BL","AUS","1200kHz","021",42.2,42.6
"187","V","AUS","1200kHz","022",493,474
"188","BL","AUS","1200kHz","022",41.9,48.5
"189","V","AUS","1200kHz","023",9.71,11.8
"190","BL","AUS","1200kHz","023",0.814,1.69
"1911","V","AUS","1200kHz","024",20.9,34.1
"1921","BL","AUS","1200kHz","024",4.43,6.43
"193","V","AUS","1200kHz","025",206,225
"194","BL","AUS","1200kHz","025",52.1,50.6
"195","V","AUS","1200kHz","026",341,378
"196","BL","AUS","1200kHz","026",90.8,122
"197","V","AUS","1200kHz","027",348,377
"198","BL","AUS","1200kHz","027",53.2,62.4
"199","V","AUS","1200kHz","028",288,336
"200","BL","AUS","1200kHz","028",42.4,54.7
"2011","V","AUS","1200kHz","029",43,52.5
"2021","BL","AUS","1200kHz","029",8.28,12.4
"203","V","AUS","1200kHz","030",191,207
"204","BL","AUS","1200kHz","030",35.4,32.2
"205","V","AUS","1200kHz","031",645,797
"206","BL","AUS","1200kHz","031",80.3,105
"207","V","AUS","1200kHz","033",161,168
"208","BL","AUS","1200kHz","033",30.7,39.1
"209","V","AUS","1200kHz","034",1438,1405
"210","BL","AUS","1200kHz","034",216,223
"2111","V","AUS","1200kHz","035",6.57,2.9
"2121","BL","AUS","1200kHz","035",2.19,0
"213","V","AUS","1200kHz","036",10.8,14.7
"214","BL","AUS","1200kHz","036",2.6,3.45
"215","V","AUS","1200kHz","038",299,355
"216","BL","AUS","1200kHz","038",67.8,66.8
"217","V","AUS","1200kHz","039",1520,1724
"218","BL","AUS","1200kHz","039",120,144
"219","V","AUS","1200kHz","040",340,351
"220","BL","AUS","1200kHz","040",57.2,84.4
"2211","V","AUS","1200kHz","041",219,224
"2221","BL","AUS","1200kHz","041",58.1,64
"2411","V","BEoff","0600kHz","001",12010,13479
"2421","BL","BEoff","0600kHz","001",2584,2637
"243","V","BEoff","0600kHz","002",6915,7116
"244","BL","BEoff","0600kHz","002",1141,1194
"245","V","BEoff","0600kHz","004",5129,5468
"246","BL","BEoff","0600kHz","004",1464,1489
"247","V","BEoff","0600kHz","006",4663,4267
"248","BL","BEoff","0600kHz","006",1124,1133
"249","V","BEoff","0600kHz","007",5366,5438
"250","BL","BEoff","0600kHz","007",1018,1049
"2511","V","BEoff","0600kHz","008",8346,8117
"2521","BL","BEoff","0600kHz","008",2238,2198
"253","V","BEoff","0600kHz","009",6651,6828
"254","BL","BEoff","0600kHz","009",1675,1669
"255","V","BEoff","0600kHz","010",5827,5912
"256","BL","BEoff","0600kHz","010",1633,1734
"257","V","BEoff","0600kHz","011",3075,2906
"258","BL","BEoff","0600kHz","011",1435,1461
"259","V","BEoff","1200kHz","001",12124,13479
"260","BL","BEoff","1200kHz","001",2414,2637
"2611","V","BEoff","1200kHz","002",6701,7116
"2621","BL","BEoff","1200kHz","002",1108,1194
"263","V","BEoff","1200kHz","004",5793,5468
"264","BL","BEoff","1200kHz","004",1480,1489
"265","V","BEoff","1200kHz","006",4227,4267
"266","BL","BEoff","1200kHz","006",1101,1133
"267","V","BEoff","1200kHz","007",5609,5438
"268","BL","BEoff","1200kHz","007",1021,1049
"269","V","BEoff","1200kHz","008",8450,8117
"270","BL","BEoff","1200kHz","008",2196,2198
"2711","V","BEoff","1200kHz","009",6055,6828
"2721","BL","BEoff","1200kHz","009",1662,1669
"273","V","BEoff","1200kHz","010",6028,5912
"274","BL","BEoff","1200kHz","010",1630,1734
"275","V","BEoff","1200kHz","011",3198,2906
"276","BL","BEoff","1200kHz","011",1474,1461
"305","V","BEon","0600kHz","001",4906,4673
"306","BL","BEon","0600kHz","001",239,240
"307","V","BEon","0600kHz","002",5262,5442
"308","BL","BEon","0600kHz","002",167,180
"309","V","BEon","0600kHz","003",3415,4290
"310","BL","BEon","0600kHz","003",387,409
"3111","V","BEon","0600kHz","004",7072,7697
"3121","BL","BEon","0600kHz","004",291,267
"3131","V","BEon","0600kHz","005",2893,3891
"3141","BL","BEon","0600kHz","005",194,157
"3151","V","BEon","0600kHz","006",2346,2070
"316","BL","BEon","0600kHz","006",158,178
"317","V","BEon","0600kHz","007",33.7,31.3
"318","BL","BEon","0600kHz","007",8.07,11.6
"319","V","BEon","0600kHz","008",118,175
"320","BL","BEon","0600kHz","008",35.1,46.3
"3211","V","BEon","0600kHz","009",2288,2355
"3221","BL","BEon","0600kHz","009",152,140
"3231","V","BEon","0600kHz","010",5554,5125
"3241","BL","BEon","0600kHz","010",201,175
"3251","V","BEon","0600kHz","011",94.4,76.3
"326","BL","BEon","0600kHz","011",47.5,37.5
"327","V","BEon","0600kHz","012",3064,3011
"328","BL","BEon","0600kHz","012",93.5,97.2
"329","V","BEon","0600kHz","013",1265,1253
"330","BL","BEon","0600kHz","013",137,140
"3311","V","BEon","0600kHz","014",299,292
"3321","BL","BEon","0600kHz","014",60.9,77.9
"3331","V","BEon","1200kHz","001",4681,4673
"3341","BL","BEon","1200kHz","001",209,240
"3351","V","BEon","1200kHz","002",5144,5442
"336","BL","BEon","1200kHz","002",172,180
"337","V","BEon","1200kHz","003",4453,4290
"338","BL","BEon","1200kHz","003",353,409
"339","V","BEon","1200kHz","004",5918,7697
"340","BL","BEon","1200kHz","004",225,267
"3411","V","BEon","1200kHz","005",3214,3891
"3421","BL","BEon","1200kHz","005",145,157
"3431","V","BEon","1200kHz","006",2906,2070
"3441","BL","BEon","1200kHz","006",118,178
"3451","V","BEon","1200kHz","007",27.8,31.3
"3461","BL","BEon","1200kHz","007",6.79,11.6
"347","V","BEon","1200kHz","008",134,175
"348","BL","BEon","1200kHz","008",40.3,46.3
"349","V","BEon","1200kHz","009",2337,2355
"350","BL","BEon","1200kHz","009",151,140
"3511","V","BEon","1200kHz","010",4395,5125
"3521","BL","BEon","1200kHz","010",223,175
"3531","V","BEon","1200kHz","011",100,76.3
"3541","BL","BEon","1200kHz","011",44.8,37.5
"3551","V","BEon","1200kHz","012",2902,3011
"3561","BL","BEon","1200kHz","012",87.7,97.2
"357","V","BEon","1200kHz","013",1145,1253
"358","BL","BEon","1200kHz","013",119,140
"359","V","BEon","1200kHz","014",301,292
"360","BL","BEon","1200kHz","014",70.5,77.9
"387","V","GAB","0600kHz","001",1765,1904
"388","BL","GAB","0600kHz","001",170,127
"389","V","GAB","0600kHz","002",1763,1848
"390","BL","GAB","0600kHz","002",134,181
"3911","V","GAB","0600kHz","003",2098,2026
"3921","BL","GAB","0600kHz","003",166,208
"3931","V","GAB","0600kHz","004",1070,1203
"3941","BL","GAB","0600kHz","004",97.8,107
"3951","V","GAB","0600kHz","006",6058,5790
"396","BL","GAB","0600kHz","006",470,471
"397","V","GAB","0600kHz","007",1462,1437
"398","BL","GAB","0600kHz","007",126,108
"399","V","GAB","0600kHz","008",1203,1220
"400","BL","GAB","0600kHz","008",146,161
"4011","V","GAB","0600kHz","009",388,454
"4021","BL","GAB","0600kHz","009",74.4,90.6
"4031","V","GAB","0600kHz","010",68.2,82.8
"4041","BL","GAB","0600kHz","010",16.4,16.2
"4051","V","GAB","0600kHz","011",118,120
"4061","BL","GAB","0600kHz","011",53.3,53.6
"407","V","GAB","0600kHz","012",35.7,28.1
"408","BL","GAB","0600kHz","012",1.12,2.74
"409","V","GAB","0600kHz","013",312,251
"410","BL","GAB","0600kHz","013",127,139
"4111","V","GAB","0600kHz","014",65,72.8
"4121","BL","GAB","0600kHz","014",42.5,34.2
"4131","V","GAB","1200kHz","001",2007,1904
"4141","BL","GAB","1200kHz","001",130,127
"4151","V","GAB","1200kHz","002",1666,1848
"4161","BL","GAB","1200kHz","002",131,181
"417","V","GAB","1200kHz","003",1884,2026
"418","BL","GAB","1200kHz","003",175,208
"419","V","GAB","1200kHz","004",1144,1203
"420","BL","GAB","1200kHz","004",88,107
"4211","V","GAB","1200kHz","006",5417,5790
"4221","BL","GAB","1200kHz","006",448,471
"4231","V","GAB","1200kHz","007",1362,1437
"4241","BL","GAB","1200kHz","007",131,108
"4251","V","GAB","1200kHz","008",1137,1220
"4261","BL","GAB","1200kHz","008",145,161
"427","V","GAB","1200kHz","009",418,454
"428","BL","GAB","1200kHz","009",84.8,90.6
"429","V","GAB","1200kHz","010",71,82.8
"430","BL","GAB","1200kHz","010",13.3,16.2
"4311","V","GAB","1200kHz","011",105,120
"4321","BL","GAB","1200kHz","011",46.1,53.6
"4331","V","GAB","1200kHz","012",31.3,28.1
"4341","BL","GAB","1200kHz","012",2.01,2.74
"4351","V","GAB","1200kHz","013",298,251
"4361","BL","GAB","1200kHz","013",135,139
"4371","V","GAB","1200kHz","014",87.9,72.8
"438","BL","GAB","1200kHz","014",34.7,34.2
