"sample_id_fastq","barcoding_id","sample_id","sampling_id","taxonomy","sample_type","sample_type_2","sample_type_3","zone","spot_name","region","region_season","season","body_mass","size_class","sex_state","gut_fullness","standard_length"
"I-B019-B","I_B019_B","I_B019","I08","Turf_rock","Turf","Turf_rock","Turf","Sdot_Yam","Sdot_Yam","Levantine_Sea","Levantine_Sea_Spring","Spring",NA,"no_data",NA,NA,NA
"I-B020-B","I_B020_B","I_B020","I08","Turf_rock","Turf","Turf_rock","Turf","Sdot_Yam","Sdot_Yam","Levantine_Sea","Levantine_Sea_Spring","Spring",NA,"no_data",NA,NA,NA
"I-B073-B","I_B073_B","I_B073","I56","Sediment","Sediment","Sediment","Sediment","Sdot_Yam","Sdot_Yam","Levantine_Sea","Levantine_Sea_Autumn","Autumn",NA,"no_data",NA,NA,NA
"I-B074-B","I_B074_B","I_B074","I56","Sediment","Sediment","Sediment","Sediment","Sdot_Yam","Sdot_Yam","Levantine_Sea","Levantine_Sea_Autumn","Autumn",NA,"no_data",NA,NA,NA
"I-B075-B","I_B075_B","I_B075","I58","Sediment","Sediment","Sediment","Sediment","Mikhmoret","Mikhmoret","Levantine_Sea","Levantine_Sea_Autumn","Autumn",NA,"no_data",NA,NA,NA
"I-B077-B","I_B077_B","I_B077","I58","Sediment","Sediment","Sediment","Sediment","Mikhmoret","Mikhmoret","Levantine_Sea","Levantine_Sea_Autumn","Autumn",NA,"no_data",NA,NA,NA
"I-B079-B","I_B079_B","I_B079","I59","Sediment","Sediment","Sediment","Sediment","Sdot_Yam","Sdot_Yam","Levantine_Sea","Levantine_Sea_Autumn","Autumn",NA,"no_data",NA,NA,NA
"I-B080-B","I_B080_B","I_B080","I59","Sediment","Sediment","Sediment","Sediment","Sdot_Yam","Sdot_Yam","Levantine_Sea","Levantine_Sea_Autumn","Autumn",NA,"no_data",NA,NA,NA
"I-F039-B","I_F039_B","I_F039","I09","Siganus_rivulatus","Fish","Siganus_rivulatus","Siganus_rivulatus","Sdot_Yam","Sdot_Yam","Levantine_Sea","Levantine_Sea_Spring","Spring",67,"[100,200]","F","full",147
"I-F040-B","I_F040_B","I_F040","I09","Siganus_rivulatus","Fish","Siganus_rivulatus","Siganus_rivulatus","Sdot_Yam","Sdot_Yam","Levantine_Sea","Levantine_Sea_Spring","Spring",203,"[100,200]","M","only_intestine",192
"I-F041-B","I_F041_B","I_F041","I09","Siganus_rivulatus","Fish","Siganus_rivulatus","Siganus_rivulatus","Sdot_Yam","Sdot_Yam","Levantine_Sea","Levantine_Sea_Spring","Spring",67,"[100,200]","M","only_intestine",140
"I-F043-B","I_F043_B","I_F043","I09","Siganus_rivulatus","Fish","Siganus_rivulatus","Siganus_rivulatus","Sdot_Yam","Sdot_Yam","Levantine_Sea","Levantine_Sea_Spring","Spring",98,"[100,200]","F","two_third_full",163
"I-F046-B","I_F046_B","I_F046","I09","Siganus_rivulatus","Fish","Siganus_rivulatus","Siganus_rivulatus","Sdot_Yam","Sdot_Yam","Levantine_Sea","Levantine_Sea_Spring","Spring",88,"[100,200]","M","full",165
"I-F047-B","I_F047_B","I_F047","I09","Siganus_rivulatus","Fish","Siganus_rivulatus","Siganus_rivulatus","Sdot_Yam","Sdot_Yam","Levantine_Sea","Levantine_Sea_Spring","Spring",71,"[100,200]","M","full",157
"I-F049-B","I_F049_B","I_F049","I09","Siganus_rivulatus","Fish","Siganus_rivulatus","Siganus_rivulatus","Sdot_Yam","Sdot_Yam","Levantine_Sea","Levantine_Sea_Spring","Spring",88,"[100,200]","F","full",155
"I-F053-B","I_F053_B","I_F053","I12","Siganus_rivulatus","Fish","Siganus_rivulatus","Siganus_rivulatus","Mikhmoret","Mikhmoret","Levantine_Sea","Levantine_Sea_Spring","Spring",70,"[100,200]","M","full",155
"I-F054-B","I_F054_B","I_F054","I12","Siganus_rivulatus","Fish","Siganus_rivulatus","Siganus_rivulatus","Mikhmoret","Mikhmoret","Levantine_Sea","Levantine_Sea_Spring","Spring",78,"[100,200]","F","full",155
"I-F055-B","I_F055_B","I_F055","I12","Siganus_rivulatus","Fish","Siganus_rivulatus","Siganus_rivulatus","Mikhmoret","Mikhmoret","Levantine_Sea","Levantine_Sea_Spring","Spring",36,"[100,200]","M","full",118
"I-F056-B","I_F056_B","I_F056","I12","Siganus_rivulatus","Fish","Siganus_rivulatus","Siganus_rivulatus","Mikhmoret","Mikhmoret","Levantine_Sea","Levantine_Sea_Spring","Spring",73,"[100,200]","M","full",156
"I-F057-B","I_F057_B","I_F057","I12","Siganus_rivulatus","Fish","Siganus_rivulatus","Siganus_rivulatus","Mikhmoret","Mikhmoret","Levantine_Sea","Levantine_Sea_Spring","Spring",78,"[100,200]","M","full",153
"I-F058-B","I_F058_B","I_F058","I12","Siganus_rivulatus","Fish","Siganus_rivulatus","Siganus_rivulatus","Mikhmoret","Mikhmoret","Levantine_Sea","Levantine_Sea_Spring","Spring",123,"[100,200]","F","full",178
"I-F059-B","I_F059_B","I_F059","I12","Siganus_rivulatus","Fish","Siganus_rivulatus","Siganus_rivulatus","Mikhmoret","Mikhmoret","Levantine_Sea","Levantine_Sea_Spring","Spring",58,"[100,200]","F_doubt","full",121
"I-F060-B","I_F060_B","I_F060","I12","Siganus_rivulatus","Fish","Siganus_rivulatus","Siganus_rivulatus","Mikhmoret","Mikhmoret","Levantine_Sea","Levantine_Sea_Spring","Spring",130,"[100,200]","F","full",177
"I-F061-B","I_F061_B","I_F061","I12","Siganus_rivulatus","Fish","Siganus_rivulatus","Siganus_rivulatus","Mikhmoret","Mikhmoret","Levantine_Sea","Levantine_Sea_Spring","Spring",116,"[100,200]","M","full",173
"I-F062-B","I_F062_B","I_F062","I12","Siganus_rivulatus","Fish","Siganus_rivulatus","Siganus_rivulatus","Mikhmoret","Mikhmoret","Levantine_Sea","Levantine_Sea_Spring","Spring",50,"[100,200]","M","full",135
"I-F063-B","I_F063_B","I_F063","I12","Siganus_rivulatus","Fish","Siganus_rivulatus","Siganus_rivulatus","Mikhmoret","Mikhmoret","Levantine_Sea","Levantine_Sea_Spring","Spring",56,"[100,200]","M","full",137
"I-F064-B","I_F064_B","I_F064","I12","Siganus_rivulatus","Fish","Siganus_rivulatus","Siganus_rivulatus","Mikhmoret","Mikhmoret","Levantine_Sea","Levantine_Sea_Spring","Spring",48,"[100,200]","M","full",130
"I-F065-B","I_F065_B","I_F065","I12","Siganus_rivulatus","Fish","Siganus_rivulatus","Siganus_rivulatus","Mikhmoret","Mikhmoret","Levantine_Sea","Levantine_Sea_Spring","Spring",54,"[100,200]","M","full",137
"I-F066-B","I_F066_B","I_F066","I12","Siganus_rivulatus","Fish","Siganus_rivulatus","Siganus_rivulatus","Mikhmoret","Mikhmoret","Levantine_Sea","Levantine_Sea_Spring","Spring",107,"[100,200]","F","full",172
"I-F067-B","I_F067_B","I_F067","I12","Siganus_rivulatus","Fish","Siganus_rivulatus","Siganus_rivulatus","Mikhmoret","Mikhmoret","Levantine_Sea","Levantine_Sea_Spring","Spring",51,"[100,200]","M","full",143
"I-F068-B","I_F068_B","I_F068","I12","Siganus_rivulatus","Fish","Siganus_rivulatus","Siganus_rivulatus","Mikhmoret","Mikhmoret","Levantine_Sea","Levantine_Sea_Spring","Spring",67,"[100,200]","M","full",147
"I-F375-B","I_F375_B","I_F375","I55","Siganus_rivulatus","Fish","Siganus_rivulatus","Siganus_rivulatus","Sdot_Yam","Sdot_Yam","Levantine_Sea","Levantine_Sea_Autumn","Autumn",31,"[100,200]",NA,"full",105
"I-F376-B","I_F376_B","I_F376","I55","Siganus_rivulatus","Fish","Siganus_rivulatus","Siganus_rivulatus","Sdot_Yam","Sdot_Yam","Levantine_Sea","Levantine_Sea_Autumn","Autumn",27,"[100,200]",NA,"full",107
"I-F377-B","I_F377_B","I_F377","I55","Siganus_rivulatus","Fish","Siganus_rivulatus","Siganus_rivulatus","Sdot_Yam","Sdot_Yam","Levantine_Sea","Levantine_Sea_Autumn","Autumn",62,"[100,200]",NA,"full",142
"I-F378-B","I_F378_B","I_F378","I55","Siganus_rivulatus","Fish","Siganus_rivulatus","Siganus_rivulatus","Sdot_Yam","Sdot_Yam","Levantine_Sea","Levantine_Sea_Autumn","Autumn",75,"[100,200]",NA,"full",154
"I-F379-B","I_F379_B","I_F379","I55","Siganus_rivulatus","Fish","Siganus_rivulatus","Siganus_rivulatus","Sdot_Yam","Sdot_Yam","Levantine_Sea","Levantine_Sea_Autumn","Autumn",47,"[100,200]",NA,"half_full",134
"I-F381-B","I_F381_B","I_F381","I55","Siganus_rivulatus","Fish","Siganus_rivulatus","Siganus_rivulatus","Sdot_Yam","Sdot_Yam","Levantine_Sea","Levantine_Sea_Autumn","Autumn",40,"[100,200]",NA,"half_full",124
"I-F382-B","I_F382_B","I_F382","I55","Siganus_rivulatus","Fish","Siganus_rivulatus","Siganus_rivulatus","Sdot_Yam","Sdot_Yam","Levantine_Sea","Levantine_Sea_Autumn","Autumn",20,"[100,200]",NA,"two_third_full",112
"I-F384-B","I_F384_B","I_F384","I55","Siganus_rivulatus","Fish","Siganus_rivulatus","Siganus_rivulatus","Sdot_Yam","Sdot_Yam","Levantine_Sea","Levantine_Sea_Autumn","Autumn",22,"[100,200]",NA,"half_full",115
"I-F389-B","I_F389_B","I_F389","I55","Siganus_rivulatus","Fish","Siganus_rivulatus","Siganus_rivulatus","Sdot_Yam","Sdot_Yam","Levantine_Sea","Levantine_Sea_Autumn","Autumn",56,"[100,200]",NA,"half_full",141
"I-F395-B","I_F395_B","I_F395","I57","Siganus_rivulatus","Fish","Siganus_rivulatus","Siganus_rivulatus","Mikhmoret","Mikhmoret","Levantine_Sea","Levantine_Sea_Autumn","Autumn",31,"[100,200]",NA,"two_third_full",111
"I-F399-B","I_F399_B","I_F399","I57","Siganus_rivulatus","Fish","Siganus_rivulatus","Siganus_rivulatus","Mikhmoret","Mikhmoret","Levantine_Sea","Levantine_Sea_Autumn","Autumn",89,"[100,200]",NA,"full",161
"I-F401-B","I_F401_B","I_F401","I57","Siganus_rivulatus","Fish","Siganus_rivulatus","Siganus_rivulatus","Mikhmoret","Mikhmoret","Levantine_Sea","Levantine_Sea_Autumn","Autumn",60,"[100,200]",NA,"full",144
"I-F403-B","I_F403_B","I_F403","I57","Siganus_rivulatus","Fish","Siganus_rivulatus","Siganus_rivulatus","Mikhmoret","Mikhmoret","Levantine_Sea","Levantine_Sea_Autumn","Autumn",43,"[100,200]",NA,"three_quarter_full",121
"I-F406-B","I_F406_B","I_F406","I57","Siganus_rivulatus","Fish","Siganus_rivulatus","Siganus_rivulatus","Mikhmoret","Mikhmoret","Levantine_Sea","Levantine_Sea_Autumn","Autumn",45,"[100,200]",NA,"two_third_full",128
"I-F407-B","I_F407_B","I_F407","I57","Siganus_rivulatus","Fish","Siganus_rivulatus","Siganus_rivulatus","Mikhmoret","Mikhmoret","Levantine_Sea","Levantine_Sea_Autumn","Autumn",34,"[100,200]",NA,"half_full",118
"I-F408-B","I_F408_B","I_F408","I57","Siganus_rivulatus","Fish","Siganus_rivulatus","Siganus_rivulatus","Mikhmoret","Mikhmoret","Levantine_Sea","Levantine_Sea_Autumn","Autumn",52,"[100,200]",NA,"two_third_full",129
"I-F409-B","I_F409_B","I_F409","I57","Siganus_rivulatus","Fish","Siganus_rivulatus","Siganus_rivulatus","Mikhmoret","Mikhmoret","Levantine_Sea","Levantine_Sea_Autumn","Autumn",44,"[100,200]",NA,"two_third_full",129
"I-M009-B","I_M009_B","I_M009","I09","Padina_pavonica","Algae","Brown_algae","Algae","Sdot_Yam","Sdot_Yam","Levantine_Sea","Levantine_Sea_Spring","Spring",NA,"no_data",NA,NA,NA
"I-M010-B","I_M010_B","I_M010","I10","Red_algae","Algae","Red_algae","Algae","Sdot_Yam","Sdot_Yam","Levantine_Sea","Levantine_Sea_Spring","Spring",NA,"no_data",NA,NA,NA
"I-M011-B","I_M011_B","I_M011","I10","Brown_algae","Algae","Brown_algae","Algae","Sdot_Yam","Sdot_Yam","Levantine_Sea","Levantine_Sea_Spring","Spring",NA,"no_data",NA,NA,NA
"I-M012-B","I_M012_B","I_M012","I10","Brown_algae","Algae","Brown_algae","Algae","Sdot_Yam","Sdot_Yam","Levantine_Sea","Levantine_Sea_Spring","Spring",NA,"no_data",NA,NA,NA
"I-M013-B","I_M013_B","I_M013","I10","Padina_pavonica","Algae","Brown_algae","Algae","Sdot_Yam","Sdot_Yam","Levantine_Sea","Levantine_Sea_Spring","Spring",NA,"no_data",NA,NA,NA
"I-M014-B","I_M014_B","I_M014","I10","Laurencia_obtusa","Algae","Red_algae","Algae","Sdot_Yam","Sdot_Yam","Levantine_Sea","Levantine_Sea_Spring","Spring",NA,"no_data",NA,NA,NA
"I-M015-B","I_M015_B","I_M015","I10","Laurencia_obtusa","Algae","Red_algae","Algae","Sdot_Yam","Sdot_Yam","Levantine_Sea","Levantine_Sea_Spring","Spring",NA,"no_data",NA,NA,NA
"I-M016-B","I_M016_B","I_M016","I10","Laurencia_obtusa","Algae","Red_algae","Algae","Sdot_Yam","Sdot_Yam","Levantine_Sea","Levantine_Sea_Spring","Spring",NA,"no_data",NA,NA,NA
"I-M017-B","I_M017_B","I_M017","I10","Padina_pavonica","Algae","Brown_algae","Algae","Sdot_Yam","Sdot_Yam","Levantine_Sea","Levantine_Sea_Spring","Spring",NA,"no_data",NA,NA,NA
"I-M018-B","I_M018_B","I_M018","I11","Red_algae","Algae","Red_algae","Algae","Mikhmoret","Mikhmoret","Levantine_Sea","Levantine_Sea_Spring","Spring",NA,"no_data",NA,NA,NA
"I-M020-B","I_M020_B","I_M020","I11","Turf_mat","Turf","Turf_mat","Turf","Mikhmoret","Mikhmoret","Levantine_Sea","Levantine_Sea_Spring","Spring",NA,"no_data",NA,NA,NA
"I-M022-B","I_M022_B","I_M022","I11","Turf_mat","Turf","Turf_mat","Turf","Mikhmoret","Mikhmoret","Levantine_Sea","Levantine_Sea_Spring","Spring",NA,"no_data",NA,NA,NA
"I-M024-B","I_M024_B","I_M024","I11","Red_algae","Algae","Red_algae","Algae","Mikhmoret","Mikhmoret","Levantine_Sea","Levantine_Sea_Spring","Spring",NA,"no_data",NA,NA,NA
"I-M133-B","I_M133_B","I_M133","I56","Turf_rock","Turf","Turf_rock","Turf","Sdot_Yam","Sdot_Yam","Levantine_Sea","Levantine_Sea_Autumn","Autumn",NA,"no_data",NA,NA,NA
"I-M134-B","I_M134_B","I_M134","I56","Turf_rock","Turf","Turf_rock","Turf","Sdot_Yam","Sdot_Yam","Levantine_Sea","Levantine_Sea_Autumn","Autumn",NA,"no_data",NA,NA,NA
"I-M135-B","I_M135_B","I_M135","I56","Turf_mat","Turf","Turf_mat","Turf","Sdot_Yam","Sdot_Yam","Levantine_Sea","Levantine_Sea_Autumn","Autumn",NA,"no_data",NA,NA,NA
"I-M136-B","I_M136_B","I_M136","I56","Turf_mat","Turf","Turf_mat","Turf","Sdot_Yam","Sdot_Yam","Levantine_Sea","Levantine_Sea_Autumn","Autumn",NA,"no_data",NA,NA,NA
"I-M137-B","I_M137_B","I_M137","I56","Turf_mat","Turf","Turf_mat","Turf","Sdot_Yam","Sdot_Yam","Levantine_Sea","Levantine_Sea_Autumn","Autumn",NA,"no_data",NA,NA,NA
"I-M138-B","I_M138_B","I_M138","I56","Turf_mat","Turf","Turf_mat","Turf","Sdot_Yam","Sdot_Yam","Levantine_Sea","Levantine_Sea_Autumn","Autumn",NA,"no_data",NA,NA,NA
"I-M139-B","I_M139_B","I_M139","I59","Turf_mat","Turf","Turf_mat","Turf","Sdot_Yam","Sdot_Yam","Levantine_Sea","Levantine_Sea_Autumn","Autumn",NA,"no_data",NA,NA,NA
"I-M141-B","I_M141_B","I_M141","I59","Turf_rock","Turf","Turf_rock","Turf","Sdot_Yam","Sdot_Yam","Levantine_Sea","Levantine_Sea_Autumn","Autumn",NA,"no_data",NA,NA,NA
"I-M142-B","I_M142_B","I_M142","I59","Green_algae","Algae","Green_algae","Algae","Sdot_Yam","Sdot_Yam","Levantine_Sea","Levantine_Sea_Autumn","Autumn",NA,"no_data",NA,NA,NA
"I-W106-B","I_W106_B","I_W106","I56","Water","Water","Water","Water","Sdot_Yam","Sdot_Yam","Levantine_Sea","Levantine_Sea_Autumn","Autumn",NA,"no_data",NA,NA,NA
"I-W107-B","I_W107_B","I_W107","I56","Water","Water","Water","Water","Sdot_Yam","Sdot_Yam","Levantine_Sea","Levantine_Sea_Autumn","Autumn",NA,"no_data",NA,NA,NA
"I-W108-B","I_W108_B","I_W108","I56","Water","Water","Water","Water","Sdot_Yam","Sdot_Yam","Levantine_Sea","Levantine_Sea_Autumn","Autumn",NA,"no_data",NA,NA,NA
"I-W112-B","I_W112_B","I_W112","I58","Water","Water","Water","Water","Mikhmoret","Mikhmoret","Levantine_Sea","Levantine_Sea_Autumn","Autumn",NA,"no_data",NA,NA,NA
"I-W114-B","I_W114_B","I_W114","I58","Water","Water","Water","Water","Mikhmoret","Mikhmoret","Levantine_Sea","Levantine_Sea_Autumn","Autumn",NA,"no_data",NA,NA,NA
"I-W118-B","I_W118_B","I_W118","I59","Water","Water","Water","Water","Sdot_Yam","Sdot_Yam","Levantine_Sea","Levantine_Sea_Autumn","Autumn",NA,"no_data",NA,NA,NA
"I-W119-B","I_W119_B","I_W119","I59","Water","Water","Water","Water","Sdot_Yam","Sdot_Yam","Levantine_Sea","Levantine_Sea_Autumn","Autumn",NA,"no_data",NA,NA,NA
"I-W120-B","I_W120_B","I_W120","I59","Water","Water","Water","Water","Sdot_Yam","Sdot_Yam","Levantine_Sea","Levantine_Sea_Autumn","Autumn",NA,"no_data",NA,NA,NA
"R-B002-B","R_B002_B","R_B002","R01","Sediment","Sediment","Sediment","Sediment","North_beach","Eilat_north_beach","North_Red_Sea","North_Red_Sea_Spring","Spring",NA,"no_data",NA,NA,NA
"R-B003-B","R_B003_B","R_B003","R01","Sediment","Sediment","Sediment","Sediment","North_beach","Eilat_north_beach","North_Red_Sea","North_Red_Sea_Spring","Spring",NA,"no_data",NA,NA,NA
"R-B005-B","R_B005_B","R_B005","R02","Turf_rock","Turf","Turf_rock","Turf","Coral_reef","Eilat_south_beach","North_Red_Sea","North_Red_Sea_Spring","Spring",NA,"no_data",NA,NA,NA
"R-B006-B","R_B006_B","R_B006","R02","Turf_rock","Turf","Turf_rock","Turf","Coral_reef","Eilat_south_beach","North_Red_Sea","North_Red_Sea_Spring","Spring",NA,"no_data",NA,NA,NA
"R-B007-B","R_B007_B","R_B007","R03","Sediment","Sediment","Sediment","Sediment","Coral_reef","Eilat_IUI","North_Red_Sea","North_Red_Sea_Spring","Spring",NA,"no_data",NA,NA,NA
"R-B008-B","R_B008_B","R_B008","R03","Sediment","Sediment","Sediment","Sediment","Coral_reef","Eilat_IUI","North_Red_Sea","North_Red_Sea_Spring","Spring",NA,"no_data",NA,NA,NA
"R-B009-B","R_B009_B","R_B009","R03","Sediment","Sediment","Sediment","Sediment","Coral_reef","Eilat_IUI","North_Red_Sea","North_Red_Sea_Spring","Spring",NA,"no_data",NA,NA,NA
"R-B010-B","R_B010_B","R_B010","R03","Turf_rock","Turf","Turf_rock","Turf","Coral_reef","Eilat_IUI","North_Red_Sea","North_Red_Sea_Spring","Spring",NA,"no_data",NA,NA,NA
"R-B011-B","R_B011_B","R_B011","R03","Turf_rock","Turf","Turf_rock","Turf","Coral_reef","Eilat_IUI","North_Red_Sea","North_Red_Sea_Spring","Spring",NA,"no_data",NA,NA,NA
"R-B012-B","R_B012_B","R_B012","R03","Turf_rock","Turf","Turf_rock","Turf","Coral_reef","Eilat_IUI","North_Red_Sea","North_Red_Sea_Spring","Spring",NA,"no_data",NA,NA,NA
"R-B014-B","R_B014_B","R_B014","R04","Sediment","Sediment","Sediment","Sediment","North_beach","Eilat_north_beach","North_Red_Sea","North_Red_Sea_Spring","Spring",NA,"no_data",NA,NA,NA
"R-B015-B","R_B015_B","R_B015","R04","Sediment","Sediment","Sediment","Sediment","North_beach","Eilat_north_beach","North_Red_Sea","North_Red_Sea_Spring","Spring",NA,"no_data",NA,NA,NA
"R-B016-B","R_B016_B","R_B016","R05","Turf_rock","Turf","Turf_rock","Turf","Coral_reef","Eilat_IUI","North_Red_Sea","North_Red_Sea_Spring","Spring",NA,"no_data",NA,NA,NA
"R-B017-B","R_B017_B","R_B017","R05","Turf_rock","Turf","Turf_rock","Turf","Coral_reef","Eilat_IUI","North_Red_Sea","North_Red_Sea_Spring","Spring",NA,"no_data",NA,NA,NA
"R-B018-B","R_B018_B","R_B018","R05","Turf_rock","Turf","Turf_rock","Turf","Coral_reef","Eilat_IUI","North_Red_Sea","North_Red_Sea_Spring","Spring",NA,"no_data",NA,NA,NA
"R-F001-B","R_F001_B","R_F001","R01","Siganus_rivulatus","Fish","Siganus_rivulatus","Siganus_rivulatus","North_beach","Eilat_north_beach","North_Red_Sea","North_Red_Sea_Spring","Spring",203,"[100,200]","M","half_full",190
"R-F002-B","R_F002_B","R_F002","R01","Siganus_rivulatus","Fish","Siganus_rivulatus","Siganus_rivulatus","North_beach","Eilat_north_beach","North_Red_Sea","North_Red_Sea_Spring","Spring",234,"[100,200]","F","half_full",192
"R-F004-B","R_F004_B","R_F004","R01","Siganus_luridus","Fish","Siganus_luridus","Siganus_luridus","North_beach","Eilat_north_beach","North_Red_Sea","North_Red_Sea_Spring","Spring",440,"> 200","F","full",235
"R-F005-B","R_F005_B","R_F005","R01","Siganus_luridus","Fish","Siganus_luridus","Siganus_luridus","North_beach","Eilat_north_beach","North_Red_Sea","North_Red_Sea_Spring","Spring",295,"> 200","F","full",206
"R-F006-B","R_F006_B","R_F006","R01","Siganus_rivulatus","Fish","Siganus_rivulatus","Siganus_rivulatus","North_beach","Eilat_north_beach","North_Red_Sea","North_Red_Sea_Spring","Spring",281,"> 200","F","full",220
"R-F007-B","R_F007_B","R_F007","R01","Siganus_rivulatus","Fish","Siganus_rivulatus","Siganus_rivulatus","North_beach","Eilat_north_beach","North_Red_Sea","North_Red_Sea_Spring","Spring",142,"[100,200]","F","full",200
"R-F013-B","R_F013_B","R_F013","R03","Siganus_rivulatus","Fish","Siganus_rivulatus","Siganus_rivulatus","Coral_reef","Eilat_IUI","North_Red_Sea","North_Red_Sea_Spring","Spring",196,"> 200","F","full",205
"R-F014-B","R_F014_B","R_F014","R03","Siganus_rivulatus","Fish","Siganus_rivulatus","Siganus_rivulatus","Coral_reef","Eilat_IUI","North_Red_Sea","North_Red_Sea_Spring","Spring",168,"[100,200]","F","full",193
"R-F015-B","R_F015_B","R_F015","R03","Siganus_rivulatus","Fish","Siganus_rivulatus","Siganus_rivulatus","Coral_reef","Eilat_IUI","North_Red_Sea","North_Red_Sea_Spring","Spring",326,"> 200","F","full",245
"R-F016-B","R_F016_B","R_F016","R03","Siganus_rivulatus","Fish","Siganus_rivulatus","Siganus_rivulatus","Coral_reef","Eilat_IUI","North_Red_Sea","North_Red_Sea_Spring","Spring",200,"[100,200]","F","full",200
"R-F017-B","R_F017_B","R_F017","R03","Siganus_rivulatus","Fish","Siganus_rivulatus","Siganus_rivulatus","Coral_reef","Eilat_IUI","North_Red_Sea","North_Red_Sea_Spring","Spring",82,"[100,200]","immature","full",155
"R-F018-B","R_F018_B","R_F018","R03","Siganus_luridus","Fish","Siganus_luridus","Siganus_luridus","Coral_reef","Eilat_IUI","North_Red_Sea","North_Red_Sea_Spring","Spring",148,"[100,200]","F","full",182
"R-F019-B","R_F019_B","R_F019","R03","Siganus_luridus","Fish","Siganus_luridus","Siganus_luridus","Coral_reef","Eilat_IUI","North_Red_Sea","North_Red_Sea_Spring","Spring",142,"[100,200]","M","full",185
"R-F020-B","R_F020_B","R_F020","R03","Siganus_luridus","Fish","Siganus_luridus","Siganus_luridus","Coral_reef","Eilat_IUI","North_Red_Sea","North_Red_Sea_Spring","Spring",163,"[100,200]","F","full",199
"R-F021-B","R_F021_B","R_F021","R03","Siganus_rivulatus","Fish","Siganus_rivulatus","Siganus_rivulatus","Coral_reef","Eilat_IUI","North_Red_Sea","North_Red_Sea_Spring","Spring",272,"> 200","F",NA,240
"R-F024-B","R_F024_B","R_F024","R03","Siganus_luridus","Fish","Siganus_luridus","Siganus_luridus","Coral_reef","Eilat_IUI","North_Red_Sea","North_Red_Sea_Spring","Spring",125,"[100,200]","F",NA,178
"R-F025-B","R_F025_B","R_F025","R03","Siganus_luridus","Fish","Siganus_luridus","Siganus_luridus","Coral_reef","Eilat_IUI","North_Red_Sea","North_Red_Sea_Spring","Spring",173,"[100,200]","F",NA,200
"R-F029-B","R_F029_B","R_F029","R06","Siganus_rivulatus","Fish","Siganus_rivulatus","Siganus_rivulatus","North_beach","Eilat_north_beach","North_Red_Sea","North_Red_Sea_Spring","Spring",339,"> 200","F","full",245
"R-F030-B","R_F030_B","R_F030","R06","Siganus_rivulatus","Fish","Siganus_rivulatus","Siganus_rivulatus","North_beach","Eilat_north_beach","North_Red_Sea","North_Red_Sea_Spring","Spring",51,"[100,200]","immature","full",130
"R-F032-B","R_F032_B","R_F032","R06","Siganus_rivulatus","Fish","Siganus_rivulatus","Siganus_rivulatus","North_beach","Eilat_north_beach","North_Red_Sea","North_Red_Sea_Spring","Spring",41,"[100,200]","immature","only_intestine",123
"R-F033-B","R_F033_B","R_F033","R06","Siganus_rivulatus","Fish","Siganus_rivulatus","Siganus_rivulatus","North_beach","Eilat_north_beach","North_Red_Sea","North_Red_Sea_Spring","Spring",60,"[100,200]","immature","only_intestine",135
"R-F034-B","R_F034_B","R_F034","R06","Siganus_rivulatus","Fish","Siganus_rivulatus","Siganus_rivulatus","North_beach","Eilat_north_beach","North_Red_Sea","North_Red_Sea_Spring","Spring",33,"[100,200]","immature","only_intestine",120
"R-F035-B","R_F035_B","R_F035","R06","Siganus_rivulatus","Fish","Siganus_rivulatus","Siganus_rivulatus","North_beach","Eilat_north_beach","North_Red_Sea","North_Red_Sea_Spring","Spring",36,"[100,200]","immature","only_intestine",120
"R-F036-B","R_F036_B","R_F036","R06","Siganus_rivulatus","Fish","Siganus_rivulatus","Siganus_rivulatus","North_beach","Eilat_north_beach","North_Red_Sea","North_Red_Sea_Spring","Spring",22,"[100,200]","immature","only_intestine",102
"R-F334-B","R_F334_B","R_F334","R49","Siganus_rivulatus","Fish","Siganus_rivulatus","Siganus_rivulatus","Coral_reef","Eilat_IUI","North_Red_Sea","North_Red_Sea_Autumn","Autumn",154,"> 200",NA,"two_third_full",208
"R-F335-B","R_F335_B","R_F335","R49","Siganus_luridus","Fish","Siganus_luridus","Siganus_luridus","Coral_reef","Eilat_IUI","North_Red_Sea","North_Red_Sea_Autumn","Autumn",188,"[100,200]","female","three_quarter_full",197
"R-F336-B","R_F336_B","R_F336","R49","Siganus_rivulatus","Fish","Siganus_rivulatus","Siganus_rivulatus","Coral_reef","Eilat_IUI","North_Red_Sea","North_Red_Sea_Autumn","Autumn",190,"> 200",NA,"full",212
"R-F337-B","R_F337_B","R_F337","R49","Siganus_luridus","Fish","Siganus_luridus","Siganus_luridus","Coral_reef","Eilat_IUI","North_Red_Sea","North_Red_Sea_Autumn","Autumn",210,"> 200","female","two_third_full",203
"R-F338-B","R_F338_B","R_F338","R49","Siganus_luridus","Fish","Siganus_luridus","Siganus_luridus","Coral_reef","Eilat_IUI","North_Red_Sea","North_Red_Sea_Autumn","Autumn",61,"[100,200]","female","half_full",155
"R-F339-B","R_F339_B","R_F339","R49","Siganus_rivulatus","Fish","Siganus_rivulatus","Siganus_rivulatus","Coral_reef","Eilat_IUI","North_Red_Sea","North_Red_Sea_Autumn","Autumn",115,"> 200",NA,"two_third_full",218
"R-F340-B","R_F340_B","R_F340","R49","Siganus_rivulatus","Fish","Siganus_rivulatus","Siganus_rivulatus","Coral_reef","Eilat_IUI","North_Red_Sea","North_Red_Sea_Autumn","Autumn",188,"> 200",NA,"half_full",216
"R-F341-B","R_F341_B","R_F341","R49","Siganus_rivulatus","Fish","Siganus_rivulatus","Siganus_rivulatus","Coral_reef","Eilat_IUI","North_Red_Sea","North_Red_Sea_Autumn","Autumn",76,"[100,200]",NA,"half_full",155
"R-F342-B","R_F342_B","R_F342","R49","Siganus_rivulatus","Fish","Siganus_rivulatus","Siganus_rivulatus","Coral_reef","Eilat_IUI","North_Red_Sea","North_Red_Sea_Autumn","Autumn",203,"> 200",NA,"half_full",235
"R-F343-B","R_F343_B","R_F343","R49","Siganus_rivulatus","Fish","Siganus_rivulatus","Siganus_rivulatus","Coral_reef","Eilat_IUI","North_Red_Sea","North_Red_Sea_Autumn","Autumn",176,"> 200",NA,"half_full",205
"R-F344-B","R_F344_B","R_F344","R49","Siganus_rivulatus","Fish","Siganus_rivulatus","Siganus_rivulatus","Coral_reef","Eilat_IUI","North_Red_Sea","North_Red_Sea_Autumn","Autumn",146,"[100,200]",NA,"half_full",179
"R-F345-B","R_F345_B","R_F345","R49","Siganus_rivulatus","Fish","Siganus_rivulatus","Siganus_rivulatus","Coral_reef","Eilat_IUI","North_Red_Sea","North_Red_Sea_Autumn","Autumn",75,"[100,200]",NA,"half_full",162
"R-F353-B","R_F353_B","R_F353","R51","Siganus_rivulatus","Fish","Siganus_rivulatus","Siganus_rivulatus","North_beach","Eilat_north_beach","North_Red_Sea","North_Red_Sea_Autumn","Autumn",127,"[100,200]",NA,"half_full",167
"R-F354-B","R_F354_B","R_F354","R51","Siganus_rivulatus","Fish","Siganus_rivulatus","Siganus_rivulatus","North_beach","Eilat_north_beach","North_Red_Sea","North_Red_Sea_Autumn","Autumn",45,"[100,200]",NA,"half_full",111
"R-F355-B","R_F355_B","R_F355","R51","Siganus_rivulatus","Fish","Siganus_rivulatus","Siganus_rivulatus","North_beach","Eilat_north_beach","North_Red_Sea","North_Red_Sea_Autumn","Autumn",82,"[100,200]",NA,"two_third_full",140
"R-F356-B","R_F356_B","R_F356","R51","Siganus_rivulatus","Fish","Siganus_rivulatus","Siganus_rivulatus","North_beach","Eilat_north_beach","North_Red_Sea","North_Red_Sea_Autumn","Autumn",159,"[100,200]",NA,"two_third_full",179
"R-F357-B","R_F357_B","R_F357","R51","Siganus_rivulatus","Fish","Siganus_rivulatus","Siganus_rivulatus","North_beach","Eilat_north_beach","North_Red_Sea","North_Red_Sea_Autumn","Autumn",55,"[100,200]",NA,"two_third_full",135
"R-F360-B","R_F360_B","R_F360","R51","Siganus_rivulatus","Fish","Siganus_rivulatus","Siganus_rivulatus","North_beach","Eilat_north_beach","North_Red_Sea","North_Red_Sea_Autumn","Autumn",55,"[100,200]",NA,"three_quarter_full",136
"R-F361-B","R_F361_B","R_F361","R51","Siganus_rivulatus","Fish","Siganus_rivulatus","Siganus_rivulatus","North_beach","Eilat_north_beach","North_Red_Sea","North_Red_Sea_Autumn","Autumn",50,"[100,200]",NA,"half_full",132
"R-M001-B","R_M001_B","R_M001","R02","Halophila_stipulacea","Seagrass","Seagrass_halophila","Seagrass","Coral_reef","Eilat_south_beach","North_Red_Sea","North_Red_Sea_Spring","Spring",NA,"no_data",NA,NA,NA
"R-M006-B","R_M006_B","R_M006","R04","Halophila_stipulacea","Seagrass","Seagrass_halophila","Seagrass","North_beach","Eilat_north_beach","North_Red_Sea","North_Red_Sea_Spring","Spring",NA,"no_data",NA,NA,NA
"R-M007-B","R_M007_B","R_M007","R04","Halophila_stipulacea","Seagrass","Seagrass_halophila","Seagrass","North_beach","Eilat_north_beach","North_Red_Sea","North_Red_Sea_Spring","Spring",NA,"no_data",NA,NA,NA
"R-W004-B","R_W004_B","R_W004","R01","Water","Water","Water","Water","North_beach","Eilat_north_beach","North_Red_Sea","North_Red_Sea_Spring","Spring",NA,"no_data",NA,NA,NA
"R-W005-B","R_W005_B","R_W005","R01","Water","Water","Water","Water","North_beach","Eilat_north_beach","North_Red_Sea","North_Red_Sea_Spring","Spring",NA,"no_data",NA,NA,NA
"R-W006-B","R_W006_B","R_W006","R01","Water","Water","Water","Water","North_beach","Eilat_north_beach","North_Red_Sea","North_Red_Sea_Spring","Spring",NA,"no_data",NA,NA,NA
"R-W010-B","R_W010_B","R_W010","R03","Water","Water","Water","Water","Coral_reef","Eilat_IUI","North_Red_Sea","North_Red_Sea_Spring","Spring",NA,"no_data",NA,NA,NA
"R-W011-B","R_W011_B","R_W011","R03","Water","Water","Water","Water","Coral_reef","Eilat_IUI","North_Red_Sea","North_Red_Sea_Spring","Spring",NA,"no_data",NA,NA,NA
"R-W012-B","R_W012_B","R_W012","R03","Water","Water","Water","Water","Coral_reef","Eilat_IUI","North_Red_Sea","North_Red_Sea_Spring","Spring",NA,"no_data",NA,NA,NA
"R-B060-B","R_B060_B","R_B060","R50","Sediment","Sediment","Sediment","Sediment","Coral_reef","Eilat_IUI","North_Red_Sea","North_Red_Sea_Autumn","Autumn",NA,"no_data",NA,NA,NA
"R-B061-B","R_B061_B","R_B061","R50","Sediment","Sediment","Sediment","Sediment","Coral_reef","Eilat_IUI","North_Red_Sea","North_Red_Sea_Autumn","Autumn",NA,"no_data",NA,NA,NA
"R-B062-B","R_B062_B","R_B062","R50","Sediment","Sediment","Sediment","Sediment","Coral_reef","Eilat_IUI","North_Red_Sea","North_Red_Sea_Autumn","Autumn",NA,"no_data",NA,NA,NA
"R-B066-B","R_B066_B","R_B066","R52","Sediment","Sediment","Sediment","Sediment","North_beach","Eilat_north_beach","North_Red_Sea","North_Red_Sea_Autumn","Autumn",NA,"no_data",NA,NA,NA
"R-B068-B","R_B068_B","R_B068","R52","Sediment","Sediment","Sediment","Sediment","North_beach","Eilat_north_beach","North_Red_Sea","North_Red_Sea_Autumn","Autumn",NA,"no_data",NA,NA,NA
"R-B070-B","R_B070_B","R_B070","R53","Sediment","Sediment","Sediment","Sediment","Coral_reef","Eilat_IUI","North_Red_Sea","North_Red_Sea_Autumn","Autumn",NA,"no_data",NA,NA,NA
"R-B071-B","R_B071_B","R_B071","R53","Sediment","Sediment","Sediment","Sediment","Coral_reef","Eilat_IUI","North_Red_Sea","North_Red_Sea_Autumn","Autumn",NA,"no_data",NA,NA,NA
"R-M122-B","R_M122_B","R_M122","R53","Turf_rock","Turf","Turf_rock","Turf","Coral_reef","Eilat_IUI","North_Red_Sea","North_Red_Sea_Autumn","Autumn",NA,"no_data",NA,NA,NA
"R-M123-B","R_M123_B","R_M123","R53","Turf_rock","Turf","Turf_rock","Turf","Coral_reef","Eilat_IUI","North_Red_Sea","North_Red_Sea_Autumn","Autumn",NA,"no_data",NA,NA,NA
"R-M124-B","R_M124_B","R_M124","R53","Turf_rock","Turf","Turf_rock","Turf","Coral_reef","Eilat_IUI","North_Red_Sea","North_Red_Sea_Autumn","Autumn",NA,"no_data",NA,NA,NA
"R-M125-B","R_M125_B","R_M125","R53","Turf_rock","Turf","Turf_rock","Turf","Coral_reef","Eilat_IUI","North_Red_Sea","North_Red_Sea_Autumn","Autumn",NA,"no_data",NA,NA,NA
"R-M126-B","R_M126_B","R_M126","R53","Turf_rock","Turf","Turf_rock","Turf","Coral_reef","Eilat_IUI","North_Red_Sea","North_Red_Sea_Autumn","Autumn",NA,"no_data",NA,NA,NA
"R-M130-B","R_M130_B","R_M130","R52","Turf_rock","Turf","Turf_rock","Turf","North_beach","Eilat_north_beach","North_Red_Sea","North_Red_Sea_Autumn","Autumn",NA,"no_data",NA,NA,NA
"R-W088-B","R_W088_B","R_W088","R50","Water","Water","Water","Water","Coral_reef","Eilat_IUI","North_Red_Sea","North_Red_Sea_Autumn","Autumn",NA,"no_data",NA,NA,NA
"R-W090-B","R_W090_B","R_W090","R50","Water","Water","Water","Water","Coral_reef","Eilat_IUI","North_Red_Sea","North_Red_Sea_Autumn","Autumn",NA,"no_data",NA,NA,NA
"R-W094-B","R_W094_B","R_W094","R52","Water","Water","Water","Water","North_beach","Eilat_north_beach","North_Red_Sea","North_Red_Sea_Autumn","Autumn",NA,"no_data",NA,NA,NA
"R-W095-B","R_W095_B","R_W095","R52","Water","Water","Water","Water","North_beach","Eilat_north_beach","North_Red_Sea","North_Red_Sea_Autumn","Autumn",NA,"no_data",NA,NA,NA
"R-W096-B","R_W096_B","R_W096","R52","Water","Water","Water","Water","North_beach","Eilat_north_beach","North_Red_Sea","North_Red_Sea_Autumn","Autumn",NA,"no_data",NA,NA,NA
"R-W100-B","R_W100_B","R_W100","R53","Water","Water","Water","Water","Coral_reef","Eilat_IUI","North_Red_Sea","North_Red_Sea_Autumn","Autumn",NA,"no_data",NA,NA,NA
"R-W101-B","R_W101_B","R_W101","R53","Water","Water","Water","Water","Coral_reef","Eilat_IUI","North_Red_Sea","North_Red_Sea_Autumn","Autumn",NA,"no_data",NA,NA,NA
"R-W102-B","R_W102_B","R_W102","R53","Water","Water","Water","Water","Coral_reef","Eilat_IUI","North_Red_Sea","North_Red_Sea_Autumn","Autumn",NA,"no_data",NA,NA,NA
"G-B107-B","G_B107_B","G_B107","G84","Sediment","Sediment","Sediment","Sediment","Hersonissos","Hersonissos","Northern_Crete","Northern_Crete_Spring","Spring",NA,"no_data",NA,NA,NA
"G-B108-B","G_B108_B","G_B108","G84","Sediment","Sediment","Sediment","Sediment","Hersonissos","Hersonissos","Northern_Crete","Northern_Crete_Spring","Spring",NA,"no_data",NA,NA,NA
"G-B109-B","G_B109_B","G_B109","G84","Sediment","Sediment","Sediment","Sediment","Hersonissos","Hersonissos","Northern_Crete","Northern_Crete_Spring","Spring",NA,"no_data",NA,NA,NA
"G-B114-B","G_B114_B","G_B114","G88","Sediment","Sediment","Sediment","Sediment","Kokkini_Hani","Kokkini_Hani","Northern_Crete","Northern_Crete_Spring","Spring",NA,"no_data",NA,NA,NA
"G-B117-B","G_B117_B","G_B117","G88","Sediment","Sediment","Sediment","Sediment","Kokkini_Hani","Kokkini_Hani","Northern_Crete","Northern_Crete_Spring","Spring",NA,"no_data",NA,NA,NA
"G-B118-B","G_B118_B","G_B118","G88","Sediment","Sediment","Sediment","Sediment","Kokkini_Hani","Kokkini_Hani","Northern_Crete","Northern_Crete_Spring","Spring",NA,"no_data",NA,NA,NA
"G-B121-B","G_B121_B","G_B121","G91","Sediment","Sediment","Sediment","Sediment","Kokkini_Hani","Kokkini_Hani","Northern_Crete","Northern_Crete_Spring","Spring",NA,"no_data",NA,NA,NA
"G-B123-B","G_B123_B","G_B123","G91","Sediment","Sediment","Sediment","Sediment","Kokkini_Hani","Kokkini_Hani","Northern_Crete","Northern_Crete_Spring","Spring",NA,"no_data",NA,NA,NA
"G-B124-B","G_B124_B","G_B124","G91","Sediment","Sediment","Sediment","Sediment","Kokkini_Hani","Kokkini_Hani","Northern_Crete","Northern_Crete_Spring","Spring",NA,"no_data",NA,NA,NA
"G-B125-B","G_B125_B","G_B125","G91","Sediment","Sediment","Sediment","Sediment","Kokkini_Hani","Kokkini_Hani","Northern_Crete","Northern_Crete_Spring","Spring",NA,"no_data",NA,NA,NA
"G-F612-B","G_F612_B","G_F612","G83","Siganus_rivulatus","Fish","Siganus_rivulatus","Siganus_rivulatus","Hersonissos","Hersonissos","Northern_Crete","Northern_Crete_Spring","Spring",91,"[100,200]","female_without_eggs_inf_1g","full",154
"G-F615-B","G_F615_B","G_F615","G83","Siganus_rivulatus","Fish","Siganus_rivulatus","Siganus_rivulatus","Hersonissos","Hersonissos","Northern_Crete","Northern_Crete_Spring","Spring",71,"[100,200]","female_inf_1g","full",153
"G-F617-B","G_F617_B","G_F617","G84","Siganus_rivulatus","Fish","Siganus_rivulatus","Siganus_rivulatus","Hersonissos","Hersonissos","Northern_Crete","Northern_Crete_Spring","Spring",122,"[100,200]","huge_female_with_eggs_yellow_11g","full",187
"G-F618-B","G_F618_B","G_F618","G84","Siganus_rivulatus","Fish","Siganus_rivulatus","Siganus_rivulatus","Hersonissos","Hersonissos","Northern_Crete","Northern_Crete_Spring","Spring",84,"[100,200]","male_immature_inf_1g","full",145
"G-F620-B","G_F620_B","G_F620","G84","Siganus_rivulatus","Fish","Siganus_rivulatus","Siganus_rivulatus","Hersonissos","Hersonissos","Northern_Crete","Northern_Crete_Spring","Spring",76,"[100,200]","male","full",146
"G-F622-B","G_F622_B","G_F622","G84","Siganus_rivulatus","Fish","Siganus_rivulatus","Siganus_rivulatus","Hersonissos","Hersonissos","Northern_Crete","Northern_Crete_Spring","Spring",85,"[100,200]","female_with_eggs_3g","full",149
"G-F623-B","G_F623_B","G_F623","G84","Siganus_rivulatus","Fish","Siganus_rivulatus","Siganus_rivulatus","Hersonissos","Hersonissos","Northern_Crete","Northern_Crete_Spring","Spring",124,"[100,200]","mature_male_2g","full",183
"G-F625-B","G_F625_B","G_F625","G84","Siganus_rivulatus","Fish","Siganus_rivulatus","Siganus_rivulatus","Hersonissos","Hersonissos","Northern_Crete","Northern_Crete_Spring","Spring",123,"[100,200]","male","full",183
"G-F631-B","G_F631_B","G_F631","G86","Siganus_luridus","Fish","Siganus_luridus","Siganus_luridus","Hersonissos","Hersonissos","Northern_Crete","Northern_Crete_Spring","Spring",61,"[100,200]","female",NA,134
"G-F632-B","G_F632_B","G_F632","G86","Siganus_rivulatus","Fish","Siganus_rivulatus","Siganus_rivulatus","Hersonissos","Hersonissos","Northern_Crete","Northern_Crete_Spring","Spring",118,"[100,200]","male_12g","first_and_filled_last_quarter",173
"G-F633-B","G_F633_B","G_F633","G86","Siganus_luridus","Fish","Siganus_luridus","Siganus_luridus","Hersonissos","Hersonissos","Northern_Crete","Northern_Crete_Spring","Spring",77,"[100,200]",NA,"full",132
"G-F634-B","G_F634_B","G_F634","G86","Siganus_luridus","Fish","Siganus_luridus","Siganus_luridus","Hersonissos","Hersonissos","Northern_Crete","Northern_Crete_Spring","Spring",61,"[100,200]","male","full",122
"G-F635-B","G_F635_B","G_F635","G86","Siganus_luridus","Fish","Siganus_luridus","Siganus_luridus","Hersonissos","Hersonissos","Northern_Crete","Northern_Crete_Spring","Spring",77,"[100,200]",NA,"full",143
"G-F636-B","G_F636_B","G_F636","G86","Siganus_luridus","Fish","Siganus_luridus","Siganus_luridus","Hersonissos","Hersonissos","Northern_Crete","Northern_Crete_Spring","Spring",66,"[100,200]","female","full",125
"G-F642-B","G_F642_B","G_F642","G86","Siganus_rivulatus","Fish","Siganus_rivulatus","Siganus_rivulatus","Hersonissos","Hersonissos","Northern_Crete","Northern_Crete_Spring","Spring",183,"> 200","female_white_vascularized_2g","full",220
"G-F645-B","G_F645_B","G_F645","G86","Siganus_rivulatus","Fish","Siganus_rivulatus","Siganus_rivulatus","Hersonissos","Hersonissos","Northern_Crete","Northern_Crete_Spring","Spring",52,"[100,200]","male_inf_1g","full",128
"G-F647-B","G_F647_B","G_F647","G86","Siganus_luridus","Fish","Siganus_luridus","Siganus_luridus","Hersonissos","Hersonissos","Northern_Crete","Northern_Crete_Spring","Spring",74,"[100,200]","male_vascularized_sex_to_check","full",129
"G-F665-B","G_F665_B","G_F665","G87","Siganus_rivulatus","Fish","Siganus_rivulatus","Siganus_rivulatus","Kokkini_Hani","Kokkini_Hani","Northern_Crete","Northern_Crete_Spring","Spring",162,"[100,200]","female_with_eggs_5g","full",184
"G-F666-B","G_F666_B","G_F666","G87","Siganus_rivulatus","Fish","Siganus_rivulatus","Siganus_rivulatus","Kokkini_Hani","Kokkini_Hani","Northern_Crete","Northern_Crete_Spring","Spring",109,"[100,200]","female_with_eggs_inf_1g","full",174
"G-F667-B","G_F667_B","G_F667","G87","Siganus_rivulatus","Fish","Siganus_rivulatus","Siganus_rivulatus","Kokkini_Hani","Kokkini_Hani","Northern_Crete","Northern_Crete_Spring","Spring",112,"[100,200]","female_without_eggs_vascularized_3g",NA,172
"G-F669-B","G_F669_B","G_F669","G87","Siganus_rivulatus","Fish","Siganus_rivulatus","Siganus_rivulatus","Kokkini_Hani","Kokkini_Hani","Northern_Crete","Northern_Crete_Spring","Spring",56,"[100,200]","male_inf_1g",NA,130
"G-F670-B","G_F670_B","G_F670","G87","Siganus_rivulatus","Fish","Siganus_rivulatus","Siganus_rivulatus","Kokkini_Hani","Kokkini_Hani","Northern_Crete","Northern_Crete_Spring","Spring",44,"[100,200]","immature_inf_0.5g",NA,122
"G-F674-B","G_F674_B","G_F674","G87","Siganus_rivulatus","Fish","Siganus_rivulatus","Siganus_rivulatus","Kokkini_Hani","Kokkini_Hani","Northern_Crete","Northern_Crete_Spring","Spring",35,"[100,200]","female_immature_transparent_gonads",NA,115
"G-F675-B","G_F675_B","G_F675","G87","Siganus_rivulatus","Fish","Siganus_rivulatus","Siganus_rivulatus","Kokkini_Hani","Kokkini_Hani","Northern_Crete","Northern_Crete_Spring","Spring",82,"[100,200]","female_inf_1g",NA,153
"G-F676-B","G_F676_B","G_F676","G87","Siganus_rivulatus","Fish","Siganus_rivulatus","Siganus_rivulatus","Kokkini_Hani","Kokkini_Hani","Northern_Crete","Northern_Crete_Spring","Spring",99,"[100,200]","male_4g",NA,164
"G-F686-B","G_F686_B","G_F686","G91","Siganus_rivulatus","Fish","Siganus_rivulatus","Siganus_rivulatus","Kokkini_Hani","Kokkini_Hani","Northern_Crete","Northern_Crete_Spring","Spring",40,"[100,200]",NA,"full",124
"G-F687-B","G_F687_B","G_F687","G91","Siganus_rivulatus","Fish","Siganus_rivulatus","Siganus_rivulatus","Kokkini_Hani","Kokkini_Hani","Northern_Crete","Northern_Crete_Spring","Spring",94,"[100,200]","female","full",153
"G-F690-B","G_F690_B","G_F690","G91","Siganus_rivulatus","Fish","Siganus_rivulatus","Siganus_rivulatus","Kokkini_Hani","Kokkini_Hani","Northern_Crete","Northern_Crete_Spring","Spring",62,"[100,200]","male","full",135
"G-F709-B","G_F709_B","G_F709","G94","Siganus_rivulatus","Fish","Siganus_rivulatus","Siganus_rivulatus","Hersonissos","Hersonissos","Northern_Crete","Northern_Crete_Spring","Spring",145,"[100,200]","female","full",185
"G-F723-B","G_F723_B","G_F723","G93","Siganus_rivulatus","Fish","Siganus_rivulatus","Siganus_rivulatus","Bali","Bali","Northern_Crete","Northern_Crete_Spring","Spring",95,"[100,200]","F_well_vascularised","filled_last_quarter",176
"G-F724-B","G_F724_B","G_F724","G93","Siganus_rivulatus","Fish","Siganus_rivulatus","Siganus_rivulatus","Bali","Bali","Northern_Crete","Northern_Crete_Spring","Spring",77,"[100,200]","M","filled_last_quarter",153
"G-F725-B","G_F725_B","G_F725","G93","Siganus_rivulatus","Fish","Siganus_rivulatus","Siganus_rivulatus","Bali","Bali","Northern_Crete","Northern_Crete_Spring","Spring",91,"[100,200]","M","filled_last_quarter",174
"G-F726-B","G_F726_B","G_F726","G93","Siganus_luridus","Fish","Siganus_luridus","Siganus_luridus","Bali","Bali","Northern_Crete","Northern_Crete_Spring","Spring",64,"[100,200]","F_yellow_well_vascularized","filled_last_quarter",136
"G-F727-B","G_F727_B","G_F727","G93","Siganus_luridus","Fish","Siganus_luridus","Siganus_luridus","Bali","Bali","Northern_Crete","Northern_Crete_Spring","Spring",90,"[100,200]","M","filled_last_quarter",145
"G-F728-B","G_F728_B","G_F728","G93","Siganus_luridus","Fish","Siganus_luridus","Siganus_luridus","Bali","Bali","Northern_Crete","Northern_Crete_Spring","Spring",96,"[100,200]","F_yellow_well_vascularized","almost_full",145
"G-F729-B","G_F729_B","G_F729","G93","Siganus_luridus","Fish","Siganus_luridus","Siganus_luridus","Bali","Bali","Northern_Crete","Northern_Crete_Spring","Spring",89,"[100,200]","M","first_and_filled_last_quarter",142
"G-F730-B","G_F730_B","G_F730","G93","Siganus_luridus","Fish","Siganus_luridus","Siganus_luridus","Bali","Bali","Northern_Crete","Northern_Crete_Spring","Spring",74,"[100,200]","F","second_and_filled_last_quarter",138
"G-F731-B","G_F731_B","G_F731","G93","Siganus_rivulatus","Fish","Siganus_rivulatus","Siganus_rivulatus","Bali","Bali","Northern_Crete","Northern_Crete_Spring","Spring",104,"[100,200]","M","filled_last_quarter",176
"G-M191-B","G_M191_B","G_M191","G84","Dictyota_fasciola","Algae","Brown_algae","Algae","Hersonissos","Hersonissos","Northern_Crete","Northern_Crete_Spring","Spring",NA,"no_data",NA,NA,NA
"G-M192-B","G_M192_B","G_M192","G84","Dictyota_fasciola","Algae","Brown_algae","Algae","Hersonissos","Hersonissos","Northern_Crete","Northern_Crete_Spring","Spring",NA,"no_data",NA,NA,NA
"G-M194-B","G_M194_B","G_M194","G84","Padina_pavonica","Algae","Brown_algae","Algae","Hersonissos","Hersonissos","Northern_Crete","Northern_Crete_Spring","Spring",NA,"no_data",NA,NA,NA
"G-M195-B","G_M195_B","G_M195","G84","Padina_pavonica","Algae","Brown_algae","Algae","Hersonissos","Hersonissos","Northern_Crete","Northern_Crete_Spring","Spring",NA,"no_data",NA,NA,NA
"G-M198-B","G_M198_B","G_M198","G84","Posidonia_oceanica","Seagrass","Seagrass_posidonia","Seagrass","Hersonissos","Hersonissos","Northern_Crete","Northern_Crete_Spring","Spring",NA,"no_data",NA,NA,NA
"G-M199-B","G_M199_B","G_M199","G84","Posidonia_oceanica","Seagrass","Seagrass_posidonia","Seagrass","Hersonissos","Hersonissos","Northern_Crete","Northern_Crete_Spring","Spring",NA,"no_data",NA,NA,NA
"G-M200-B","G_M200_B","G_M200","G84","Posidonia_oceanica","Seagrass","Seagrass_posidonia","Seagrass","Hersonissos","Hersonissos","Northern_Crete","Northern_Crete_Spring","Spring",NA,"no_data",NA,NA,NA
"G-M201-B","G_M201_B","G_M201","G84","Callithamnion_tetricum","Algae","Red_algae","Algae","Hersonissos","Hersonissos","Northern_Crete","Northern_Crete_Spring","Spring",NA,"no_data",NA,NA,NA
"G-M202-B","G_M202_B","G_M202","G84","Callithamnion_tetricum","Algae","Red_algae","Algae","Hersonissos","Hersonissos","Northern_Crete","Northern_Crete_Spring","Spring",NA,"no_data",NA,NA,NA
"G-M203-B","G_M203_B","G_M203","G84","Callithamnion_tetricum","Algae","Red_algae","Algae","Hersonissos","Hersonissos","Northern_Crete","Northern_Crete_Spring","Spring",NA,"no_data",NA,NA,NA
"G-M204-B","G_M204_B","G_M204","G86","Laurencia_obtusa","Algae","Red_algae","Algae","Hersonissos","Hersonissos","Northern_Crete","Northern_Crete_Spring","Spring",NA,"no_data",NA,NA,NA
"G-M206-B","G_M206_B","G_M206","G86","Laurencia_obtusa","Algae","Red_algae","Algae","Hersonissos","Hersonissos","Northern_Crete","Northern_Crete_Spring","Spring",NA,"no_data",NA,NA,NA
"G-M207-B","G_M207_B","G_M207","G86","Jania_virgata","Algae","Red_algae","Algae","Hersonissos","Hersonissos","Northern_Crete","Northern_Crete_Spring","Spring",NA,"no_data",NA,NA,NA
"G-M208-B","G_M208_B","G_M208","G86","Jania_virgata","Algae","Red_algae","Algae","Hersonissos","Hersonissos","Northern_Crete","Northern_Crete_Spring","Spring",NA,"no_data",NA,NA,NA
"G-M210-B","G_M210_B","G_M210","G86","Jania_virgata","Algae","Red_algae","Algae","Hersonissos","Hersonissos","Northern_Crete","Northern_Crete_Spring","Spring",NA,"no_data",NA,NA,NA
"G-M212-B","G_M212_B","G_M212","G86","Laurencia_obtusa","Algae","Red_algae","Algae","Hersonissos","Hersonissos","Northern_Crete","Northern_Crete_Spring","Spring",NA,"no_data",NA,NA,NA
"G-M213-B","G_M213_B","G_M213","G86","Laurencia_obtusa","Algae","Red_algae","Algae","Hersonissos","Hersonissos","Northern_Crete","Northern_Crete_Spring","Spring",NA,"no_data",NA,NA,NA
"G-M220-B","G_M220_B","G_M220","G88","Jania_virgata","Algae","Red_algae","Algae","Kokkini_Hani","Kokkini_Hani","Northern_Crete","Northern_Crete_Spring","Spring",NA,"no_data",NA,NA,NA
"G-M222-B","G_M222_B","G_M222","G88","Jania_virgata","Algae","Red_algae","Algae","Kokkini_Hani","Kokkini_Hani","Northern_Crete","Northern_Crete_Spring","Spring",NA,"no_data",NA,NA,NA
"G-M223-B","G_M223_B","G_M223","G88","Jania_virgata","Algae","Red_algae","Algae","Kokkini_Hani","Kokkini_Hani","Northern_Crete","Northern_Crete_Spring","Spring",NA,"no_data",NA,NA,NA
"G-M228-B","G_M228_B","G_M228","G88","Padina_pavonica","Algae","Brown_algae","Algae","Kokkini_Hani","Kokkini_Hani","Northern_Crete","Northern_Crete_Spring","Spring",NA,"no_data",NA,NA,NA
"G-M229-B","G_M229_B","G_M229","G88","Padina_pavonica","Algae","Brown_algae","Algae","Kokkini_Hani","Kokkini_Hani","Northern_Crete","Northern_Crete_Spring","Spring",NA,"no_data",NA,NA,NA
"G-M231-B","G_M231_B","G_M231","G88","Padina_pavonica","Algae","Brown_algae","Algae","Kokkini_Hani","Kokkini_Hani","Northern_Crete","Northern_Crete_Spring","Spring",NA,"no_data",NA,NA,NA
"G-M233-B","G_M233_B","G_M233","G88","Posidonia_oceanica","Seagrass","Seagrass_posidonia","Seagrass","Kokkini_Hani","Kokkini_Hani","Northern_Crete","Northern_Crete_Spring","Spring",NA,"no_data",NA,NA,NA
"G-M234-B","G_M234_B","G_M234","G88","Posidonia_oceanica","Seagrass","Seagrass_posidonia","Seagrass","Kokkini_Hani","Kokkini_Hani","Northern_Crete","Northern_Crete_Spring","Spring",NA,"no_data",NA,NA,NA
"G-M235-B","G_M235_B","G_M235","G88","Posidonia_oceanica","Seagrass","Seagrass_posidonia","Seagrass","Kokkini_Hani","Kokkini_Hani","Northern_Crete","Northern_Crete_Spring","Spring",NA,"no_data",NA,NA,NA
"G-M236-B","G_M236_B","G_M236","G88","Turf_rock","Turf","Turf_rock","Turf","Kokkini_Hani","Kokkini_Hani","Northern_Crete","Northern_Crete_Spring","Spring",NA,"no_data",NA,NA,NA
"G-M237-B","G_M237_B","G_M237","G88","Turf_rock","Turf","Turf_rock","Turf","Kokkini_Hani","Kokkini_Hani","Northern_Crete","Northern_Crete_Spring","Spring",NA,"no_data",NA,NA,NA
"G-M238-B","G_M238_B","G_M238","G88","Turf_rock","Turf","Turf_rock","Turf","Kokkini_Hani","Kokkini_Hani","Northern_Crete","Northern_Crete_Spring","Spring",NA,"no_data",NA,NA,NA
"G-M239-B","G_M239_B","G_M239","G88","Dictyota_fasciola","Algae","Brown_algae","Algae","Kokkini_Hani","Kokkini_Hani","Northern_Crete","Northern_Crete_Spring","Spring",NA,"no_data",NA,NA,NA
"G-M243-B","G_M243_B","G_M243","G88","Cystoseira_crinita","Algae","Brown_algae","Algae","Kokkini_Hani","Kokkini_Hani","Northern_Crete","Northern_Crete_Spring","Spring",NA,"no_data",NA,NA,NA
"G-M244-B","G_M244_B","G_M244","G88","Cystoseira_crinita","Algae","Brown_algae","Algae","Kokkini_Hani","Kokkini_Hani","Northern_Crete","Northern_Crete_Spring","Spring",NA,"no_data",NA,NA,NA
"G-M245-B","G_M245_B","G_M245","G88","Cystoseira_crinita","Algae","Brown_algae","Algae","Kokkini_Hani","Kokkini_Hani","Northern_Crete","Northern_Crete_Spring","Spring",NA,"no_data",NA,NA,NA
"G-M246-B","G_M246_B","G_M246","G88","Cystoseira_crinita","Algae","Brown_algae","Algae","Kokkini_Hani","Kokkini_Hani","Northern_Crete","Northern_Crete_Spring","Spring",NA,"no_data",NA,NA,NA
"G-M247-B","G_M247_B","G_M247","G88","Laurencia_obtusa","Algae","Red_algae","Algae","Kokkini_Hani","Kokkini_Hani","Northern_Crete","Northern_Crete_Spring","Spring",NA,"no_data",NA,NA,NA
"G-M248-B","G_M248_B","G_M248","G88","Laurencia_obtusa","Algae","Red_algae","Algae","Kokkini_Hani","Kokkini_Hani","Northern_Crete","Northern_Crete_Spring","Spring",NA,"no_data",NA,NA,NA
"G-M250-B","G_M250_B","G_M250","G88","Bryopsis_spp","Algae","Green_algae","Algae","Kokkini_Hani","Kokkini_Hani","Northern_Crete","Northern_Crete_Spring","Spring",NA,"no_data",NA,NA,NA
"G-M251-B","G_M251_B","G_M251","G88","Bryopsis_spp","Algae","Green_algae","Algae","Kokkini_Hani","Kokkini_Hani","Northern_Crete","Northern_Crete_Spring","Spring",NA,"no_data",NA,NA,NA
"G-M252-B","G_M252_B","G_M252","G88","Bryopsis_spp","Algae","Green_algae","Algae","Kokkini_Hani","Kokkini_Hani","Northern_Crete","Northern_Crete_Spring","Spring",NA,"no_data",NA,NA,NA
"G-M253-B","G_M253_B","G_M253","G88","Bryopsis_spp","Algae","Green_algae","Algae","Kokkini_Hani","Kokkini_Hani","Northern_Crete","Northern_Crete_Spring","Spring",NA,"no_data",NA,NA,NA
"G-M254-B","G_M254_B","G_M254","G88","Cymodocea_nodosa","Seagrass","Seagrass","Seagrass","Kokkini_Hani","Kokkini_Hani","Northern_Crete","Northern_Crete_Spring","Spring",NA,"no_data",NA,NA,NA
"G-M255-B","G_M255_B","G_M255","G88","Cymodocea_nodosa","Seagrass","Seagrass","Seagrass","Kokkini_Hani","Kokkini_Hani","Northern_Crete","Northern_Crete_Spring","Spring",NA,"no_data",NA,NA,NA
"G-M256-B","G_M256_B","G_M256","G88","Cymodocea_nodosa","Seagrass","Seagrass","Seagrass","Kokkini_Hani","Kokkini_Hani","Northern_Crete","Northern_Crete_Spring","Spring",NA,"no_data",NA,NA,NA
"G-M261-B","G_M261_B","G_M261","G95","Dictyota_fasciola","Algae","Brown_algae","Algae","Bali","Bali","Northern_Crete","Northern_Crete_Spring","Spring",NA,"no_data",NA,NA,NA
"G-M263-B","G_M263_B","G_M263","G95","Dictyota_fasciola","Algae","Brown_algae","Algae","Bali","Bali","Northern_Crete","Northern_Crete_Spring","Spring",NA,"no_data",NA,NA,NA
"G-M265-B","G_M265_B","G_M265","G95","Turf_rock","Turf","Turf_rock","Turf","Bali","Bali","Northern_Crete","Northern_Crete_Spring","Spring",NA,"no_data",NA,NA,NA
"G-M266-B","G_M266_B","G_M266","G95","Turf_rock","Turf","Turf_rock","Turf","Bali","Bali","Northern_Crete","Northern_Crete_Spring","Spring",NA,"no_data",NA,NA,NA
"G-M267-B","G_M267_B","G_M267","G95","Turf_rock","Turf","Turf_rock","Turf","Bali","Bali","Northern_Crete","Northern_Crete_Spring","Spring",NA,"no_data",NA,NA,NA
"G-M269-B","G_M269_B","G_M269","G95","Callithamnion_tetricum","Algae","Red_algae","Algae","Bali","Bali","Northern_Crete","Northern_Crete_Spring","Spring",NA,"no_data",NA,NA,NA
"G-M270-B","G_M270_B","G_M270","G95","Callithamnion_tetricum","Algae","Red_algae","Algae","Bali","Bali","Northern_Crete","Northern_Crete_Spring","Spring",NA,"no_data",NA,NA,NA
"G-M272-B","G_M272_B","G_M272","G95","Callithamnion_tetricum","Algae","Red_algae","Algae","Bali","Bali","Northern_Crete","Northern_Crete_Spring","Spring",NA,"no_data",NA,NA,NA
"G-M274-B","G_M274_B","G_M274","G95","Posidonia_oceanica","Seagrass","Seagrass_posidonia","Seagrass","Bali","Bali","Northern_Crete","Northern_Crete_Spring","Spring",NA,"no_data",NA,NA,NA
"G-M275-B","G_M275_B","G_M275","G95","Posidonia_oceanica","Seagrass","Seagrass_posidonia","Seagrass","Bali","Bali","Northern_Crete","Northern_Crete_Spring","Spring",NA,"no_data",NA,NA,NA
"G-M276-B","G_M276_B","G_M276","G95","Posidonia_oceanica","Seagrass","Seagrass_posidonia","Seagrass","Bali","Bali","Northern_Crete","Northern_Crete_Spring","Spring",NA,"no_data",NA,NA,NA
"G-M283-B","G_M283_B","G_M283","G95","Padina_pavonica","Algae","Brown_algae","Algae","Bali","Bali","Northern_Crete","Northern_Crete_Spring","Spring",NA,"no_data",NA,NA,NA
"G-W151-B","G_W151_B","G_W151","G84","Water","Water","Water","Water","Hersonissos","Hersonissos","Northern_Crete","Northern_Crete_Spring","Spring",NA,"no_data",NA,NA,NA
"G-W159-B","G_W159_B","G_W159","G87","Water","Water","Water","Water","Kokkini_Hani","Kokkini_Hani","Northern_Crete","Northern_Crete_Spring","Spring",NA,"no_data",NA,NA,NA
"G-W162-B","G_W162_B","G_W162","G87","Water","Water","Water","Water","Kokkini_Hani","Kokkini_Hani","Northern_Crete","Northern_Crete_Spring","Spring",NA,"no_data",NA,NA,NA
"G-W163-B","G_W163_B","G_W163","G87","Water","Water","Water","Water","Kokkini_Hani","Kokkini_Hani","Northern_Crete","Northern_Crete_Spring","Spring",NA,"no_data",NA,NA,NA
"G-W165-B","G_W165_B","G_W165","G91","Water","Water","Water","Water","Kokkini_Hani","Kokkini_Hani","Northern_Crete","Northern_Crete_Spring","Spring",NA,"no_data",NA,NA,NA
"G-W167-B","G_W167_B","G_W167","G91","Water","Water","Water","Water","Kokkini_Hani","Kokkini_Hani","Northern_Crete","Northern_Crete_Spring","Spring",NA,"no_data",NA,NA,NA
"G-W173-B","G_W173_B","G_W173","G94","Water","Water","Water","Water","Hersonissos","Hersonissos","Northern_Crete","Northern_Crete_Spring","Spring",NA,"no_data",NA,NA,NA
"G-W174-B","G_W174_B","G_W174","G94","Water","Water","Water","Water","Hersonissos","Hersonissos","Northern_Crete","Northern_Crete_Spring","Spring",NA,"no_data",NA,NA,NA
"G-W175-B","G_W175_B","G_W175","G94","Water","Water","Water","Water","Hersonissos","Hersonissos","Northern_Crete","Northern_Crete_Spring","Spring",NA,"no_data",NA,NA,NA
"G-W179-B","G_W179_B","G_W179","G94","Water","Water","Water","Water","Hersonissos","Hersonissos","Northern_Crete","Northern_Crete_Spring","Spring",NA,"no_data",NA,NA,NA
"G-B153-B","G_B153_B","G_B153","G114","Sediment","Sediment","Sediment","Sediment","Kokkini_Hani","Kokkini_Hani","Northern_Crete","Northern_Crete_Autumn","Autumn",NA,"no_data",NA,NA,NA
"G-B155-B","G_B155_B","G_B155","G114","Sediment","Sediment","Sediment","Sediment","Kokkini_Hani","Kokkini_Hani","Northern_Crete","Northern_Crete_Autumn","Autumn",NA,"no_data",NA,NA,NA
"G-B158-B","G_B158_B","G_B158","G114","Sediment","Sediment","Sediment","Sediment","Kokkini_Hani","Kokkini_Hani","Northern_Crete","Northern_Crete_Autumn","Autumn",NA,"no_data",NA,NA,NA
"G-B159-B","G_B159_B","G_B159","G114","Sediment","Sediment","Sediment","Sediment","Kokkini_Hani","Kokkini_Hani","Northern_Crete","Northern_Crete_Autumn","Autumn",NA,"no_data",NA,NA,NA
"G-B165-B","G_B165_B","G_B165","G119","Sediment","Sediment","Sediment","Sediment","Hersonissos","Hersonissos","Northern_Crete","Northern_Crete_Autumn","Autumn",NA,"no_data",NA,NA,NA
"G-B166-B","G_B166_B","G_B166","G119","Sediment","Sediment","Sediment","Sediment","Hersonissos","Hersonissos","Northern_Crete","Northern_Crete_Autumn","Autumn",NA,"no_data",NA,NA,NA
"G-B167-B","G_B167_B","G_B167","G119","Sediment","Sediment","Sediment","Sediment","Hersonissos","Hersonissos","Northern_Crete","Northern_Crete_Autumn","Autumn",NA,"no_data",NA,NA,NA
"G-B169-B","G_B169_B","G_B169","G119","Sediment","Sediment","Sediment","Sediment","Hersonissos","Hersonissos","Northern_Crete","Northern_Crete_Autumn","Autumn",NA,"no_data",NA,NA,NA
"G-B170-B","G_B170_B","G_B170","G119","Sediment","Sediment","Sediment","Sediment","Hersonissos","Hersonissos","Northern_Crete","Northern_Crete_Autumn","Autumn",NA,"no_data",NA,NA,NA
"G-B172-B","G_B172_B","G_B172","G119","Sediment","Sediment","Sediment","Sediment","Hersonissos","Hersonissos","Northern_Crete","Northern_Crete_Autumn","Autumn",NA,"no_data",NA,NA,NA
"G-F1004-B","G_F1004_B","G_F1004","G121","Siganus_luridus","Fish","Siganus_luridus","Siganus_luridus","Psaromoura","Psaromoura","Northern_Crete","Northern_Crete_Autumn","Autumn",20,"[100,200]","immature",NA,103
"G-F1006-B","G_F1006_B","G_F1006","G121","Siganus_luridus","Fish","Siganus_luridus","Siganus_luridus","Psaromoura","Psaromoura","Northern_Crete","Northern_Crete_Autumn","Autumn",19,"[100,200]","immature","full",104
"G-F868-B","G_F868_B","G_F868","G110","Siganus_rivulatus","Fish","Siganus_rivulatus","Siganus_rivulatus","Kokkini_Hani","Kokkini_Hani","Northern_Crete","Northern_Crete_Autumn","Autumn",140,"[100,200]","immature","full",175
"G-F869-B","G_F869_B","G_F869","G110","Siganus_rivulatus","Fish","Siganus_rivulatus","Siganus_rivulatus","Kokkini_Hani","Kokkini_Hani","Northern_Crete","Northern_Crete_Autumn","Autumn",109,"[100,200]","immature","full",155
"G-F871-B","G_F871_B","G_F871","G110","Siganus_rivulatus","Fish","Siganus_rivulatus","Siganus_rivulatus","Kokkini_Hani","Kokkini_Hani","Northern_Crete","Northern_Crete_Autumn","Autumn",85,"[100,200]","immature","full",147
"G-F873-B","G_F873_B","G_F873","G110","Siganus_rivulatus","Fish","Siganus_rivulatus","Siganus_rivulatus","Kokkini_Hani","Kokkini_Hani","Northern_Crete","Northern_Crete_Autumn","Autumn",102,"[100,200]","immature","full",156
"G-F874-B","G_F874_B","G_F874","G110","Siganus_rivulatus","Fish","Siganus_rivulatus","Siganus_rivulatus","Kokkini_Hani","Kokkini_Hani","Northern_Crete","Northern_Crete_Autumn","Autumn",114,"[100,200]","immature","full",157
"G-F875-B","G_F875_B","G_F875","G110","Siganus_rivulatus","Fish","Siganus_rivulatus","Siganus_rivulatus","Kokkini_Hani","Kokkini_Hani","Northern_Crete","Northern_Crete_Autumn","Autumn",42,"[100,200]","immature","full",117
"G-F876-B","G_F876_B","G_F876","G110","Siganus_rivulatus","Fish","Siganus_rivulatus","Siganus_rivulatus","Kokkini_Hani","Kokkini_Hani","Northern_Crete","Northern_Crete_Autumn","Autumn",44,"[100,200]","immature","full",124
"G-F883-B","G_F883_B","G_F883","G110","Siganus_rivulatus","Fish","Siganus_rivulatus","Siganus_rivulatus","Kokkini_Hani","Kokkini_Hani","Northern_Crete","Northern_Crete_Autumn","Autumn",NA,"[100,200]","immature","full",135
"G-F885-B","G_F885_B","G_F885","G110","Siganus_rivulatus","Fish","Siganus_rivulatus","Siganus_rivulatus","Kokkini_Hani","Kokkini_Hani","Northern_Crete","Northern_Crete_Autumn","Autumn",51,"[100,200]","immature","full",126
"G-F886-B","G_F886_B","G_F886","G110","Siganus_rivulatus","Fish","Siganus_rivulatus","Siganus_rivulatus","Kokkini_Hani","Kokkini_Hani","Northern_Crete","Northern_Crete_Autumn","Autumn",56,"[100,200]","immature","full",135
"G-F887-B","G_F887_B","G_F887","G110","Siganus_rivulatus","Fish","Siganus_rivulatus","Siganus_rivulatus","Kokkini_Hani","Kokkini_Hani","Northern_Crete","Northern_Crete_Autumn","Autumn",82,"[100,200]","immature","full",114
"G-F899-B","G_F899_B","G_F899","G113","Siganus_rivulatus","Fish","Siganus_rivulatus","Siganus_rivulatus","Kokkini_Hani","Kokkini_Hani","Northern_Crete","Northern_Crete_Autumn","Autumn",69,"[100,200]","immature","full",127
"G-F901-B","G_F901_B","G_F901","G113","Siganus_rivulatus","Fish","Siganus_rivulatus","Siganus_rivulatus","Kokkini_Hani","Kokkini_Hani","Northern_Crete","Northern_Crete_Autumn","Autumn",85,"[100,200]","immature","full",140
"G-F913-B","G_F913_B","G_F913","G115","Siganus_rivulatus","Fish","Siganus_rivulatus","Siganus_rivulatus","Kokkini_Hani","Kokkini_Hani","Northern_Crete","Northern_Crete_Autumn","Autumn",NA,"[100,200]","immature","full",160
"G-F915-B","G_F915_B","G_F915","G115","Siganus_rivulatus","Fish","Siganus_rivulatus","Siganus_rivulatus","Kokkini_Hani","Kokkini_Hani","Northern_Crete","Northern_Crete_Autumn","Autumn",155,"> 200","regression_gonads","full",210
"G-F931-B","G_F931_B","G_F931","G117","Siganus_luridus","Fish","Siganus_luridus","Siganus_luridus","Hersonissos","Hersonissos","Northern_Crete","Northern_Crete_Autumn","Autumn",78,"[100,200]","little_male_gonads","fat_gut_full",132
"G-F933-B","G_F933_B","G_F933","G117","Siganus_rivulatus","Fish","Siganus_rivulatus","Siganus_rivulatus","Hersonissos","Hersonissos","Northern_Crete","Northern_Crete_Autumn","Autumn",79,"[100,200]","immature","fat_gut_full",150
"G-F934-B","G_F934_B","G_F934","G117","Siganus_rivulatus","Fish","Siganus_rivulatus","Siganus_rivulatus","Hersonissos","Hersonissos","Northern_Crete","Northern_Crete_Autumn","Autumn",46,"[100,200]","immature","full",127
"G-F941-B","G_F941_B","G_F941","G117","Siganus_rivulatus","Fish","Siganus_rivulatus","Siganus_rivulatus","Hersonissos","Hersonissos","Northern_Crete","Northern_Crete_Autumn","Autumn",113,"[100,200]","immature","fat_gut_full",160
"G-F942-B","G_F942_B","G_F942","G117","Siganus_rivulatus","Fish","Siganus_rivulatus","Siganus_rivulatus","Hersonissos","Hersonissos","Northern_Crete","Northern_Crete_Autumn","Autumn",99,"[100,200]","little_gonads","fat_gut_full",155
"G-F947-B","G_F947_B","G_F947","G117","Siganus_luridus","Fish","Siganus_luridus","Siganus_luridus","Hersonissos","Hersonissos","Northern_Crete","Northern_Crete_Autumn","Autumn",97,"[100,200]","little_gonads","full",182
"G-F953-B","G_F953_B","G_F953","G117","Siganus_luridus","Fish","Siganus_luridus","Siganus_luridus","Hersonissos","Hersonissos","Northern_Crete","Northern_Crete_Autumn","Autumn",93,"[100,200]","immature","full",170
"G-F954-B","G_F954_B","G_F954","G117","Siganus_luridus","Fish","Siganus_luridus","Siganus_luridus","Hersonissos","Hersonissos","Northern_Crete","Northern_Crete_Autumn","Autumn",81,"[100,200]","immature","full",165
"G-F958-B","G_F958_B","G_F958","G117","Siganus_luridus","Fish","Siganus_luridus","Siganus_luridus","Hersonissos","Hersonissos","Northern_Crete","Northern_Crete_Autumn","Autumn",133,"[100,200]","immature","full",186
"G-F959-B","G_F959_B","G_F959","G117","Siganus_luridus","Fish","Siganus_luridus","Siganus_luridus","Hersonissos","Hersonissos","Northern_Crete","Northern_Crete_Autumn","Autumn",108,"[100,200]","little_gonads_regressed","full",180
"G-F960-B","G_F960_B","G_F960","G117","Siganus_luridus","Fish","Siganus_luridus","Siganus_luridus","Hersonissos","Hersonissos","Northern_Crete","Northern_Crete_Autumn","Autumn",108,"[100,200]","immature","full",172
"G-F965-B","G_F965_B","G_F965","G119","Siganus_rivulatus","Fish","Siganus_rivulatus","Siganus_rivulatus","Hersonissos","Hersonissos","Northern_Crete","Northern_Crete_Autumn","Autumn",137,"[100,200]","immature","full",187
"G-F968-B","G_F968_B","G_F968","G120","Siganus_luridus","Fish","Siganus_luridus","Siganus_luridus","Hersonissos","Hersonissos","Northern_Crete","Northern_Crete_Autumn","Autumn",83,"[100,200]","immature","full",170
"G-F970-B","G_F970_B","G_F970","G120","Siganus_rivulatus","Fish","Siganus_rivulatus","Siganus_rivulatus","Hersonissos","Hersonissos","Northern_Crete","Northern_Crete_Autumn","Autumn",43,"[100,200]","immature","full",143
"G-F973-B","G_F973_B","G_F973","G120","Siganus_rivulatus","Fish","Siganus_rivulatus","Siganus_rivulatus","Hersonissos","Hersonissos","Northern_Crete","Northern_Crete_Autumn","Autumn",126,"[100,200]","immature","full",186
"G-F974-B","G_F974_B","G_F974","G120","Siganus_rivulatus","Fish","Siganus_rivulatus","Siganus_rivulatus","Hersonissos","Hersonissos","Northern_Crete","Northern_Crete_Autumn","Autumn",20,"[100,200]","immature","full",108
"G-F976-B","G_F976_B","G_F976","G120","Siganus_rivulatus","Fish","Siganus_rivulatus","Siganus_rivulatus","Hersonissos","Hersonissos","Northern_Crete","Northern_Crete_Autumn","Autumn",100,"[100,200]","immature","full",181
"G-F979-B","G_F979_B","G_F979","G120","Siganus_rivulatus","Fish","Siganus_rivulatus","Siganus_rivulatus","Hersonissos","Hersonissos","Northern_Crete","Northern_Crete_Autumn","Autumn",72,"[100,200]","immature","full",170
"G-F999-B","G_F999_B","G_F999","G121","Siganus_luridus","Fish","Siganus_luridus","Siganus_luridus","Psaromoura","Psaromoura","Northern_Crete","Northern_Crete_Autumn","Autumn",83,"[100,200]","immature","full",138
"G-M383-B","G_M383_B","G_M383","G114","Turf_rock","Turf","Turf_rock","Turf","Kokkini_Hani","Kokkini_Hani","Northern_Crete","Northern_Crete_Autumn","Autumn",NA,"no_data",NA,NA,NA
"G-M385-B","G_M385_B","G_M385","G114","Turf_rock","Turf","Turf_rock","Turf","Kokkini_Hani","Kokkini_Hani","Northern_Crete","Northern_Crete_Autumn","Autumn",NA,"no_data",NA,NA,NA
"G-M387-B","G_M387_B","G_M387","G114","Turf_rock","Turf","Turf_rock","Turf","Kokkini_Hani","Kokkini_Hani","Northern_Crete","Northern_Crete_Autumn","Autumn",NA,"no_data",NA,NA,NA
"G-M388-B","G_M388_B","G_M388","G114","Posidonia_oceanica","Seagrass","Seagrass_posidonia","Seagrass","Kokkini_Hani","Kokkini_Hani","Northern_Crete","Northern_Crete_Autumn","Autumn",NA,"no_data",NA,NA,NA
"G-M391-B","G_M391_B","G_M391","G114","Posidonia_oceanica","Seagrass","Seagrass_posidonia","Seagrass","Kokkini_Hani","Kokkini_Hani","Northern_Crete","Northern_Crete_Autumn","Autumn",NA,"no_data",NA,NA,NA
"G-M393-B","G_M393_B","G_M393","G114","Posidonia_oceanica","Seagrass","Seagrass_posidonia","Seagrass","Kokkini_Hani","Kokkini_Hani","Northern_Crete","Northern_Crete_Autumn","Autumn",NA,"no_data",NA,NA,NA
"G-M394-B","G_M394_B","G_M394","G114","Posidonia_oceanica","Seagrass","Seagrass_posidonia","Seagrass","Kokkini_Hani","Kokkini_Hani","Northern_Crete","Northern_Crete_Autumn","Autumn",NA,"no_data",NA,NA,NA
"G-M396-B","G_M396_B","G_M396","G114","Laurencia_obtusa","Algae","Red_algae","Algae","Kokkini_Hani","Kokkini_Hani","Northern_Crete","Northern_Crete_Autumn","Autumn",NA,"no_data",NA,NA,NA
"G-M401-B","G_M401_B","G_M401","G114","Padina_pavonica","Algae","Brown_algae","Algae","Kokkini_Hani","Kokkini_Hani","Northern_Crete","Northern_Crete_Autumn","Autumn",NA,"no_data",NA,NA,NA
"G-M402-B","G_M402_B","G_M402","G114","Padina_pavonica","Algae","Brown_algae","Algae","Kokkini_Hani","Kokkini_Hani","Northern_Crete","Northern_Crete_Autumn","Autumn",NA,"no_data",NA,NA,NA
"G-M405-B","G_M405_B","G_M405","G114","Padina_pavonica","Algae","Brown_algae","Algae","Kokkini_Hani","Kokkini_Hani","Northern_Crete","Northern_Crete_Autumn","Autumn",NA,"no_data",NA,NA,NA
"G-M408-B","G_M408_B","G_M408","G114","Jania_virgata","Algae","Red_algae","Algae","Kokkini_Hani","Kokkini_Hani","Northern_Crete","Northern_Crete_Autumn","Autumn",NA,"no_data",NA,NA,NA
"G-M414-B","G_M414_B","G_M414","G114","Turf_mat","Turf","Turf_mat","Turf","Kokkini_Hani","Kokkini_Hani","Northern_Crete","Northern_Crete_Autumn","Autumn",NA,"no_data",NA,NA,NA
"G-M416-B","G_M416_B","G_M416","G114","Turf_mat","Turf","Turf_mat","Turf","Kokkini_Hani","Kokkini_Hani","Northern_Crete","Northern_Crete_Autumn","Autumn",NA,"no_data",NA,NA,NA
"G-M417-B","G_M417_B","G_M417","G114","Turf_mat","Turf","Turf_mat","Turf","Kokkini_Hani","Kokkini_Hani","Northern_Crete","Northern_Crete_Autumn","Autumn",NA,"no_data",NA,NA,NA
"G-M418-B","G_M418_B","G_M418","G114","Turf_mat","Turf","Turf_mat","Turf","Kokkini_Hani","Kokkini_Hani","Northern_Crete","Northern_Crete_Autumn","Autumn",NA,"no_data",NA,NA,NA
"G-M420-B","G_M420_B","G_M420","G114","Cymodocea_nodosa","Seagrass","Seagrass_cymodocea","Seagrass","Kokkini_Hani","Kokkini_Hani","Northern_Crete","Northern_Crete_Autumn","Autumn",NA,"no_data",NA,NA,NA
"G-M422-B","G_M422_B","G_M422","G114","Cymodocea_nodosa","Seagrass","Seagrass_cymodocea","Seagrass","Kokkini_Hani","Kokkini_Hani","Northern_Crete","Northern_Crete_Autumn","Autumn",NA,"no_data",NA,NA,NA
"G-M423-B","G_M423_B","G_M423","G114","Cymodocea_nodosa","Seagrass","Seagrass_cymodocea","Seagrass","Kokkini_Hani","Kokkini_Hani","Northern_Crete","Northern_Crete_Autumn","Autumn",NA,"no_data",NA,NA,NA
"G-M424-B","G_M424_B","G_M424","G114","Cymodocea_nodosa","Seagrass","Seagrass_cymodocea","Seagrass","Kokkini_Hani","Kokkini_Hani","Northern_Crete","Northern_Crete_Autumn","Autumn",NA,"no_data",NA,NA,NA
"G-M431-B","G_M431_B","G_M431","G119","Posidonia_oceanica","Seagrass","Seagrass_posidonia","Seagrass","Hersonissos","Hersonissos","Northern_Crete","Northern_Crete_Autumn","Autumn",NA,"no_data",NA,NA,NA
"G-M436-B","G_M436_B","G_M436","G119","Cymodocea_nodosa","Seagrass","Seagrass_cymodocea","Seagrass","Hersonissos","Hersonissos","Northern_Crete","Northern_Crete_Autumn","Autumn",NA,"no_data",NA,NA,NA
"G-M438-B","G_M438_B","G_M438","G119","Cymodocea_nodosa","Seagrass","Seagrass_cymodocea","Seagrass","Hersonissos","Hersonissos","Northern_Crete","Northern_Crete_Autumn","Autumn",NA,"no_data",NA,NA,NA
"G-M441-B","G_M441_B","G_M441","G119","Cymodocea_nodosa","Seagrass","Seagrass_cymodocea","Seagrass","Hersonissos","Hersonissos","Northern_Crete","Northern_Crete_Autumn","Autumn",NA,"no_data",NA,NA,NA
"G-M442-B","G_M442_B","G_M442","G119","Laurencia_obtusa","Algae","Red_algae","Algae","Hersonissos","Hersonissos","Northern_Crete","Northern_Crete_Autumn","Autumn",NA,"no_data",NA,NA,NA
"G-M447-B","G_M447_B","G_M447","G119","Laurencia_obtusa","Algae","Red_algae","Algae","Hersonissos","Hersonissos","Northern_Crete","Northern_Crete_Autumn","Autumn",NA,"no_data",NA,NA,NA
"G-M450-B","G_M450_B","G_M450","G119","Jania_virgata","Algae","Red_algae","Algae","Hersonissos","Hersonissos","Northern_Crete","Northern_Crete_Autumn","Autumn",NA,"no_data",NA,NA,NA
"G-M453-B","G_M453_B","G_M453","G119","Jania_virgata","Algae","Red_algae","Algae","Hersonissos","Hersonissos","Northern_Crete","Northern_Crete_Autumn","Autumn",NA,"no_data",NA,NA,NA
"G-M454-B","G_M454_B","G_M454","G119","Turf_mat","Turf","Turf_mat","Turf","Hersonissos","Hersonissos","Northern_Crete","Northern_Crete_Autumn","Autumn",NA,"no_data",NA,NA,NA
"G-M455-B","G_M455_B","G_M455","G119","Turf_mat","Turf","Turf_mat","Turf","Hersonissos","Hersonissos","Northern_Crete","Northern_Crete_Autumn","Autumn",NA,"no_data",NA,NA,NA
"G-M456-B","G_M456_B","G_M456","G119","Turf_mat","Turf","Turf_mat","Turf","Hersonissos","Hersonissos","Northern_Crete","Northern_Crete_Autumn","Autumn",NA,"no_data",NA,NA,NA
"G-M458-B","G_M458_B","G_M458","G119","Turf_mat","Turf","Turf_mat","Turf","Hersonissos","Hersonissos","Northern_Crete","Northern_Crete_Autumn","Autumn",NA,"no_data",NA,NA,NA
"G-M459-B","G_M459_B","G_M459","G119","Turf_mat","Turf","Turf_mat","Turf","Hersonissos","Hersonissos","Northern_Crete","Northern_Crete_Autumn","Autumn",NA,"no_data",NA,NA,NA
"G-M460-B","G_M460_B","G_M460","G119","Turf_mat","Turf","Turf_mat","Turf","Hersonissos","Hersonissos","Northern_Crete","Northern_Crete_Autumn","Autumn",NA,"no_data",NA,NA,NA
"G-M467-B","G_M467_B","G_M467","G121","Turf_rock","Turf","Turf_rock","Turf","Psaromoura","Psaromoura","Northern_Crete","Northern_Crete_Autumn","Autumn",NA,"no_data",NA,NA,NA
"G-M469-B","G_M469_B","G_M469","G121","Turf_rock","Turf","Turf_rock","Turf","Psaromoura","Psaromoura","Northern_Crete","Northern_Crete_Autumn","Autumn",NA,"no_data",NA,NA,NA
"G-M470-B","G_M470_B","G_M470","G121","Turf_rock","Turf","Turf_rock","Turf","Psaromoura","Psaromoura","Northern_Crete","Northern_Crete_Autumn","Autumn",NA,"no_data",NA,NA,NA
"G-M471-B","G_M471_B","G_M471","G121","Turf_rock","Turf","Turf_rock","Turf","Psaromoura","Psaromoura","Northern_Crete","Northern_Crete_Autumn","Autumn",NA,"no_data",NA,NA,NA
"G-M476-B","G_M476_B","G_M476","G121","Posidonia_oceanica","Seagrass","Seagrass_posidonia","Seagrass","Psaromoura","Psaromoura","Northern_Crete","Northern_Crete_Autumn","Autumn",NA,"no_data",NA,NA,NA
"G-M477-B","G_M477_B","G_M477","G121","Posidonia_oceanica","Seagrass","Seagrass_posidonia","Seagrass","Psaromoura","Psaromoura","Northern_Crete","Northern_Crete_Autumn","Autumn",NA,"no_data",NA,NA,NA
"G-M478-B","G_M478_B","G_M478","G121","Posidonia_oceanica","Seagrass","Seagrass_posidonia","Seagrass","Psaromoura","Psaromoura","Northern_Crete","Northern_Crete_Autumn","Autumn",NA,"no_data",NA,NA,NA
"G-M479-B","G_M479_B","G_M479","G121","Posidonia_oceanica","Seagrass","Seagrass_posidonia","Seagrass","Psaromoura","Psaromoura","Northern_Crete","Northern_Crete_Autumn","Autumn",NA,"no_data",NA,NA,NA
"G-M480-B","G_M480_B","G_M480","G121","Posidonia_oceanica","Seagrass","Seagrass_posidonia","Seagrass","Psaromoura","Psaromoura","Northern_Crete","Northern_Crete_Autumn","Autumn",NA,"no_data",NA,NA,NA
"G-W201-B","G_W201_B","G_W201","G112","Water","Water","Water","Water","Kokkini_Hani","Kokkini_Hani","Northern_Crete","Northern_Crete_Autumn","Autumn",NA,"no_data",NA,NA,NA
"G-W206-B","G_W206_B","G_W206","G114","Water","Water","Water","Water","Kokkini_Hani","Kokkini_Hani","Northern_Crete","Northern_Crete_Autumn","Autumn",NA,"no_data",NA,NA,NA
"G-W215-B","G_W215_B","G_W215","G119","Water","Water","Water","Water","Hersonissos","Hersonissos","Northern_Crete","Northern_Crete_Autumn","Autumn",NA,"no_data",NA,NA,NA
"G-W216-B","G_W216_B","G_W216","G119","Water","Water","Water","Water","Hersonissos","Hersonissos","Northern_Crete","Northern_Crete_Autumn","Autumn",NA,"no_data",NA,NA,NA
"G-W217-B","G_W217_B","G_W217","G119","Water","Water","Water","Water","Hersonissos","Hersonissos","Northern_Crete","Northern_Crete_Autumn","Autumn",NA,"no_data",NA,NA,NA
"G-W219-B","G_W219_B","G_W219","G119","Water","Water","Water","Water","Hersonissos","Hersonissos","Northern_Crete","Northern_Crete_Autumn","Autumn",NA,"no_data",NA,NA,NA
"G-W220-B","G_W220_B","G_W220","G119","Water","Water","Water","Water","Hersonissos","Hersonissos","Northern_Crete","Northern_Crete_Autumn","Autumn",NA,"no_data",NA,NA,NA
"G-W229-B","G_W229_B","G_W229","G121","Water","Water","Water","Water","Psaromoura","Psaromoura","Northern_Crete","Northern_Crete_Autumn","Autumn",NA,"no_data",NA,NA,NA
"G-W231-B","G_W231_B","G_W231","G121","Water","Water","Water","Water","Psaromoura","Psaromoura","Northern_Crete","Northern_Crete_Autumn","Autumn",NA,"no_data",NA,NA,NA
"G-W232-B","G_W232_B","G_W232","G121","Water","Water","Water","Water","Psaromoura","Psaromoura","Northern_Crete","Northern_Crete_Autumn","Autumn",NA,"no_data",NA,NA,NA
